Age,BusinessTravel,DailyRate,Department,DistanceFromHome,Education,EducationField,EmployeeCount,EmployeeNumber,EnvironmentSatisfaction,Gender,HourlyRate,JobInvolvement,JobLevel,JobRole,JobSatisfaction,MaritalStatus,MonthlyIncome,MonthlyRate,NumCompaniesWorked,Over18,OverTime,PercentSalaryHike,PerformanceRating,RelationshipSatisfaction,StandardHours,StockOptionLevel,TotalWorkingYears,TrainingTimesLastYear,WorkLifeBalance,YearsAtCompany,YearsInCurrentRole,YearsSinceLastPromotion,YearsWithCurrManager,Attrition
41,0.14956855225311602,1102,0.2062780269058296,1,2,0.14686468646864687,1,1,2,0.14795918367346939,94,3,2,0.17484662576687046,4,0.2553191489361702,5993,19479,8,0.16122448979591836,0.30528846153846156,11,3,1,80,0,8,0,1,6,4,0,5,1
49,0.2490974729235817,279,0.1383975026014568,8,1,0.14686468646864687,1,2,3,0.17006802721088435,61,2,2,0.16095890410958943,2,0.12481426448736999,5130,24907,1,0.16122448979591836,0.10436432637571158,23,4,4,80,1,10,3,3,10,7,1,7,0
37,0.14956855225311602,1373,0.1383975026014568,2,2,0.13420118338933018,1,4,4,0.17006802721088435,92,2,1,0.23938223937897848,3,0.2553191489361702,2090,2396,6,0.16122448979591836,0.30528846153846156,15,3,2,80,0,7,3,3,0,0,0,0,1
33,0.2490974729235817,1392,0.1383975026014568,3,4,0.14686468646864687,1,5,4,0.14795918367346939,56,3,1,0.16095890410958943,3,0.12481426448736999,2909,23159,1,0.16122448979591836,0.30528846153846156,11,3,3,80,0,8,3,3,8,7,3,0,0
27,0.14956855225311602,591,0.1383975026014568,2,1,0.13577586206896552,1,7,1,0.17006802721088435,40,3,1,0.23938223937897848,2,0.12481426448736999,3468,16632,9,0.16122448979591836,0.10436432637571158,12,3,4,80,1,6,3,3,2,2,2,2,0
32,0.2490974729235817,1005,0.1383975026014568,2,2,0.14686468646864687,1,8,4,0.17006802721088435,79,3,1,0.23938223937897848,4,0.2553191489361702,3068,11864,0,0.16122448979591836,0.10436432637571158,13,3,3,80,0,8,2,2,7,7,3,6,0
59,0.14956855225311602,1324,0.1383975026014568,3,3,0.13577586206896552,1,10,3,0.14795918367346939,81,4,1,0.23938223937897848,1,0.12481426448736999,2670,9964,4,0.16122448979591836,0.30528846153846156,20,4,1,80,3,12,3,2,1,0,0,0,0
30,0.14956855225311602,1358,0.1383975026014568,24,1,0.14686468646864687,1,11,4,0.17006802721088435,67,3,1,0.23938223937897848,3,0.10091743119266336,2693,13335,1,0.16122448979591836,0.10436432637571158,22,4,2,80,1,1,2,3,1,0,0,0,0
38,0.2490974729235817,216,0.1383975026014568,23,3,0.14686468646864687,1,12,4,0.17006802721088435,44,2,3,0.06896586105729074,3,0.2553191489361702,9526,8787,0,0.16122448979591836,0.10436432637571158,21,4,2,80,0,10,2,3,9,7,1,8,0
36,0.14956855225311602,1299,0.1383975026014568,27,3,0.13577586206896552,1,13,3,0.17006802721088435,94,3,2,0.06870368828064846,3,0.12481426448736999,5237,16577,6,0.16122448979591836,0.10436432637571158,13,3,2,80,2,17,3,2,7,7,7,7,0
35,0.14956855225311602,809,0.1383975026014568,16,3,0.13577586206896552,1,14,1,0.17006802721088435,84,4,1,0.23938223937897848,2,0.12481426448736999,2426,16479,0,0.16122448979591836,0.10436432637571158,13,3,3,80,1,6,5,3,5,4,0,3,0
29,0.14956855225311602,153,0.1383975026014568,15,2,0.14686468646864687,1,15,4,0.14795918367346939,49,2,2,0.23938223937897848,3,0.2553191489361702,4193,12682,0,0.16122448979591836,0.30528846153846156,12,3,4,80,0,10,3,3,9,5,0,8,0
31,0.14956855225311602,670,0.1383975026014568,26,1,0.14686468646864687,1,16,1,0.17006802721088435,31,3,1,0.16095890410958943,3,0.10091743119266336,2911,15170,1,0.16122448979591836,0.10436432637571158,17,3,4,80,1,5,1,2,5,2,4,3,0
34,0.14956855225311602,1346,0.1383975026014568,19,2,0.13577586206896552,1,18,2,0.17006802721088435,93,3,1,0.23938223937897848,4,0.10091743119266336,2661,8758,0,0.16122448979591836,0.10436432637571158,11,3,3,80,1,3,2,3,2,2,1,2,0
28,0.14956855225311602,103,0.1383975026014568,24,3,0.14686468646864687,1,19,3,0.17006802721088435,50,2,1,0.23938223937897848,3,0.2553191489361702,2028,12947,5,0.16122448979591836,0.30528846153846156,14,3,2,80,0,6,4,3,4,2,0,3,1
29,0.14956855225311602,1389,0.1383975026014568,21,4,0.14686468646864687,1,20,2,0.14795918367346939,51,4,3,0.06896586105729074,1,0.10091743119266336,9980,10195,1,0.16122448979591836,0.10436432637571158,11,3,3,80,1,10,1,3,10,9,8,8,0
32,0.14956855225311602,334,0.1383975026014568,5,2,0.14686468646864687,1,21,1,0.17006802721088435,80,4,1,0.16095890410958943,2,0.10091743119266336,3298,15053,0,0.16122448979591836,0.30528846153846156,12,3,4,80,2,7,5,2,6,2,0,5,0
22,0.08000018359368788,1123,0.1383975026014568,16,2,0.13577586206896552,1,22,4,0.17006802721088435,96,4,1,0.23938223937897848,4,0.10091743119266336,2935,7324,1,0.16122448979591836,0.30528846153846156,13,3,2,80,2,1,2,2,1,0,0,0,0
53,0.14956855225311602,1219,0.2062780269058296,2,4,0.14686468646864687,1,23,1,0.14795918367346939,78,2,4,0.04905041685272943,4,0.12481426448736999,15427,22021,2,0.16122448979591836,0.10436432637571158,16,3,3,80,0,31,3,3,25,8,3,7,0
38,0.14956855225311602,371,0.1383975026014568,2,3,0.14686468646864687,1,24,4,0.17006802721088435,45,3,1,0.16095890410958943,4,0.2553191489361702,3944,4306,5,0.16122448979591836,0.30528846153846156,11,3,3,80,0,6,3,3,3,2,1,2,0
24,0.08000018359368788,673,0.1383975026014568,11,2,0.13420118338933018,1,26,1,0.14795918367346939,96,4,2,0.06896586105729074,3,0.10091743119266336,4011,8232,0,0.16122448979591836,0.10436432637571158,18,3,4,80,1,5,5,2,4,2,1,3,0
36,0.14956855225311602,1218,0.2062780269058296,9,4,0.14686468646864687,1,27,3,0.17006802721088435,82,2,1,0.3971571172349599,1,0.2553191489361702,3407,6986,7,0.16122448979591836,0.10436432637571158,23,4,2,80,0,10,4,3,5,3,0,3,1
34,0.14956855225311602,419,0.1383975026014568,7,4,0.14686468646864687,1,28,1,0.14795918367346939,53,3,3,0.02533683182797013,2,0.2553191489361702,11994,21293,0,0.16122448979591836,0.10436432637571158,11,3,3,80,0,13,4,3,12,6,2,11,0
21,0.14956855225311602,391,0.1383975026014568,15,2,0.14686468646864687,1,30,3,0.17006802721088435,96,3,1,0.16095890410958943,4,0.2553191489361702,1232,19281,1,0.16122448979591836,0.10436432637571158,14,3,4,80,0,0,6,3,0,0,0,0,0
34,0.14956855225311602,699,0.1383975026014568,6,1,0.13577586206896552,1,31,2,0.17006802721088435,83,3,1,0.16095890410958943,1,0.2553191489361702,2960,17102,2,0.16122448979591836,0.10436432637571158,11,3,3,80,0,8,2,3,4,2,1,3,1
53,0.14956855225311602,1282,0.1383975026014568,5,3,0.13420118338933018,1,32,3,0.14795918367346939,58,3,5,0.04905041685272943,3,0.10091743119266336,19094,10735,4,0.16122448979591836,0.10436432637571158,11,3,4,80,1,26,3,2,14,13,4,8,0
32,0.2490974729235817,1125,0.1383975026014568,16,1,0.14686468646864687,1,33,2,0.14795918367346939,72,1,1,0.16095890410958943,1,0.2553191489361702,3919,4681,1,0.16122448979591836,0.30528846153846156,22,4,2,80,0,10,5,3,10,2,6,7,1
42,0.14956855225311602,691,0.2062780269058296,8,4,0.22012573203437844,1,35,3,0.17006802721088435,48,3,2,0.17484662576687046,2,0.12481426448736999,6825,21173,0,0.16122448979591836,0.10436432637571158,11,3,4,80,1,10,2,3,9,7,4,2,0
44,0.14956855225311602,477,0.1383975026014568,7,4,0.13577586206896552,1,36,1,0.14795918367346939,42,2,3,0.06870368828064846,4,0.12481426448736999,10248,2094,3,0.16122448979591836,0.10436432637571158,14,3,4,80,1,24,4,3,22,6,5,17,0
46,0.14956855225311602,705,0.2062780269058296,2,4,0.22012573203437844,1,38,2,0.14795918367346939,83,3,5,0.04905041685272943,1,0.2553191489361702,18947,22822,3,0.16122448979591836,0.10436432637571158,12,3,4,80,0,22,2,2,2,2,2,1,0
33,0.14956855225311602,924,0.1383975026014568,2,3,0.13577586206896552,1,39,3,0.17006802721088435,78,3,1,0.23938223937897848,4,0.2553191489361702,2496,6670,4,0.16122448979591836,0.10436432637571158,11,3,4,80,0,7,3,3,1,1,0,0,0
44,0.14956855225311602,1459,0.1383975026014568,10,4,0.13420118338933018,1,40,4,0.17006802721088435,41,3,2,0.06870368828064846,4,0.12481426448736999,6465,19121,2,0.16122448979591836,0.30528846153846156,13,3,4,80,0,9,5,4,4,2,1,3,0
30,0.14956855225311602,125,0.1383975026014568,9,2,0.13577586206896552,1,41,4,0.17006802721088435,83,2,1,0.23938223937897848,3,0.2553191489361702,2206,16117,1,0.16122448979591836,0.10436432637571158,13,3,1,80,0,10,5,3,10,0,1,8,0
39,0.14956855225311602,895,0.2062780269058296,5,3,0.24242313209808733,1,42,4,0.17006802721088435,56,3,2,0.3971571172349599,4,0.12481426448736999,2086,3335,3,0.16122448979591836,0.10436432637571158,14,3,3,80,1,19,6,4,1,0,0,0,1
24,0.14956855225311602,813,0.1383975026014568,1,3,0.13577586206896552,1,45,2,0.17006802721088435,61,3,1,0.16095890410958943,4,0.12481426448736999,2293,3020,2,0.16122448979591836,0.30528846153846156,16,3,1,80,1,6,2,2,2,0,2,0,1
43,0.14956855225311602,1273,0.1383975026014568,2,2,0.13577586206896552,1,46,4,0.14795918367346939,72,4,1,0.16095890410958943,3,0.10091743119266336,2645,21923,1,0.16122448979591836,0.10436432637571158,12,3,4,80,2,6,3,2,5,3,1,4,0
50,0.14956855225311602,869,0.2062780269058296,3,2,0.22012573203437844,1,47,1,0.17006802721088435,86,2,1,0.3971571172349599,3,0.12481426448736999,2683,3810,1,0.16122448979591836,0.30528846153846156,14,3,3,80,0,3,2,3,3,2,0,2,1
35,0.14956855225311602,890,0.2062780269058296,2,3,0.22012573203437844,1,49,4,0.14795918367346939,97,3,1,0.3971571172349599,4,0.12481426448736999,2014,9687,1,0.16122448979591836,0.10436432637571158,13,3,1,80,0,2,3,3,2,2,2,2,0
36,0.14956855225311602,852,0.1383975026014568,5,4,0.14686468646864687,1,51,2,0.14795918367346939,82,2,1,0.16095890410958943,1,0.12481426448736999,3419,13072,9,0.16122448979591836,0.30528846153846156,14,3,4,80,1,6,3,4,1,1,0,0,0
33,0.2490974729235817,1141,0.2062780269058296,1,3,0.14686468646864687,1,52,3,0.14795918367346939,42,4,2,0.17484662576687046,1,0.12481426448736999,5376,3193,2,0.16122448979591836,0.10436432637571158,19,3,1,80,2,10,3,3,5,3,1,3,0
35,0.14956855225311602,464,0.1383975026014568,4,2,0.13420118338933018,1,53,3,0.17006802721088435,75,3,1,0.23938223937897848,4,0.10091743119266336,1951,10910,1,0.16122448979591836,0.10436432637571158,12,3,3,80,1,1,3,3,1,0,0,0,0
27,0.14956855225311602,1240,0.1383975026014568,2,4,0.14686468646864687,1,54,4,0.14795918367346939,33,3,1,0.23938223937897848,1,0.10091743119266336,2341,19715,1,0.16122448979591836,0.10436432637571158,13,3,4,80,1,1,6,3,1,0,0,0,0
26,0.14956855225311602,1357,0.1383975026014568,25,3,0.14686468646864687,1,55,1,0.17006802721088435,48,1,1,0.23938223937897848,3,0.2553191489361702,2293,10558,1,0.16122448979591836,0.10436432637571158,12,3,3,80,0,1,2,2,1,0,0,1,1
27,0.2490974729235817,994,0.2062780269058296,8,3,0.14686468646864687,1,56,4,0.17006802721088435,37,3,3,0.17484662576687046,3,0.2553191489361702,8726,2975,1,0.16122448979591836,0.10436432637571158,15,3,4,80,0,9,0,3,9,8,1,7,0
30,0.2490974729235817,721,0.1383975026014568,1,2,0.13577586206896552,1,57,3,0.14795918367346939,58,3,2,0.23938223937897848,4,0.2553191489361702,4011,10781,1,0.16122448979591836,0.10436432637571158,23,4,4,80,0,12,2,3,12,8,3,7,0
41,0.14956855225311602,1360,0.1383975026014568,12,3,0.24242313209808733,1,58,2,0.14795918367346939,49,3,5,0.02533683182797013,3,0.12481426448736999,19545,16280,1,0.16122448979591836,0.10436432637571158,12,3,4,80,0,23,0,3,22,15,15,8,1
34,0.08000018359368788,1065,0.2062780269058296,23,4,0.22012573203437844,1,60,2,0.17006802721088435,72,3,2,0.17484662576687046,3,0.2553191489361702,4568,10034,0,0.16122448979591836,0.10436432637571158,20,4,3,80,0,10,2,3,9,5,8,7,0
37,0.14956855225311602,408,0.1383975026014568,19,2,0.14686468646864687,1,61,2,0.17006802721088435,73,3,1,0.16095890410958943,2,0.12481426448736999,3022,10227,4,0.16122448979591836,0.10436432637571158,21,4,1,80,0,8,1,3,1,0,0,0,0
46,0.2490974729235817,1211,0.2062780269058296,5,4,0.22012573203437844,1,62,1,0.17006802721088435,98,3,2,0.17484662576687046,4,0.2553191489361702,5772,20445,4,0.16122448979591836,0.30528846153846156,21,4,3,80,0,14,4,3,9,6,0,8,0
35,0.14956855225311602,1229,0.1383975026014568,8,1,0.14686468646864687,1,63,4,0.17006802721088435,36,4,1,0.23938223937897848,4,0.12481426448736999,2269,4892,1,0.16122448979591836,0.10436432637571158,19,3,4,80,0,1,2,3,1,0,0,1,0
48,0.14956855225311602,626,0.1383975026014568,1,2,0.14686468646864687,1,64,1,0.17006802721088435,98,2,3,0.23938223937897848,3,0.2553191489361702,5381,19294,9,0.16122448979591836,0.30528846153846156,13,3,4,80,0,23,2,3,1,0,0,0,1
28,0.14956855225311602,1434,0.1383975026014568,5,4,0.24242313209808733,1,65,3,0.17006802721088435,50,3,1,0.23938223937897848,3,0.2553191489361702,3441,11179,1,0.16122448979591836,0.30528846153846156,13,3,3,80,0,2,3,2,2,2,2,2,1
44,0.14956855225311602,1488,0.2062780269058296,1,5,0.22012573203437844,1,68,2,0.14795918367346939,75,3,2,0.17484662576687046,1,0.10091743119266336,5454,4009,5,0.16122448979591836,0.30528846153846156,21,4,3,80,1,9,2,2,4,3,1,3,0
35,0.08000018359368788,1097,0.1383975026014568,11,2,0.13577586206896552,1,70,3,0.17006802721088435,79,2,3,0.06870368828064846,1,0.12481426448736999,9884,8302,2,0.16122448979591836,0.30528846153846156,13,3,3,80,1,10,3,3,4,0,2,3,0
26,0.14956855225311602,1443,0.2062780269058296,23,3,0.22012573203437844,1,72,3,0.14795918367346939,47,2,2,0.17484662576687046,4,0.12481426448736999,4157,21436,7,0.16122448979591836,0.30528846153846156,19,3,3,80,1,5,2,2,2,2,0,0,0
33,0.2490974729235817,515,0.1383975026014568,1,2,0.14686468646864687,1,73,1,0.14795918367346939,98,3,3,0.02533683182797013,4,0.2553191489361702,13458,15146,1,0.16122448979591836,0.30528846153846156,12,3,3,80,0,15,1,3,15,14,8,12,0
35,0.2490974729235817,853,0.2062780269058296,18,5,0.14686468646864687,1,74,2,0.17006802721088435,71,3,3,0.17484662576687046,1,0.12481426448736999,9069,11031,1,0.16122448979591836,0.10436432637571158,22,4,4,80,1,9,3,2,9,8,1,8,0
35,0.14956855225311602,1142,0.1383975026014568,23,4,0.13577586206896552,1,75,3,0.14795918367346939,30,3,1,0.23938223937897848,1,0.12481426448736999,4014,16002,3,0.16122448979591836,0.30528846153846156,15,3,3,80,1,4,3,3,2,2,2,2,0
31,0.14956855225311602,655,0.1383975026014568,7,4,0.14686468646864687,1,76,4,0.17006802721088435,48,3,2,0.23938223937897848,4,0.10091743119266336,5915,9528,3,0.16122448979591836,0.10436432637571158,22,4,4,80,1,10,3,2,7,7,1,7,0
37,0.14956855225311602,1115,0.1383975026014568,1,4,0.14686468646864687,1,77,1,0.17006802721088435,51,2,2,0.06896586105729074,3,0.10091743119266336,5993,2689,1,0.16122448979591836,0.10436432637571158,18,3,3,80,1,7,2,4,7,5,0,7,0
32,0.14956855225311602,427,0.1383975026014568,1,3,0.13577586206896552,1,78,1,0.17006802721088435,33,3,2,0.06896586105729074,4,0.12481426448736999,6162,10877,1,0.16122448979591836,0.30528846153846156,22,4,2,80,1,9,3,3,9,8,7,8,0
38,0.2490974729235817,653,0.1383975026014568,29,5,0.14686468646864687,1,79,4,0.14795918367346939,50,3,2,0.23938223937897848,4,0.2553191489361702,2406,5456,1,0.16122448979591836,0.10436432637571158,11,3,4,80,0,10,2,3,10,3,9,9,0
50,0.14956855225311602,989,0.1383975026014568,7,2,0.13577586206896552,1,80,2,0.14795918367346939,43,2,5,0.02533683182797013,3,0.10091743119266336,18740,16701,5,0.16122448979591836,0.30528846153846156,12,3,4,80,1,29,2,2,27,3,13,8,0
59,0.14956855225311602,1435,0.2062780269058296,25,3,0.14686468646864687,1,81,1,0.14795918367346939,99,3,3,0.17484662576687046,1,0.2553191489361702,7637,2354,7,0.16122448979591836,0.10436432637571158,11,3,4,80,0,28,3,2,21,16,7,9,0
36,0.14956855225311602,1223,0.1383975026014568,8,3,0.24242313209808733,1,83,3,0.14795918367346939,59,3,3,0.06870368828064846,3,0.10091743119266336,10096,8202,1,0.16122448979591836,0.10436432637571158,13,3,2,80,3,17,2,3,17,14,12,8,0
55,0.14956855225311602,836,0.1383975026014568,8,3,0.13577586206896552,1,84,4,0.14795918367346939,33,3,4,0.04905041685272943,3,0.10091743119266336,14756,19730,2,0.16122448979591836,0.30528846153846156,14,3,3,80,3,21,2,3,5,0,0,2,0
36,0.2490974729235817,1195,0.1383975026014568,11,3,0.14686468646864687,1,85,2,0.17006802721088435,95,2,2,0.06896586105729074,2,0.2553191489361702,6499,22656,1,0.16122448979591836,0.10436432637571158,13,3,3,80,0,6,3,3,6,5,0,3,0
45,0.14956855225311602,1339,0.1383975026014568,7,3,0.14686468646864687,1,86,2,0.17006802721088435,59,3,3,0.16095890410958943,1,0.10091743119266336,9724,18787,2,0.16122448979591836,0.10436432637571158,17,3,3,80,1,25,2,3,1,0,0,0,0
35,0.2490974729235817,664,0.1383975026014568,1,3,0.13577586206896552,1,88,2,0.17006802721088435,79,3,1,0.16095890410958943,1,0.12481426448736999,2194,5868,4,0.16122448979591836,0.10436432637571158,13,3,4,80,1,5,2,2,3,2,1,2,0
36,0.14956855225311602,318,0.1383975026014568,9,3,0.13577586206896552,1,90,4,0.17006802721088435,79,2,1,0.16095890410958943,3,0.12481426448736999,3388,21777,0,0.16122448979591836,0.30528846153846156,17,3,1,80,1,2,0,2,1,0,0,0,1
59,0.2490974729235817,1225,0.2062780269058296,1,1,0.14686468646864687,1,91,1,0.14795918367346939,57,2,2,0.17484662576687046,3,0.2553191489361702,5473,24668,7,0.16122448979591836,0.10436432637571158,11,3,4,80,0,20,2,2,4,3,1,3,0
29,0.14956855225311602,1328,0.1383975026014568,2,3,0.14686468646864687,1,94,3,0.17006802721088435,76,3,1,0.16095890410958943,2,0.12481426448736999,2703,4956,0,0.16122448979591836,0.10436432637571158,23,4,4,80,1,6,3,3,5,4,0,4,0
31,0.14956855225311602,1082,0.1383975026014568,1,4,0.13577586206896552,1,95,3,0.17006802721088435,87,3,1,0.16095890410958943,2,0.2553191489361702,2501,18775,1,0.16122448979591836,0.10436432637571158,17,3,2,80,0,1,4,3,1,1,1,0,0
32,0.14956855225311602,548,0.1383975026014568,1,3,0.14686468646864687,1,96,2,0.17006802721088435,66,3,2,0.16095890410958943,2,0.12481426448736999,6220,7346,1,0.16122448979591836,0.10436432637571158,17,3,2,80,2,10,3,3,10,4,0,9,0
36,0.14956855225311602,132,0.1383975026014568,6,3,0.14686468646864687,1,97,2,0.14795918367346939,55,4,1,0.23938223937897848,4,0.12481426448736999,3038,22002,3,0.16122448979591836,0.10436432637571158,12,3,2,80,0,5,3,3,1,0,0,0,0
31,0.14956855225311602,746,0.1383975026014568,8,4,0.14686468646864687,1,98,3,0.14795918367346939,61,3,2,0.06896586105729074,4,0.2553191489361702,4424,20682,1,0.16122448979591836,0.10436432637571158,23,4,4,80,0,11,2,3,11,7,1,8,0
35,0.14956855225311602,776,0.2062780269058296,1,4,0.22012573203437844,1,100,3,0.17006802721088435,32,2,2,0.17484662576687046,1,0.2553191489361702,4312,23016,0,0.16122448979591836,0.10436432637571158,14,3,2,80,0,16,2,3,15,13,2,8,0
45,0.14956855225311602,193,0.1383975026014568,6,4,0.13420118338933018,1,101,4,0.17006802721088435,52,3,3,0.02533683182797013,1,0.12481426448736999,13245,15067,4,0.16122448979591836,0.30528846153846156,14,3,2,80,0,17,3,4,0,0,0,0,0
37,0.14956855225311602,397,0.1383975026014568,7,4,0.13577586206896552,1,102,1,0.17006802721088435,30,3,3,0.02533683182797013,3,0.2553191489361702,13664,25258,4,0.16122448979591836,0.10436432637571158,13,3,1,80,0,16,3,4,5,2,0,2,0
46,0.14956855225311602,945,0.19008460036286423,5,2,0.13577586206896552,1,103,2,0.17006802721088435,80,3,2,0.22804546072229726,2,0.10091743119266336,5021,10425,8,0.16122448979591836,0.30528846153846156,22,4,4,80,1,16,2,3,4,2,0,2,0
30,0.14956855225311602,852,0.1383975026014568,1,1,0.14686468646864687,1,104,4,0.17006802721088435,55,2,2,0.23938223937897848,4,0.12481426448736999,5126,15998,1,0.16122448979591836,0.30528846153846156,12,3,3,80,2,10,1,2,10,8,3,0,0
35,0.14956855225311602,1214,0.1383975026014568,1,3,0.13577586206896552,1,105,2,0.17006802721088435,30,2,1,0.16095890410958943,3,0.2553191489361702,2859,26278,1,0.16122448979591836,0.10436432637571158,18,3,1,80,0,6,3,3,6,4,0,4,0
55,0.14956855225311602,111,0.2062780269058296,1,2,0.14686468646864687,1,106,1,0.17006802721088435,70,3,3,0.17484662576687046,4,0.12481426448736999,10239,18092,3,0.16122448979591836,0.10436432637571158,14,3,4,80,1,24,4,3,1,0,1,0,0
38,0.08000018359368788,573,0.1383975026014568,6,3,0.13577586206896552,1,107,2,0.14795918367346939,79,1,2,0.16095890410958943,4,0.10091743119266336,5329,15717,7,0.16122448979591836,0.30528846153846156,12,3,4,80,3,17,3,3,13,11,1,9,0
34,0.14956855225311602,1153,0.1383975026014568,1,2,0.13577586206896552,1,110,1,0.17006802721088435,94,3,2,0.06896586105729074,2,0.12481426448736999,4325,17736,1,0.16122448979591836,0.10436432637571158,15,3,3,80,0,5,2,3,5,2,1,3,0
56,0.14956855225311602,1400,0.1383975026014568,7,3,0.14686468646864687,1,112,4,0.17006802721088435,49,1,3,0.06896586105729074,4,0.2553191489361702,7260,21698,4,0.16122448979591836,0.10436432637571158,11,3,1,80,0,37,3,2,6,4,0,2,0
23,0.14956855225311602,541,0.2062780269058296,2,1,0.24242313209808733,1,113,3,0.17006802721088435,62,3,1,0.3971571172349599,1,0.10091743119266336,2322,9518,3,0.16122448979591836,0.10436432637571158,13,3,3,80,1,3,3,3,0,0,0,0,0
51,0.14956855225311602,432,0.1383975026014568,9,4,0.14686468646864687,1,116,4,0.17006802721088435,96,3,1,0.23938223937897848,4,0.12481426448736999,2075,18725,3,0.16122448979591836,0.10436432637571158,23,4,2,80,2,10,4,3,4,2,0,3,0
30,0.14956855225311602,288,0.1383975026014568,2,3,0.14686468646864687,1,117,3,0.17006802721088435,99,2,2,0.06870368828064846,4,0.12481426448736999,4152,15830,1,0.16122448979591836,0.10436432637571158,19,3,1,80,3,11,3,3,11,10,10,8,0
46,0.14956855225311602,669,0.2062780269058296,9,2,0.13577586206896552,1,118,3,0.17006802721088435,64,2,3,0.17484662576687046,4,0.2553191489361702,9619,13596,1,0.16122448979591836,0.10436432637571158,16,3,4,80,0,9,3,3,9,8,4,7,1
40,0.2490974729235817,530,0.1383975026014568,1,4,0.14686468646864687,1,119,3,0.17006802721088435,78,2,4,0.06870368828064846,2,0.12481426448736999,13503,14115,1,0.16122448979591836,0.10436432637571158,22,4,4,80,1,22,3,2,22,3,11,11,0
51,0.14956855225311602,632,0.2062780269058296,21,4,0.22012573203437844,1,120,3,0.17006802721088435,71,3,2,0.17484662576687046,4,0.2553191489361702,5441,8423,0,0.16122448979591836,0.30528846153846156,22,4,4,80,0,11,2,1,10,7,1,0,0
30,0.14956855225311602,1334,0.2062780269058296,4,2,0.13577586206896552,1,121,3,0.14795918367346939,63,2,2,0.17484662576687046,2,0.10091743119266336,5209,19760,1,0.16122448979591836,0.30528846153846156,12,3,2,80,3,11,4,2,11,8,2,7,0
46,0.2490974729235817,638,0.1383975026014568,1,3,0.13577586206896552,1,124,3,0.17006802721088435,40,2,3,0.06870368828064846,1,0.12481426448736999,10673,3142,2,0.16122448979591836,0.30528846153846156,13,3,3,80,1,21,5,2,10,9,9,5,0
32,0.14956855225311602,1093,0.2062780269058296,6,4,0.13577586206896552,1,125,2,0.17006802721088435,87,3,2,0.17484662576687046,3,0.2553191489361702,5010,24301,1,0.16122448979591836,0.10436432637571158,16,3,1,80,0,12,0,3,11,8,5,7,0
54,0.14956855225311602,1217,0.1383975026014568,2,4,0.24242313209808733,1,126,1,0.14795918367346939,60,3,3,0.02533683182797013,3,0.12481426448736999,13549,24001,9,0.16122448979591836,0.10436432637571158,12,3,1,80,1,16,5,1,4,3,0,3,0
24,0.14956855225311602,1353,0.2062780269058296,3,2,0.13420118338933018,1,128,1,0.14795918367346939,33,3,2,0.17484662576687046,3,0.12481426448736999,4999,17519,0,0.16122448979591836,0.10436432637571158,21,4,1,80,1,4,2,2,3,2,0,2,0
28,0.08000018359368788,120,0.2062780269058296,4,3,0.13577586206896552,1,129,2,0.17006802721088435,43,3,2,0.17484662576687046,3,0.12481426448736999,4221,8863,1,0.16122448979591836,0.10436432637571158,15,3,2,80,0,5,3,4,5,4,0,4,0
58,0.14956855225311602,682,0.2062780269058296,10,4,0.13577586206896552,1,131,4,0.17006802721088435,37,3,4,0.17484662576687046,3,0.2553191489361702,13872,24409,0,0.16122448979591836,0.10436432637571158,13,3,3,80,0,38,1,2,37,10,1,8,0
44,0.08000018359368788,489,0.1383975026014568,23,3,0.13577586206896552,1,132,2,0.17006802721088435,67,3,2,0.23938223937897848,2,0.12481426448736999,2042,25043,4,0.16122448979591836,0.10436432637571158,12,3,3,80,1,17,3,4,3,2,1,2,0
37,0.14956855225311602,807,0.19008460036286423,6,4,0.22673012399864786,1,133,3,0.17006802721088435,63,3,1,0.22804546072229726,1,0.10091743119266336,2073,23648,4,0.16122448979591836,0.30528846153846156,22,4,4,80,0,7,3,3,3,2,0,2,1
32,0.14956855225311602,827,0.1383975026014568,1,1,0.14686468646864687,1,134,4,0.17006802721088435,71,3,1,0.16095890410958943,1,0.2553191489361702,2956,15178,1,0.16122448979591836,0.10436432637571158,13,3,4,80,0,1,2,3,1,0,0,0,0
20,0.2490974729235817,871,0.1383975026014568,6,3,0.14686468646864687,1,137,4,0.14795918367346939,66,2,1,0.23938223937897848,4,0.2553191489361702,2926,19783,1,0.16122448979591836,0.30528846153846156,18,3,2,80,0,1,5,3,1,0,1,0,1
34,0.14956855225311602,665,0.1383975026014568,6,4,0.13420118338933018,1,138,1,0.14795918367346939,41,3,2,0.16095890410958943,3,0.2553191489361702,4809,12482,1,0.16122448979591836,0.10436432637571158,14,3,3,80,0,16,3,3,16,13,2,10,0
37,0.08000018359368788,1040,0.1383975026014568,2,2,0.14686468646864687,1,139,3,0.17006802721088435,100,2,2,0.06870368828064846,4,0.10091743119266336,5163,15850,5,0.16122448979591836,0.10436432637571158,14,3,4,80,1,17,2,4,1,0,0,0,0
59,0.08000018359368788,1420,0.19008460036286423,2,4,0.22673012399864786,1,140,3,0.14795918367346939,32,2,5,0.04905041685272943,4,0.12481426448736999,18844,21922,9,0.16122448979591836,0.10436432637571158,21,4,4,80,1,30,3,3,3,2,2,2,0
50,0.2490974729235817,1115,0.1383975026014568,1,3,0.14686468646864687,1,141,1,0.14795918367346939,73,3,5,0.02533683182797013,2,0.12481426448736999,18172,9755,3,0.16122448979591836,0.30528846153846156,19,3,1,80,0,28,1,2,8,3,0,7,0
25,0.14956855225311602,240,0.2062780269058296,5,3,0.22012573203437844,1,142,3,0.17006802721088435,46,2,2,0.17484662576687046,3,0.2553191489361702,5744,26959,1,0.16122448979591836,0.30528846153846156,11,3,4,80,0,6,1,3,6,4,0,3,1
25,0.14956855225311602,1280,0.1383975026014568,7,1,0.13577586206896552,1,143,4,0.17006802721088435,64,2,1,0.16095890410958943,4,0.12481426448736999,2889,26897,1,0.16122448979591836,0.10436432637571158,11,3,3,80,2,2,2,3,2,2,2,1,0
22,0.14956855225311602,534,0.1383975026014568,15,3,0.13577586206896552,1,144,2,0.14795918367346939,59,3,1,0.23938223937897848,4,0.2553191489361702,2871,23785,1,0.16122448979591836,0.10436432637571158,15,3,3,80,0,1,5,3,0,0,0,0,0
51,0.2490974729235817,1456,0.1383975026014568,1,4,0.13577586206896552,1,145,1,0.14795918367346939,30,2,3,0.06870368828064846,1,0.2553191489361702,7484,25796,3,0.16122448979591836,0.10436432637571158,20,4,3,80,0,23,1,2,13,12,12,8,0
34,0.2490974729235817,658,0.1383975026014568,7,3,0.14686468646864687,1,147,1,0.17006802721088435,66,1,2,0.23938223937897848,3,0.2553191489361702,6074,22887,1,0.16122448979591836,0.30528846153846156,24,4,4,80,0,9,3,3,9,7,0,6,1
54,0.08000018359368788,142,0.19008460036286423,26,3,0.22673012399864786,1,148,4,0.14795918367346939,30,4,4,0.04905041685272943,4,0.2553191489361702,17328,13871,2,0.16122448979591836,0.30528846153846156,12,3,3,80,0,23,3,3,5,3,4,4,0
24,0.14956855225311602,1127,0.1383975026014568,18,1,0.14686468646864687,1,150,2,0.17006802721088435,52,3,1,0.23938223937897848,3,0.12481426448736999,2774,13257,0,0.16122448979591836,0.10436432637571158,12,3,3,80,1,6,2,3,5,3,1,2,0
34,0.14956855225311602,1031,0.1383975026014568,6,4,0.14686468646864687,1,151,3,0.14795918367346939,45,2,2,0.16095890410958943,2,0.10091743119266336,4505,15000,6,0.16122448979591836,0.10436432637571158,15,3,3,80,1,12,3,3,1,0,0,0,0
37,0.14956855225311602,1189,0.2062780269058296,3,3,0.14686468646864687,1,152,3,0.17006802721088435,87,3,3,0.17484662576687046,4,0.2553191489361702,7428,14506,2,0.16122448979591836,0.10436432637571158,12,3,1,80,0,12,3,3,5,3,1,3,0
34,0.14956855225311602,1354,0.1383975026014568,5,3,0.13577586206896552,1,153,3,0.14795918367346939,45,2,3,0.04905041685272943,1,0.2553191489361702,11631,5615,2,0.16122448979591836,0.10436432637571158,12,3,4,80,0,14,6,3,11,10,5,8,0
36,0.2490974729235817,1467,0.2062780269058296,11,2,0.24242313209808733,1,154,2,0.14795918367346939,92,3,3,0.17484662576687046,4,0.12481426448736999,9738,22952,0,0.16122448979591836,0.10436432637571158,14,3,3,80,1,10,6,3,9,7,2,8,0
36,0.14956855225311602,922,0.1383975026014568,3,2,0.14686468646864687,1,155,1,0.14795918367346939,39,3,1,0.23938223937897848,4,0.10091743119266336,2835,2561,5,0.16122448979591836,0.10436432637571158,22,4,1,80,1,7,2,3,1,0,0,0,0
43,0.2490974729235817,394,0.2062780269058296,26,2,0.14686468646864687,1,158,3,0.17006802721088435,92,3,4,0.04905041685272943,4,0.12481426448736999,16959,19494,1,0.16122448979591836,0.30528846153846156,12,3,4,80,2,25,3,4,25,12,4,12,0
30,0.2490974729235817,1312,0.1383975026014568,23,3,0.14686468646864687,1,159,1,0.17006802721088435,96,1,1,0.16095890410958943,3,0.10091743119266336,2613,22310,1,0.16122448979591836,0.10436432637571158,25,4,3,80,3,10,2,2,10,7,0,9,0
33,0.08000018359368788,750,0.2062780269058296,22,2,0.22012573203437844,1,160,3,0.17006802721088435,95,3,2,0.17484662576687046,2,0.12481426448736999,6146,15480,0,0.16122448979591836,0.10436432637571158,13,3,1,80,1,8,2,4,7,7,0,7,0
56,0.14956855225311602,441,0.1383975026014568,14,4,0.14686468646864687,1,161,2,0.14795918367346939,72,3,1,0.16095890410958943,2,0.12481426448736999,4963,4510,9,0.16122448979591836,0.30528846153846156,18,3,1,80,3,7,2,3,5,4,4,3,1
51,0.14956855225311602,684,0.1383975026014568,6,3,0.14686468646864687,1,162,1,0.17006802721088435,51,3,5,0.02533683182797013,3,0.2553191489361702,19537,6462,7,0.16122448979591836,0.10436432637571158,13,3,3,80,0,23,5,3,20,18,15,15,0
31,0.14956855225311602,249,0.2062780269058296,6,4,0.14686468646864687,1,163,2,0.17006802721088435,76,1,2,0.17484662576687046,3,0.12481426448736999,6172,20739,4,0.16122448979591836,0.30528846153846156,18,3,2,80,0,12,3,2,7,7,7,7,1
26,0.14956855225311602,841,0.1383975026014568,6,3,0.13420118338933018,1,164,3,0.14795918367346939,46,2,1,0.16095890410958943,2,0.12481426448736999,2368,23300,1,0.16122448979591836,0.10436432637571158,19,3,3,80,0,5,3,2,5,4,4,3,0
58,0.14956855225311602,147,0.1383975026014568,23,4,0.13577586206896552,1,165,4,0.14795918367346939,94,3,3,0.06870368828064846,4,0.12481426448736999,10312,3465,1,0.16122448979591836,0.10436432637571158,12,3,4,80,1,40,3,2,40,10,15,6,1
19,0.14956855225311602,528,0.2062780269058296,22,1,0.22012573203437844,1,167,4,0.17006802721088435,50,3,1,0.3971571172349599,3,0.2553191489361702,1675,26820,1,0.16122448979591836,0.30528846153846156,19,3,4,80,0,0,2,2,0,0,0,0,1
22,0.14956855225311602,594,0.1383975026014568,2,1,0.24242313209808733,1,169,3,0.17006802721088435,100,3,1,0.23938223937897848,4,0.12481426448736999,2523,19299,0,0.16122448979591836,0.10436432637571158,14,3,3,80,1,3,2,3,2,1,2,1,0
49,0.14956855225311602,470,0.1383975026014568,20,4,0.13577586206896552,1,170,3,0.14795918367346939,96,3,2,0.06896586105729074,1,0.12481426448736999,6567,5549,1,0.16122448979591836,0.10436432637571158,14,3,3,80,0,16,2,2,15,11,5,11,0
43,0.2490974729235817,957,0.1383975026014568,28,3,0.13577586206896552,1,171,2,0.14795918367346939,72,4,1,0.16095890410958943,3,0.2553191489361702,4739,16090,4,0.16122448979591836,0.10436432637571158,12,3,4,80,0,18,2,3,3,2,1,2,0
50,0.2490974729235817,809,0.2062780269058296,12,3,0.22012573203437844,1,174,3,0.14795918367346939,77,3,3,0.17484662576687046,4,0.2553191489361702,9208,6645,4,0.16122448979591836,0.10436432637571158,11,3,4,80,0,16,3,3,2,2,2,1,0
31,0.14956855225311602,542,0.2062780269058296,20,3,0.14686468646864687,1,175,2,0.14795918367346939,71,1,2,0.17484662576687046,3,0.12481426448736999,4559,24788,3,0.16122448979591836,0.30528846153846156,11,3,3,80,1,4,2,3,2,2,2,2,1
41,0.14956855225311602,802,0.2062780269058296,9,1,0.14686468646864687,1,176,3,0.17006802721088435,96,3,3,0.17484662576687046,3,0.10091743119266336,8189,21196,3,0.16122448979591836,0.30528846153846156,13,3,3,80,1,12,2,3,9,7,0,7,0
26,0.14956855225311602,1355,0.19008460036286423,25,1,0.14686468646864687,1,177,3,0.14795918367346939,61,3,1,0.22804546072229726,3,0.12481426448736999,2942,8916,1,0.16122448979591836,0.10436432637571158,23,4,4,80,1,8,3,3,8,7,5,7,0
36,0.14956855225311602,216,0.1383975026014568,6,2,0.13577586206896552,1,178,2,0.17006802721088435,84,3,2,0.06896586105729074,2,0.10091743119266336,4941,2819,6,0.16122448979591836,0.10436432637571158,20,4,4,80,2,7,0,3,3,2,0,1,0
51,0.2490974729235817,1150,0.1383975026014568,8,4,0.14686468646864687,1,179,1,0.17006802721088435,53,1,3,0.06896586105729074,4,0.2553191489361702,10650,25150,2,0.16122448979591836,0.10436432637571158,15,3,4,80,0,18,2,3,4,2,0,3,1
39,0.14956855225311602,1329,0.2062780269058296,4,4,0.14686468646864687,1,182,4,0.14795918367346939,47,2,2,0.17484662576687046,3,0.12481426448736999,5902,14590,4,0.16122448979591836,0.10436432637571158,14,3,3,80,1,17,1,4,15,11,5,9,0
25,0.14956855225311602,959,0.2062780269058296,28,3,0.14686468646864687,1,183,1,0.17006802721088435,41,2,2,0.17484662576687046,3,0.12481426448736999,8639,24835,2,0.16122448979591836,0.10436432637571158,18,3,4,80,0,6,3,3,2,2,2,2,0
30,0.14956855225311602,1240,0.19008460036286423,9,3,0.22673012399864786,1,184,3,0.17006802721088435,48,3,2,0.22804546072229726,4,0.12481426448736999,6347,13982,0,0.16122448979591836,0.30528846153846156,19,3,4,80,0,12,2,1,11,9,4,7,0
32,0.14956855225311602,1033,0.1383975026014568,9,3,0.13577586206896552,1,190,1,0.14795918367346939,41,3,1,0.23938223937897848,1,0.2553191489361702,4200,10224,7,0.16122448979591836,0.10436432637571158,22,4,1,80,0,10,2,4,5,4,0,4,1
45,0.14956855225311602,1316,0.1383975026014568,29,3,0.13577586206896552,1,192,3,0.17006802721088435,83,3,1,0.16095890410958943,4,0.2553191489361702,3452,9752,5,0.16122448979591836,0.10436432637571158,13,3,2,80,0,9,2,2,6,5,0,3,0
38,0.14956855225311602,364,0.1383975026014568,3,5,0.24242313209808733,1,193,4,0.14795918367346939,32,3,2,0.16095890410958943,3,0.2553191489361702,4317,2302,3,0.16122448979591836,0.30528846153846156,20,4,2,80,0,19,2,3,3,2,2,2,0
30,0.14956855225311602,438,0.1383975026014568,18,3,0.14686468646864687,1,194,1,0.14795918367346939,75,3,1,0.16095890410958943,3,0.2553191489361702,2632,23910,1,0.16122448979591836,0.10436432637571158,14,3,3,80,0,5,4,2,5,4,0,4,0
32,0.2490974729235817,689,0.2062780269058296,9,2,0.13577586206896552,1,195,4,0.17006802721088435,35,1,2,0.17484662576687046,4,0.10091743119266336,4668,22812,0,0.16122448979591836,0.10436432637571158,17,3,4,80,3,9,2,4,8,7,0,7,0
30,0.14956855225311602,201,0.1383975026014568,5,3,0.24242313209808733,1,197,4,0.14795918367346939,84,3,1,0.16095890410958943,1,0.10091743119266336,3204,10415,5,0.16122448979591836,0.10436432637571158,14,3,4,80,1,8,3,3,3,2,2,2,0
30,0.14956855225311602,1427,0.1383975026014568,2,1,0.13577586206896552,1,198,2,0.17006802721088435,35,2,1,0.23938223937897848,4,0.2553191489361702,2720,11162,0,0.16122448979591836,0.10436432637571158,13,3,4,80,0,6,3,3,5,3,1,2,0
41,0.2490974729235817,857,0.1383975026014568,10,3,0.14686468646864687,1,199,4,0.17006802721088435,91,2,4,0.04905041685272943,1,0.10091743119266336,17181,12888,4,0.16122448979591836,0.10436432637571158,13,3,2,80,1,21,2,2,7,6,7,7,0
41,0.14956855225311602,933,0.1383975026014568,9,4,0.14686468646864687,1,200,3,0.17006802721088435,94,3,1,0.23938223937897848,1,0.12481426448736999,2238,6961,2,0.16122448979591836,0.10436432637571158,21,4,4,80,1,7,2,3,5,0,1,4,0
19,0.14956855225311602,1181,0.1383975026014568,3,1,0.13577586206896552,1,201,2,0.14795918367346939,79,3,1,0.23938223937897848,2,0.2553191489361702,1483,16102,1,0.16122448979591836,0.10436432637571158,14,3,4,80,0,1,3,3,1,0,0,0,0
40,0.2490974729235817,1395,0.1383975026014568,26,3,0.13577586206896552,1,202,2,0.14795918367346939,54,3,2,0.16095890410958943,2,0.10091743119266336,5605,8504,1,0.16122448979591836,0.10436432637571158,11,3,1,80,1,20,2,3,20,7,2,13,0
35,0.14956855225311602,662,0.2062780269058296,1,5,0.22012573203437844,1,204,3,0.17006802721088435,94,3,3,0.17484662576687046,2,0.12481426448736999,7295,11439,1,0.16122448979591836,0.10436432637571158,13,3,1,80,2,10,3,3,10,8,0,6,0
53,0.14956855225311602,1436,0.2062780269058296,6,2,0.22012573203437844,1,205,2,0.17006802721088435,34,3,2,0.3971571172349599,3,0.12481426448736999,2306,16047,2,0.16122448979591836,0.30528846153846156,20,4,4,80,1,13,3,1,7,7,4,5,0
45,0.14956855225311602,194,0.1383975026014568,9,3,0.14686468646864687,1,206,2,0.17006802721088435,60,3,2,0.23938223937897848,2,0.10091743119266336,2348,10901,8,0.16122448979591836,0.10436432637571158,18,3,3,80,1,20,2,1,17,9,0,15,0
32,0.2490974729235817,967,0.2062780269058296,8,3,0.22012573203437844,1,207,2,0.14795918367346939,43,3,3,0.17484662576687046,4,0.2553191489361702,8998,15589,1,0.16122448979591836,0.10436432637571158,14,3,4,80,0,9,2,3,9,8,3,7,0
29,0.08000018359368788,1496,0.1383975026014568,1,1,0.24242313209808733,1,208,4,0.17006802721088435,41,3,2,0.06896586105729074,3,0.12481426448736999,4319,26283,1,0.16122448979591836,0.10436432637571158,13,3,1,80,1,10,1,3,10,7,0,9,0
51,0.14956855225311602,1169,0.1383975026014568,7,4,0.13577586206896552,1,211,2,0.17006802721088435,34,2,2,0.06896586105729074,3,0.12481426448736999,6132,13983,2,0.16122448979591836,0.10436432637571158,17,3,3,80,0,10,2,3,1,0,0,0,0
58,0.14956855225311602,1145,0.1383975026014568,9,3,0.13577586206896552,1,214,2,0.14795918367346939,75,2,1,0.16095890410958943,2,0.12481426448736999,3346,11873,4,0.16122448979591836,0.30528846153846156,20,4,2,80,1,9,3,2,1,0,0,0,0
40,0.14956855225311602,630,0.2062780269058296,4,4,0.22012573203437844,1,215,3,0.17006802721088435,67,2,3,0.17484662576687046,4,0.12481426448736999,10855,8552,7,0.16122448979591836,0.10436432637571158,11,3,1,80,1,15,2,2,12,11,2,11,0
34,0.2490974729235817,303,0.2062780269058296,2,4,0.22012573203437844,1,216,3,0.14795918367346939,75,3,1,0.3971571172349599,3,0.12481426448736999,2231,11314,6,0.16122448979591836,0.10436432637571158,18,3,4,80,1,6,3,3,4,3,1,2,0
22,0.14956855225311602,1256,0.1383975026014568,19,1,0.13577586206896552,1,217,3,0.17006802721088435,80,3,1,0.16095890410958943,4,0.12481426448736999,2323,11992,1,0.16122448979591836,0.10436432637571158,24,4,1,80,2,2,6,3,2,2,2,2,0
27,0.08000018359368788,691,0.1383975026014568,9,3,0.13577586206896552,1,218,4,0.17006802721088435,57,3,1,0.16095890410958943,2,0.10091743119266336,2024,5970,6,0.16122448979591836,0.10436432637571158,18,3,4,80,1,6,1,1,2,2,2,2,0
28,0.14956855225311602,440,0.1383975026014568,21,3,0.13577586206896552,1,221,3,0.17006802721088435,42,3,1,0.16095890410958943,4,0.12481426448736999,2713,6672,1,0.16122448979591836,0.10436432637571158,11,3,3,80,1,5,2,1,5,2,0,2,0
57,0.14956855225311602,334,0.1383975026014568,24,2,0.14686468646864687,1,223,3,0.17006802721088435,83,4,3,0.06870368828064846,4,0.10091743119266336,9439,23402,3,0.16122448979591836,0.30528846153846156,16,3,2,80,1,12,2,1,5,3,1,4,0
27,0.08000018359368788,1450,0.1383975026014568,3,3,0.13577586206896552,1,224,3,0.17006802721088435,79,2,1,0.16095890410958943,3,0.10091743119266336,2566,25326,1,0.16122448979591836,0.30528846153846156,15,3,4,80,1,1,2,2,1,1,0,1,0
50,0.14956855225311602,1452,0.1383975026014568,11,3,0.14686468646864687,1,226,3,0.14795918367346939,53,3,5,0.04905041685272943,2,0.2553191489361702,19926,17053,3,0.16122448979591836,0.10436432637571158,15,3,2,80,0,21,5,3,5,4,4,4,0
41,0.14956855225311602,465,0.1383975026014568,14,3,0.14686468646864687,1,227,1,0.17006802721088435,56,3,1,0.16095890410958943,3,0.10091743119266336,2451,4609,4,0.16122448979591836,0.10436432637571158,12,3,1,80,1,13,2,3,9,8,1,8,0
30,0.14956855225311602,1339,0.2062780269058296,5,3,0.14686468646864687,1,228,2,0.14795918367346939,41,3,3,0.17484662576687046,4,0.12481426448736999,9419,8053,2,0.16122448979591836,0.10436432637571158,12,3,3,80,1,12,2,3,10,9,7,4,0
38,0.14956855225311602,702,0.2062780269058296,1,4,0.14686468646864687,1,230,1,0.14795918367346939,59,2,2,0.17484662576687046,4,0.2553191489361702,8686,12930,4,0.16122448979591836,0.10436432637571158,22,4,3,80,0,12,2,4,8,3,0,7,0
32,0.14956855225311602,120,0.1383975026014568,6,5,0.14686468646864687,1,231,3,0.17006802721088435,43,3,1,0.16095890410958943,3,0.2553191489361702,3038,12430,3,0.16122448979591836,0.10436432637571158,20,4,1,80,0,8,2,3,5,4,1,4,0
27,0.14956855225311602,1157,0.1383975026014568,17,3,0.24242313209808733,1,233,3,0.17006802721088435,51,3,1,0.16095890410958943,2,0.12481426448736999,3058,13364,0,0.16122448979591836,0.30528846153846156,16,3,4,80,1,6,3,2,5,2,1,1,0
19,0.2490974729235817,602,0.2062780269058296,1,1,0.24242313209808733,1,235,3,0.14795918367346939,100,1,1,0.3971571172349599,1,0.2553191489361702,2325,20989,0,0.16122448979591836,0.10436432637571158,21,4,1,80,0,1,5,4,0,0,0,0,1
36,0.2490974729235817,1480,0.1383975026014568,3,2,0.13577586206896552,1,238,4,0.17006802721088435,30,3,1,0.23938223937897848,2,0.2553191489361702,2088,15062,4,0.16122448979591836,0.10436432637571158,12,3,3,80,0,13,3,2,8,7,7,2,0
30,0.08000018359368788,111,0.1383975026014568,9,3,0.13577586206896552,1,239,3,0.17006802721088435,66,3,2,0.23938223937897848,1,0.10091743119266336,3072,11012,1,0.16122448979591836,0.10436432637571158,11,3,3,80,2,12,4,3,12,9,6,10,0
45,0.14956855225311602,1268,0.2062780269058296,4,2,0.14686468646864687,1,240,3,0.14795918367346939,30,3,2,0.17484662576687046,1,0.10091743119266336,5006,6319,4,0.16122448979591836,0.30528846153846156,11,3,1,80,1,9,3,4,5,4,0,3,0
56,0.14956855225311602,713,0.1383975026014568,8,3,0.14686468646864687,1,241,3,0.14795918367346939,67,3,1,0.16095890410958943,1,0.10091743119266336,4257,13939,4,0.16122448979591836,0.30528846153846156,18,3,3,80,1,19,3,3,2,2,2,2,0
33,0.14956855225311602,134,0.1383975026014568,2,3,0.14686468646864687,1,242,3,0.17006802721088435,90,3,1,0.16095890410958943,4,0.2553191489361702,2500,10515,0,0.16122448979591836,0.10436432637571158,14,3,1,80,0,4,2,4,3,1,0,2,0
19,0.14956855225311602,303,0.1383975026014568,2,3,0.14686468646864687,1,243,2,0.17006802721088435,47,2,1,0.23938223937897848,4,0.2553191489361702,1102,9241,1,0.16122448979591836,0.10436432637571158,22,4,3,80,0,1,3,2,1,0,1,0,1
46,0.14956855225311602,526,0.2062780269058296,1,2,0.22012573203437844,1,244,2,0.14795918367346939,92,3,3,0.17484662576687046,1,0.10091743119266336,10453,2137,1,0.16122448979591836,0.10436432637571158,25,4,3,80,3,24,2,3,24,13,15,7,0
38,0.14956855225311602,1380,0.1383975026014568,9,2,0.14686468646864687,1,245,3,0.14795918367346939,75,3,1,0.23938223937897848,4,0.2553191489361702,2288,6319,1,0.16122448979591836,0.10436432637571158,12,3,3,80,0,2,3,3,2,2,2,1,0
31,0.14956855225311602,140,0.1383975026014568,12,1,0.13577586206896552,1,246,3,0.14795918367346939,95,3,1,0.16095890410958943,4,0.12481426448736999,3929,6984,8,0.16122448979591836,0.30528846153846156,23,4,3,80,1,7,0,3,4,2,0,2,0
34,0.14956855225311602,629,0.1383975026014568,27,2,0.13577586206896552,1,247,4,0.14795918367346939,95,3,1,0.16095890410958943,2,0.2553191489361702,2311,5711,2,0.16122448979591836,0.10436432637571158,15,3,4,80,0,9,3,3,3,2,1,2,0
41,0.14956855225311602,1356,0.2062780269058296,20,2,0.22012573203437844,1,248,2,0.14795918367346939,70,3,1,0.3971571172349599,2,0.2553191489361702,3140,21728,1,0.16122448979591836,0.30528846153846156,22,4,4,80,0,4,5,2,4,3,0,2,1
50,0.14956855225311602,328,0.1383975026014568,1,3,0.13577586206896552,1,249,3,0.17006802721088435,86,2,1,0.23938223937897848,3,0.12481426448736999,3690,3425,2,0.16122448979591836,0.10436432637571158,15,3,4,80,1,5,2,2,3,2,0,2,0
53,0.14956855225311602,1084,0.1383975026014568,13,2,0.13577586206896552,1,250,4,0.14795918367346939,57,4,2,0.06896586105729074,1,0.10091743119266336,4450,26250,1,0.16122448979591836,0.10436432637571158,11,3,3,80,2,5,3,3,4,2,1,3,0
33,0.14956855225311602,931,0.1383975026014568,14,3,0.13577586206896552,1,252,4,0.14795918367346939,72,3,1,0.16095890410958943,2,0.12481426448736999,2756,4673,1,0.16122448979591836,0.10436432637571158,13,3,4,80,1,8,5,3,8,7,1,6,0
40,0.14956855225311602,989,0.1383975026014568,4,1,0.13577586206896552,1,253,4,0.14795918367346939,46,3,5,0.04905041685272943,3,0.12481426448736999,19033,6499,1,0.16122448979591836,0.10436432637571158,14,3,2,80,1,21,2,3,20,8,9,9,0
55,0.14956855225311602,692,0.1383975026014568,14,4,0.13577586206896552,1,254,3,0.17006802721088435,61,4,5,0.02533683182797013,2,0.2553191489361702,18722,13339,8,0.16122448979591836,0.10436432637571158,11,3,4,80,0,36,3,3,24,15,2,15,0
34,0.2490974729235817,1069,0.1383975026014568,2,1,0.14686468646864687,1,256,4,0.17006802721088435,45,2,2,0.06896586105729074,3,0.12481426448736999,9547,14074,1,0.16122448979591836,0.10436432637571158,17,3,3,80,0,10,2,2,10,9,1,9,0
51,0.14956855225311602,313,0.1383975026014568,3,3,0.13577586206896552,1,258,4,0.14795918367346939,98,3,4,0.06870368828064846,2,0.2553191489361702,13734,7192,3,0.16122448979591836,0.10436432637571158,18,3,3,80,0,21,6,3,7,7,1,0,0
52,0.14956855225311602,699,0.1383975026014568,1,4,0.14686468646864687,1,259,3,0.17006802721088435,65,2,5,0.04905041685272943,3,0.12481426448736999,19999,5678,0,0.16122448979591836,0.10436432637571158,14,3,1,80,1,34,5,3,33,18,11,9,0
27,0.14956855225311602,894,0.1383975026014568,9,3,0.13577586206896552,1,260,4,0.14795918367346939,99,3,1,0.16095890410958943,2,0.2553191489361702,2279,11781,1,0.16122448979591836,0.10436432637571158,16,3,4,80,0,7,2,2,7,7,0,3,0
35,0.14956855225311602,556,0.1383975026014568,23,2,0.14686468646864687,1,261,2,0.17006802721088435,50,2,2,0.06896586105729074,3,0.12481426448736999,5916,15497,3,0.16122448979591836,0.30528846153846156,13,3,1,80,0,8,1,3,1,0,0,1,1
43,0.08000018359368788,1344,0.1383975026014568,7,3,0.13577586206896552,1,262,4,0.17006802721088435,37,4,1,0.16095890410958943,4,0.10091743119266336,2089,5228,4,0.16122448979591836,0.10436432637571158,14,3,4,80,3,7,3,4,5,4,2,2,0
45,0.08000018359368788,1195,0.1383975026014568,2,2,0.13577586206896552,1,264,1,0.17006802721088435,65,2,4,0.04905041685272943,4,0.12481426448736999,16792,20462,9,0.16122448979591836,0.10436432637571158,23,4,4,80,1,22,1,3,20,8,11,8,0
37,0.14956855225311602,290,0.1383975026014568,21,3,0.14686468646864687,1,267,2,0.17006802721088435,65,4,1,0.16095890410958943,1,0.12481426448736999,3564,22977,1,0.16122448979591836,0.30528846153846156,12,3,1,80,1,8,3,2,8,7,1,7,0
35,0.2490974729235817,138,0.1383975026014568,2,3,0.13577586206896552,1,269,2,0.14795918367346939,37,3,2,0.23938223937897848,2,0.2553191489361702,4425,15986,5,0.16122448979591836,0.10436432637571158,11,3,4,80,0,10,5,3,6,2,1,2,0
42,0.08000018359368788,926,0.1383975026014568,21,2,0.13577586206896552,1,270,3,0.14795918367346939,36,3,2,0.06896586105729074,3,0.10091743119266336,5265,16439,2,0.16122448979591836,0.10436432637571158,16,3,2,80,1,11,5,3,5,3,0,2,0
38,0.14956855225311602,1261,0.1383975026014568,2,4,0.14686468646864687,1,271,4,0.17006802721088435,88,3,2,0.06896586105729074,3,0.12481426448736999,6553,7259,9,0.16122448979591836,0.10436432637571158,14,3,2,80,0,14,3,3,1,0,0,0,0
38,0.14956855225311602,1084,0.1383975026014568,29,3,0.24242313209808733,1,273,4,0.17006802721088435,54,3,2,0.06896586105729074,4,0.12481426448736999,6261,4185,3,0.16122448979591836,0.10436432637571158,18,3,1,80,1,9,3,1,7,7,1,7,0
27,0.2490974729235817,472,0.1383975026014568,1,1,0.24242313209808733,1,274,3,0.17006802721088435,60,2,2,0.06896586105729074,1,0.12481426448736999,4298,9679,5,0.16122448979591836,0.10436432637571158,19,3,3,80,1,6,1,3,2,2,2,0,0
49,0.08000018359368788,1002,0.1383975026014568,18,4,0.14686468646864687,1,275,4,0.17006802721088435,92,3,2,0.06896586105729074,4,0.10091743119266336,6804,23793,1,0.16122448979591836,0.30528846153846156,15,3,1,80,2,7,0,3,7,7,1,7,0
34,0.2490974729235817,878,0.1383975026014568,10,4,0.13577586206896552,1,277,4,0.17006802721088435,43,3,1,0.16095890410958943,3,0.10091743119266336,3815,5972,1,0.16122448979591836,0.30528846153846156,17,3,4,80,1,5,4,4,5,3,2,0,0
40,0.14956855225311602,905,0.1383975026014568,19,2,0.13577586206896552,1,281,3,0.17006802721088435,99,3,2,0.23938223937897848,4,0.12481426448736999,2741,16523,8,0.16122448979591836,0.30528846153846156,15,3,3,80,1,15,2,4,7,2,3,7,0
38,0.14956855225311602,1180,0.1383975026014568,29,1,0.13577586206896552,1,282,2,0.17006802721088435,70,3,2,0.06870368828064846,1,0.12481426448736999,6673,11354,7,0.16122448979591836,0.30528846153846156,19,3,2,80,0,17,2,3,1,0,0,0,1
29,0.14956855225311602,121,0.2062780269058296,27,3,0.22012573203437844,1,283,2,0.14795918367346939,35,3,3,0.17484662576687046,4,0.12481426448736999,7639,24525,1,0.16122448979591836,0.10436432637571158,22,4,4,80,3,10,3,2,10,4,1,9,1
22,0.14956855225311602,1136,0.1383975026014568,5,3,0.14686468646864687,1,284,4,0.17006802721088435,60,4,1,0.16095890410958943,2,0.10091743119266336,2328,12392,1,0.16122448979591836,0.30528846153846156,16,3,1,80,1,4,2,2,4,2,2,2,0
36,0.2490974729235817,635,0.1383975026014568,18,1,0.13577586206896552,1,286,2,0.14795918367346939,73,3,1,0.23938223937897848,4,0.2553191489361702,2153,7703,1,0.16122448979591836,0.10436432637571158,13,3,1,80,0,8,2,3,8,1,1,7,0
40,0.08000018359368788,1151,0.1383975026014568,9,5,0.14686468646864687,1,287,4,0.17006802721088435,63,2,2,0.06870368828064846,4,0.12481426448736999,4876,14242,9,0.16122448979591836,0.10436432637571158,14,3,4,80,1,5,5,1,3,2,0,2,0
46,0.14956855225311602,644,0.1383975026014568,1,4,0.13577586206896552,1,288,4,0.17006802721088435,97,3,3,0.06870368828064846,1,0.10091743119266336,9396,12368,7,0.16122448979591836,0.10436432637571158,16,3,3,80,1,17,3,3,4,2,0,3,0
32,0.14956855225311602,1045,0.2062780269058296,4,4,0.13577586206896552,1,291,4,0.17006802721088435,32,1,3,0.17484662576687046,4,0.12481426448736999,10400,25812,1,0.16122448979591836,0.10436432637571158,11,3,3,80,0,14,2,2,14,8,9,8,1
30,0.08000018359368788,829,0.1383975026014568,1,1,0.14686468646864687,1,292,3,0.17006802721088435,88,2,3,0.06896586105729074,3,0.2553191489361702,8474,20925,1,0.16122448979591836,0.10436432637571158,22,4,3,80,0,12,2,3,11,8,5,8,0
27,0.2490974729235817,1242,0.2062780269058296,20,3,0.14686468646864687,1,293,4,0.14795918367346939,90,3,2,0.17484662576687046,3,0.2553191489361702,9981,12916,1,0.16122448979591836,0.10436432637571158,14,3,4,80,0,7,2,3,7,7,0,7,0
51,0.14956855225311602,1469,0.1383975026014568,8,4,0.14686468646864687,1,296,2,0.17006802721088435,81,2,3,0.02533683182797013,2,0.12481426448736999,12490,15736,5,0.16122448979591836,0.10436432637571158,16,3,4,80,2,16,5,1,10,9,4,7,0
30,0.14956855225311602,1005,0.1383975026014568,3,3,0.24242313209808733,1,297,4,0.14795918367346939,88,3,1,0.16095890410958943,1,0.2553191489361702,2657,8556,5,0.16122448979591836,0.30528846153846156,11,3,3,80,0,8,5,3,5,2,0,4,1
41,0.14956855225311602,896,0.2062780269058296,6,3,0.14686468646864687,1,298,4,0.14795918367346939,75,3,3,0.04905041685272943,4,0.2553191489361702,13591,14674,3,0.16122448979591836,0.30528846153846156,18,3,3,80,0,16,3,3,1,0,0,0,0
30,0.2490974729235817,334,0.2062780269058296,26,4,0.22012573203437844,1,299,3,0.14795918367346939,52,2,2,0.17484662576687046,1,0.2553191489361702,6696,22967,5,0.16122448979591836,0.10436432637571158,15,3,3,80,0,9,5,2,6,3,0,1,1
29,0.14956855225311602,992,0.1383975026014568,1,3,0.24242313209808733,1,300,3,0.17006802721088435,85,3,1,0.16095890410958943,3,0.2553191489361702,2058,19757,0,0.16122448979591836,0.10436432637571158,14,3,4,80,0,7,1,2,6,2,1,5,1
45,0.08000018359368788,1052,0.2062780269058296,6,3,0.13577586206896552,1,302,4,0.14795918367346939,57,2,3,0.17484662576687046,4,0.2553191489361702,8865,16840,6,0.16122448979591836,0.10436432637571158,12,3,4,80,0,23,2,3,19,7,12,8,0
54,0.14956855225311602,1147,0.2062780269058296,3,3,0.22012573203437844,1,303,4,0.14795918367346939,52,3,2,0.17484662576687046,1,0.12481426448736999,5940,17011,2,0.16122448979591836,0.10436432637571158,14,3,4,80,1,16,4,3,6,2,0,5,0
36,0.14956855225311602,1396,0.1383975026014568,5,2,0.14686468646864687,1,304,4,0.17006802721088435,62,3,2,0.23938223937897848,2,0.2553191489361702,5914,9945,8,0.16122448979591836,0.10436432637571158,16,3,4,80,0,16,3,4,13,11,3,7,0
33,0.14956855225311602,147,0.1383975026014568,4,4,0.13577586206896552,1,305,3,0.14795918367346939,47,2,1,0.16095890410958943,2,0.12481426448736999,2622,13248,6,0.16122448979591836,0.10436432637571158,21,4,4,80,0,7,3,3,3,2,1,1,0
37,0.2490974729235817,663,0.1383975026014568,11,3,0.13420118338933018,1,306,2,0.17006802721088435,47,3,3,0.02533683182797013,4,0.10091743119266336,12185,10056,1,0.16122448979591836,0.30528846153846156,14,3,3,80,3,10,1,3,10,8,0,7,0
38,0.14956855225311602,119,0.2062780269058296,3,3,0.14686468646864687,1,307,1,0.17006802721088435,76,3,3,0.17484662576687046,3,0.10091743119266336,10609,9647,0,0.16122448979591836,0.10436432637571158,12,3,3,80,2,17,6,2,16,10,5,13,0
31,0.08000018359368788,979,0.1383975026014568,1,4,0.13577586206896552,1,308,3,0.17006802721088435,90,1,2,0.06896586105729074,3,0.12481426448736999,4345,4381,0,0.16122448979591836,0.10436432637571158,12,3,4,80,1,6,2,3,5,4,1,4,0
59,0.14956855225311602,142,0.1383975026014568,3,3,0.14686468646864687,1,309,3,0.17006802721088435,70,2,1,0.16095890410958943,4,0.12481426448736999,2177,8456,3,0.16122448979591836,0.10436432637571158,17,3,1,80,1,7,6,3,1,0,0,0,0
37,0.2490974729235817,319,0.2062780269058296,4,4,0.22012573203437844,1,311,1,0.17006802721088435,41,3,1,0.3971571172349599,4,0.10091743119266336,2793,2539,4,0.16122448979591836,0.10436432637571158,17,3,3,80,1,13,2,3,9,8,5,8,0
29,0.2490974729235817,1413,0.2062780269058296,1,1,0.13577586206896552,1,312,2,0.14795918367346939,42,3,3,0.17484662576687046,4,0.12481426448736999,7918,6599,1,0.16122448979591836,0.10436432637571158,14,3,4,80,1,11,5,3,11,10,4,1,0
35,0.2490974729235817,944,0.2062780269058296,1,3,0.22012573203437844,1,314,3,0.14795918367346939,92,3,3,0.17484662576687046,3,0.2553191489361702,8789,9096,1,0.16122448979591836,0.10436432637571158,14,3,1,80,0,10,3,4,10,7,0,8,0
29,0.14956855225311602,896,0.1383975026014568,18,1,0.13577586206896552,1,315,3,0.17006802721088435,86,2,1,0.16095890410958943,4,0.2553191489361702,2389,14961,1,0.16122448979591836,0.30528846153846156,13,3,3,80,0,4,3,2,4,3,0,1,1
52,0.14956855225311602,1323,0.1383975026014568,2,3,0.14686468646864687,1,316,3,0.14795918367346939,89,2,1,0.23938223937897848,4,0.2553191489361702,3212,3300,7,0.16122448979591836,0.10436432637571158,15,3,2,80,0,6,3,2,2,2,2,2,0
42,0.14956855225311602,532,0.1383975026014568,4,2,0.24242313209808733,1,319,3,0.17006802721088435,58,3,5,0.04905041685272943,4,0.12481426448736999,19232,4933,1,0.16122448979591836,0.10436432637571158,11,3,4,80,0,22,3,3,22,17,11,15,0
59,0.14956855225311602,818,0.19008460036286423,6,2,0.13577586206896552,1,321,2,0.17006802721088435,52,3,1,0.22804546072229726,3,0.12481426448736999,2267,25657,8,0.16122448979591836,0.10436432637571158,17,3,4,80,0,7,2,2,2,2,2,2,0
50,0.14956855225311602,854,0.2062780269058296,1,4,0.13577586206896552,1,323,4,0.14795918367346939,68,3,5,0.04905041685272943,4,0.10091743119266336,19517,24118,3,0.16122448979591836,0.10436432637571158,11,3,3,80,1,32,3,2,7,0,0,6,0
33,0.14956855225311602,813,0.1383975026014568,14,3,0.13577586206896552,1,325,3,0.17006802721088435,58,3,1,0.23938223937897848,4,0.12481426448736999,2436,22149,5,0.16122448979591836,0.30528846153846156,13,3,3,80,1,8,2,1,5,4,0,4,1
43,0.14956855225311602,1034,0.2062780269058296,16,3,0.22012573203437844,1,327,4,0.14795918367346939,80,3,4,0.04905041685272943,4,0.12481426448736999,16064,7744,5,0.16122448979591836,0.30528846153846156,22,4,3,80,1,22,3,3,17,13,1,9,0
33,0.14956855225311602,465,0.1383975026014568,2,2,0.14686468646864687,1,328,1,0.14795918367346939,39,3,1,0.23938223937897848,1,0.12481426448736999,2707,21509,7,0.16122448979591836,0.10436432637571158,20,4,1,80,0,13,3,4,9,7,1,7,1
52,0.08000018359368788,771,0.2062780269058296,2,4,0.14686468646864687,1,329,1,0.17006802721088435,79,2,5,0.04905041685272943,3,0.2553191489361702,19068,21030,1,0.16122448979591836,0.30528846153846156,18,3,4,80,0,33,2,4,33,7,15,12,0
32,0.14956855225311602,1401,0.2062780269058296,4,2,0.14686468646864687,1,330,3,0.14795918367346939,56,3,1,0.3971571172349599,2,0.12481426448736999,3931,20990,2,0.16122448979591836,0.10436432637571158,11,3,1,80,1,6,5,3,4,3,1,2,0
32,0.14956855225311602,515,0.1383975026014568,1,3,0.14686468646864687,1,331,4,0.17006802721088435,62,2,1,0.23938223937897848,3,0.2553191489361702,3730,9571,0,0.16122448979591836,0.30528846153846156,14,3,4,80,0,4,2,1,3,2,1,2,1
39,0.14956855225311602,1431,0.1383975026014568,1,4,0.13577586206896552,1,332,3,0.14795918367346939,96,3,1,0.23938223937897848,3,0.10091743119266336,2232,15417,7,0.16122448979591836,0.10436432637571158,14,3,3,80,3,7,1,3,3,2,1,2,0
32,0.08000018359368788,976,0.2062780269058296,26,4,0.22012573203437844,1,333,3,0.17006802721088435,100,3,2,0.17484662576687046,4,0.12481426448736999,4465,12069,0,0.16122448979591836,0.10436432637571158,18,3,1,80,0,4,2,3,3,2,2,2,0
41,0.14956855225311602,1411,0.1383975026014568,19,2,0.14686468646864687,1,334,3,0.17006802721088435,36,3,2,0.16095890410958943,1,0.10091743119266336,3072,19877,2,0.16122448979591836,0.10436432637571158,16,3,1,80,2,17,2,2,1,0,0,0,0
40,0.14956855225311602,1300,0.1383975026014568,24,2,0.24242313209808733,1,335,1,0.17006802721088435,62,3,2,0.16095890410958943,4,0.10091743119266336,3319,24447,1,0.16122448979591836,0.10436432637571158,17,3,1,80,2,9,3,3,9,8,4,7,0
45,0.14956855225311602,252,0.1383975026014568,1,3,0.13420118338933018,1,336,3,0.17006802721088435,70,4,5,0.04905041685272943,4,0.12481426448736999,19202,15970,0,0.16122448979591836,0.10436432637571158,11,3,3,80,1,25,2,3,24,0,1,7,0
31,0.2490974729235817,1327,0.1383975026014568,3,4,0.13577586206896552,1,337,2,0.17006802721088435,73,3,3,0.02533683182797013,3,0.10091743119266336,13675,13523,9,0.16122448979591836,0.10436432637571158,12,3,1,80,1,9,3,3,2,2,2,2,0
33,0.14956855225311602,832,0.1383975026014568,5,4,0.14686468646864687,1,338,3,0.14795918367346939,63,2,1,0.16095890410958943,4,0.12481426448736999,2911,14776,1,0.16122448979591836,0.10436432637571158,13,3,3,80,1,2,2,2,2,2,0,2,0
34,0.14956855225311602,470,0.1383975026014568,2,4,0.14686468646864687,1,339,4,0.17006802721088435,84,2,2,0.06896586105729074,1,0.12481426448736999,5957,23687,6,0.16122448979591836,0.10436432637571158,13,3,2,80,1,13,3,3,11,9,5,9,0
37,0.14956855225311602,1017,0.1383975026014568,1,2,0.13577586206896552,1,340,3,0.14795918367346939,83,2,1,0.16095890410958943,1,0.12481426448736999,3920,18697,2,0.16122448979591836,0.10436432637571158,14,3,1,80,1,17,2,2,3,1,0,2,0
45,0.2490974729235817,1199,0.1383975026014568,7,4,0.14686468646864687,1,341,1,0.17006802721088435,77,4,2,0.06896586105729074,3,0.12481426448736999,6434,5118,4,0.16122448979591836,0.10436432637571158,17,3,4,80,1,9,1,3,3,2,0,2,0
37,0.2490974729235817,504,0.1383975026014568,10,3,0.13577586206896552,1,342,1,0.17006802721088435,61,3,3,0.06896586105729074,3,0.10091743119266336,10048,22573,6,0.16122448979591836,0.10436432637571158,11,3,2,80,2,17,5,3,1,0,0,0,1
39,0.2490974729235817,505,0.1383975026014568,2,4,0.24242313209808733,1,343,3,0.14795918367346939,64,3,3,0.06870368828064846,3,0.2553191489361702,10938,6420,0,0.16122448979591836,0.10436432637571158,25,4,4,80,0,20,1,3,19,6,11,8,0
29,0.14956855225311602,665,0.1383975026014568,15,3,0.14686468646864687,1,346,3,0.17006802721088435,60,3,1,0.16095890410958943,4,0.2553191489361702,2340,22673,1,0.16122448979591836,0.10436432637571158,19,3,1,80,0,6,1,3,6,5,1,5,0
42,0.14956855225311602,916,0.1383975026014568,17,2,0.14686468646864687,1,347,4,0.14795918367346939,82,4,2,0.16095890410958943,1,0.2553191489361702,6545,23016,3,0.16122448979591836,0.30528846153846156,13,3,3,80,0,10,1,3,3,2,0,2,0
29,0.14956855225311602,1247,0.2062780269058296,20,2,0.22012573203437844,1,349,4,0.17006802721088435,45,3,2,0.17484662576687046,4,0.10091743119266336,6931,10732,2,0.16122448979591836,0.10436432637571158,14,3,4,80,1,10,2,3,3,2,0,2,0
25,0.14956855225311602,685,0.1383975026014568,1,3,0.14686468646864687,1,350,1,0.14795918367346939,62,3,2,0.06896586105729074,3,0.12481426448736999,4898,7505,0,0.16122448979591836,0.10436432637571158,12,3,4,80,2,5,3,3,4,2,1,2,0
42,0.14956855225311602,269,0.1383975026014568,2,3,0.13577586206896552,1,351,4,0.14795918367346939,56,2,1,0.23938223937897848,1,0.10091743119266336,2593,8007,0,0.16122448979591836,0.30528846153846156,11,3,3,80,1,10,4,3,9,6,7,8,0
40,0.14956855225311602,1416,0.1383975026014568,2,2,0.13577586206896552,1,352,1,0.17006802721088435,49,3,5,0.02533683182797013,3,0.10091743119266336,19436,5949,0,0.16122448979591836,0.10436432637571158,19,3,4,80,1,22,5,3,21,7,3,9,0
51,0.14956855225311602,833,0.1383975026014568,1,3,0.14686468646864687,1,353,3,0.17006802721088435,96,3,1,0.16095890410958943,4,0.12481426448736999,2723,23231,1,0.16122448979591836,0.10436432637571158,11,3,2,80,0,1,0,2,1,0,0,0,0
31,0.2490974729235817,307,0.1383975026014568,29,2,0.13577586206896552,1,355,3,0.17006802721088435,71,2,1,0.23938223937897848,2,0.2553191489361702,3479,11652,0,0.16122448979591836,0.10436432637571158,11,3,2,80,0,6,2,4,5,4,1,4,1
32,0.2490974729235817,1311,0.1383975026014568,7,3,0.14686468646864687,1,359,2,0.17006802721088435,100,4,1,0.23938223937897848,2,0.12481426448736999,2794,26062,1,0.16122448979591836,0.10436432637571158,20,4,3,80,0,5,3,1,5,1,0,3,0
38,0.08000018359368788,1327,0.2062780269058296,2,2,0.14686468646864687,1,361,4,0.17006802721088435,39,2,2,0.17484662576687046,4,0.12481426448736999,5249,19682,3,0.16122448979591836,0.10436432637571158,18,3,4,80,1,13,0,3,8,7,7,5,0
32,0.14956855225311602,128,0.1383975026014568,2,1,0.24242313209808733,1,362,4,0.17006802721088435,84,2,2,0.23938223937897848,1,0.2553191489361702,2176,19737,4,0.16122448979591836,0.10436432637571158,13,3,4,80,0,9,5,3,6,2,0,4,0
46,0.14956855225311602,488,0.2062780269058296,2,3,0.24242313209808733,1,363,3,0.14795918367346939,75,1,4,0.04905041685272943,2,0.12481426448736999,16872,14977,3,0.16122448979591836,0.30528846153846156,12,3,2,80,1,28,2,2,7,7,7,7,0
28,0.14956855225311602,529,0.1383975026014568,2,4,0.14686468646864687,1,364,1,0.17006802721088435,79,3,1,0.23938223937897848,3,0.2553191489361702,3485,14935,2,0.16122448979591836,0.10436432637571158,11,3,3,80,0,5,5,1,0,0,0,0,1
29,0.14956855225311602,1210,0.2062780269058296,2,3,0.13577586206896552,1,366,1,0.17006802721088435,78,2,2,0.17484662576687046,2,0.12481426448736999,6644,3687,2,0.16122448979591836,0.10436432637571158,19,3,2,80,2,10,2,3,0,0,0,0,0
31,0.14956855225311602,1463,0.1383975026014568,23,3,0.13577586206896552,1,367,2,0.17006802721088435,64,2,2,0.06870368828064846,4,0.12481426448736999,5582,14408,0,0.16122448979591836,0.10436432637571158,21,4,2,80,1,10,2,3,9,0,7,8,0
25,0.08000018359368788,675,0.1383975026014568,5,2,0.14686468646864687,1,369,2,0.17006802721088435,85,4,2,0.06870368828064846,1,0.10091743119266336,4000,18384,1,0.16122448979591836,0.10436432637571158,12,3,4,80,2,6,2,3,6,3,1,5,0
45,0.14956855225311602,1385,0.1383975026014568,20,2,0.13577586206896552,1,372,3,0.17006802721088435,79,3,4,0.06870368828064846,4,0.12481426448736999,13496,7501,0,0.16122448979591836,0.30528846153846156,14,3,2,80,0,21,2,3,20,7,4,10,0
36,0.14956855225311602,1403,0.1383975026014568,6,3,0.14686468646864687,1,373,4,0.17006802721088435,47,3,1,0.23938223937897848,4,0.12481426448736999,3210,20251,0,0.16122448979591836,0.10436432637571158,11,3,3,80,1,16,4,3,15,13,10,11,0
55,0.14956855225311602,452,0.1383975026014568,1,3,0.13577586206896552,1,374,4,0.17006802721088435,81,3,5,0.04905041685272943,1,0.2553191489361702,19045,18938,0,0.16122448979591836,0.30528846153846156,14,3,3,80,0,37,2,3,36,10,4,13,0
47,0.08000018359368788,666,0.1383975026014568,29,4,0.14686468646864687,1,376,1,0.17006802721088435,88,3,3,0.04905041685272943,2,0.12481426448736999,11849,10268,1,0.16122448979591836,0.30528846153846156,12,3,4,80,1,10,2,2,10,7,9,9,1
28,0.14956855225311602,1158,0.1383975026014568,9,3,0.13577586206896552,1,377,4,0.17006802721088435,94,3,1,0.16095890410958943,4,0.12481426448736999,2070,2613,1,0.16122448979591836,0.10436432637571158,23,4,4,80,1,5,3,2,5,2,0,4,0
37,0.14956855225311602,228,0.2062780269058296,6,4,0.13577586206896552,1,378,3,0.17006802721088435,98,3,2,0.17484662576687046,4,0.12481426448736999,6502,22825,4,0.16122448979591836,0.10436432637571158,14,3,2,80,1,7,5,4,5,4,0,1,0
21,0.14956855225311602,996,0.1383975026014568,3,2,0.13577586206896552,1,379,4,0.17006802721088435,100,2,1,0.16095890410958943,3,0.2553191489361702,3230,10531,1,0.16122448979591836,0.10436432637571158,17,3,1,80,0,3,4,4,3,2,1,0,0
37,0.08000018359368788,728,0.1383975026014568,1,4,0.13577586206896552,1,380,1,0.14795918367346939,80,3,3,0.02533683182797013,4,0.10091743119266336,13603,11677,2,0.16122448979591836,0.30528846153846156,18,3,1,80,2,15,2,3,5,2,0,2,0
35,0.14956855225311602,1315,0.1383975026014568,22,3,0.14686468646864687,1,381,2,0.14795918367346939,71,4,3,0.04905041685272943,2,0.10091743119266336,11996,19100,7,0.16122448979591836,0.10436432637571158,18,3,2,80,1,10,6,2,7,7,6,2,0
38,0.14956855225311602,322,0.2062780269058296,7,2,0.13577586206896552,1,382,1,0.14795918367346939,44,4,2,0.17484662576687046,1,0.10091743119266336,5605,19191,1,0.16122448979591836,0.30528846153846156,24,4,3,80,1,8,3,3,8,0,7,7,0
26,0.2490974729235817,1479,0.1383975026014568,1,3,0.14686468646864687,1,384,3,0.14795918367346939,84,3,2,0.06896586105729074,2,0.10091743119266336,6397,26767,1,0.16122448979591836,0.10436432637571158,20,4,1,80,1,6,6,1,6,5,1,4,0
50,0.14956855225311602,797,0.1383975026014568,4,1,0.14686468646864687,1,385,1,0.17006802721088435,96,3,5,0.02533683182797013,2,0.10091743119266336,19144,15815,3,0.16122448979591836,0.10436432637571158,14,3,1,80,2,28,4,2,10,4,1,6,0
53,0.14956855225311602,1070,0.1383975026014568,3,4,0.13577586206896552,1,386,3,0.17006802721088435,45,3,4,0.02533683182797013,3,0.12481426448736999,17584,21016,3,0.16122448979591836,0.30528846153846156,16,3,4,80,3,21,5,2,5,3,1,3,0
42,0.14956855225311602,635,0.2062780269058296,1,1,0.14686468646864687,1,387,2,0.17006802721088435,99,3,2,0.17484662576687046,3,0.12481426448736999,4907,24532,1,0.16122448979591836,0.10436432637571158,25,4,3,80,0,20,3,3,20,16,11,6,0
29,0.2490974729235817,442,0.2062780269058296,2,2,0.14686468646864687,1,388,2,0.17006802721088435,44,3,2,0.17484662576687046,4,0.2553191489361702,4554,20260,1,0.16122448979591836,0.10436432637571158,18,3,1,80,0,10,3,2,10,7,0,9,0
55,0.14956855225311602,147,0.1383975026014568,20,2,0.24242313209808733,1,389,2,0.17006802721088435,37,3,2,0.23938223937897848,4,0.12481426448736999,5415,15972,3,0.16122448979591836,0.30528846153846156,19,3,4,80,1,12,4,3,10,7,0,8,0
26,0.2490974729235817,496,0.1383975026014568,11,2,0.13577586206896552,1,390,1,0.17006802721088435,60,3,2,0.06870368828064846,1,0.12481426448736999,4741,22722,1,0.16122448979591836,0.30528846153846156,13,3,3,80,1,5,3,3,5,3,3,3,0
37,0.14956855225311602,1372,0.1383975026014568,1,3,0.14686468646864687,1,391,4,0.14795918367346939,42,3,1,0.16095890410958943,4,0.2553191489361702,2115,15881,1,0.16122448979591836,0.10436432637571158,12,3,2,80,0,17,3,3,17,12,5,7,0
44,0.2490974729235817,920,0.1383975026014568,24,3,0.14686468646864687,1,392,4,0.17006802721088435,43,3,1,0.23938223937897848,3,0.10091743119266336,3161,19920,3,0.16122448979591836,0.30528846153846156,22,4,4,80,1,19,0,1,1,0,0,0,1
38,0.14956855225311602,688,0.1383975026014568,23,4,0.14686468646864687,1,393,4,0.17006802721088435,82,3,2,0.06870368828064846,4,0.10091743119266336,5745,18899,9,0.16122448979591836,0.10436432637571158,14,3,2,80,1,10,2,3,2,2,1,2,0
26,0.14956855225311602,1449,0.1383975026014568,16,4,0.13577586206896552,1,394,1,0.17006802721088435,45,3,1,0.23938223937897848,2,0.10091743119266336,2373,14180,2,0.16122448979591836,0.30528846153846156,13,3,4,80,1,5,2,3,3,2,0,2,1
28,0.14956855225311602,1117,0.1383975026014568,8,2,0.14686468646864687,1,395,4,0.14795918367346939,66,3,1,0.16095890410958943,4,0.2553191489361702,3310,4488,1,0.16122448979591836,0.10436432637571158,21,4,4,80,0,5,3,3,5,3,0,2,0
49,0.2490974729235817,636,0.1383975026014568,10,4,0.14686468646864687,1,396,3,0.14795918367346939,35,3,5,0.02533683182797013,1,0.2553191489361702,18665,25594,9,0.16122448979591836,0.30528846153846156,11,3,4,80,0,22,4,3,3,2,1,2,0
36,0.14956855225311602,506,0.1383975026014568,3,3,0.24242313209808733,1,397,3,0.17006802721088435,30,3,2,0.16095890410958943,2,0.2553191489361702,4485,26285,4,0.16122448979591836,0.10436432637571158,12,3,4,80,0,10,2,3,8,0,7,7,0
31,0.2490974729235817,444,0.2062780269058296,5,3,0.22012573203437844,1,399,4,0.14795918367346939,84,3,1,0.3971571172349599,2,0.10091743119266336,2789,3909,1,0.16122448979591836,0.10436432637571158,11,3,3,80,1,2,5,2,2,2,2,2,0
26,0.14956855225311602,950,0.2062780269058296,4,4,0.22012573203437844,1,401,4,0.17006802721088435,48,2,2,0.17484662576687046,4,0.2553191489361702,5828,8450,1,0.16122448979591836,0.30528846153846156,12,3,2,80,0,8,0,3,8,7,7,4,1
37,0.2490974729235817,889,0.1383975026014568,9,3,0.13577586206896552,1,403,2,0.17006802721088435,53,3,1,0.16095890410958943,4,0.12481426448736999,2326,11411,1,0.16122448979591836,0.30528846153846156,12,3,3,80,3,4,3,2,4,2,1,2,0
42,0.2490974729235817,555,0.2062780269058296,26,3,0.22012573203437844,1,404,3,0.14795918367346939,77,3,4,0.17484662576687046,2,0.12481426448736999,13525,14864,5,0.16122448979591836,0.10436432637571158,14,3,4,80,1,23,2,4,20,4,4,8,0
18,0.14956855225311602,230,0.1383975026014568,3,3,0.14686468646864687,1,405,3,0.17006802721088435,54,3,1,0.23938223937897848,3,0.2553191489361702,1420,25233,1,0.16122448979591836,0.10436432637571158,13,3,3,80,0,0,2,3,0,0,0,0,1
35,0.14956855225311602,1232,0.2062780269058296,16,3,0.22012573203437844,1,406,3,0.17006802721088435,96,3,3,0.17484662576687046,2,0.12481426448736999,8020,5100,0,0.16122448979591836,0.10436432637571158,15,3,3,80,2,12,3,2,11,9,6,9,0
36,0.2490974729235817,566,0.1383975026014568,18,4,0.14686468646864687,1,407,3,0.17006802721088435,81,4,1,0.23938223937897848,4,0.12481426448736999,3688,7122,4,0.16122448979591836,0.10436432637571158,18,3,4,80,2,4,2,3,1,0,0,0,0
51,0.14956855225311602,1302,0.1383975026014568,2,3,0.13577586206896552,1,408,4,0.17006802721088435,84,1,2,0.06896586105729074,2,0.10091743119266336,5482,16321,5,0.16122448979591836,0.10436432637571158,18,3,4,80,1,13,3,3,4,1,1,2,0
41,0.14956855225311602,334,0.2062780269058296,2,4,0.14686468646864687,1,410,4,0.17006802721088435,88,3,4,0.04905041685272943,2,0.2553191489361702,16015,15896,1,0.16122448979591836,0.10436432637571158,19,3,2,80,0,22,2,3,22,10,0,4,0
18,0.14956855225311602,812,0.2062780269058296,10,3,0.13577586206896552,1,411,4,0.14795918367346939,69,2,1,0.3971571172349599,3,0.2553191489361702,1200,9724,1,0.16122448979591836,0.10436432637571158,12,3,1,80,0,0,2,3,0,0,0,0,0
28,0.14956855225311602,1476,0.1383975026014568,16,2,0.13577586206896552,1,412,2,0.17006802721088435,68,4,2,0.06870368828064846,1,0.2553191489361702,5661,4824,0,0.16122448979591836,0.10436432637571158,19,3,3,80,0,9,2,3,8,3,0,7,0
31,0.14956855225311602,218,0.2062780269058296,7,3,0.24242313209808733,1,416,2,0.17006802721088435,100,4,2,0.17484662576687046,4,0.12481426448736999,6929,12241,4,0.16122448979591836,0.10436432637571158,11,3,2,80,1,10,3,2,8,7,7,7,0
39,0.14956855225311602,1132,0.1383975026014568,1,3,0.13577586206896552,1,417,3,0.17006802721088435,48,4,3,0.06870368828064846,4,0.10091743119266336,9613,10942,0,0.16122448979591836,0.10436432637571158,17,3,1,80,3,19,5,2,18,10,3,7,0
36,0.08000018359368788,1105,0.1383975026014568,24,4,0.14686468646864687,1,419,2,0.14795918367346939,47,3,2,0.23938223937897848,2,0.12481426448736999,5674,6927,7,0.16122448979591836,0.10436432637571158,15,3,3,80,1,11,3,3,9,8,0,8,0
32,0.14956855225311602,906,0.2062780269058296,7,3,0.14686468646864687,1,420,4,0.17006802721088435,91,2,2,0.17484662576687046,3,0.12481426448736999,5484,16985,1,0.16122448979591836,0.10436432637571158,14,3,3,80,1,13,3,2,13,8,4,8,0
38,0.14956855225311602,849,0.1383975026014568,25,2,0.14686468646864687,1,421,1,0.14795918367346939,81,2,3,0.02533683182797013,2,0.12481426448736999,12061,26707,3,0.16122448979591836,0.10436432637571158,17,3,3,80,1,19,2,3,10,8,0,1,0
58,0.08000018359368788,390,0.1383975026014568,1,4,0.14686468646864687,1,422,4,0.17006802721088435,32,1,2,0.06870368828064846,3,0.10091743119266336,5660,17056,2,0.16122448979591836,0.30528846153846156,13,3,4,80,1,12,2,3,5,3,1,2,0
31,0.14956855225311602,691,0.1383975026014568,5,4,0.24242313209808733,1,423,3,0.17006802721088435,86,3,1,0.16095890410958943,4,0.12481426448736999,4821,10077,0,0.16122448979591836,0.30528846153846156,12,3,3,80,1,6,4,3,5,2,0,3,0
31,0.14956855225311602,106,0.19008460036286423,2,3,0.22673012399864786,1,424,1,0.17006802721088435,62,2,2,0.22804546072229726,1,0.12481426448736999,6410,17822,3,0.16122448979591836,0.10436432637571158,12,3,4,80,0,9,1,3,2,2,1,0,0
45,0.2490974729235817,1249,0.1383975026014568,7,3,0.14686468646864687,1,425,1,0.17006802721088435,97,3,3,0.23938223937897848,1,0.10091743119266336,5210,20308,1,0.16122448979591836,0.10436432637571158,18,3,1,80,1,24,2,3,24,9,9,11,0
31,0.14956855225311602,192,0.1383975026014568,2,4,0.14686468646864687,1,426,3,0.17006802721088435,32,3,1,0.16095890410958943,4,0.10091743119266336,2695,7747,0,0.16122448979591836,0.30528846153846156,18,3,2,80,1,3,2,1,2,2,2,2,0
33,0.2490974729235817,553,0.1383975026014568,5,4,0.14686468646864687,1,428,4,0.14795918367346939,74,3,3,0.04905041685272943,2,0.12481426448736999,11878,23364,6,0.16122448979591836,0.10436432637571158,11,3,2,80,2,12,2,3,10,6,8,8,0
39,0.14956855225311602,117,0.1383975026014568,10,1,0.13577586206896552,1,429,3,0.17006802721088435,99,3,4,0.04905041685272943,1,0.12481426448736999,17068,5355,1,0.16122448979591836,0.30528846153846156,14,3,4,80,0,21,3,3,21,9,11,10,0
43,0.2490974729235817,185,0.1383975026014568,10,4,0.14686468646864687,1,430,3,0.14795918367346939,33,3,1,0.23938223937897848,4,0.2553191489361702,2455,10675,0,0.16122448979591836,0.10436432637571158,19,3,1,80,0,9,5,3,8,7,1,7,0
49,0.14956855225311602,1091,0.1383975026014568,1,2,0.24242313209808733,1,431,3,0.14795918367346939,90,2,4,0.06870368828064846,3,0.2553191489361702,13964,17810,7,0.16122448979591836,0.30528846153846156,12,3,4,80,0,25,2,3,7,1,0,7,0
52,0.14956855225311602,723,0.1383975026014568,8,4,0.13577586206896552,1,433,3,0.17006802721088435,85,2,2,0.16095890410958943,2,0.12481426448736999,4941,17747,2,0.16122448979591836,0.10436432637571158,15,3,1,80,0,11,3,2,8,2,7,7,1
27,0.14956855225311602,1220,0.1383975026014568,5,3,0.14686468646864687,1,434,3,0.14795918367346939,85,3,1,0.16095890410958943,2,0.2553191489361702,2478,20938,1,0.16122448979591836,0.30528846153846156,12,3,2,80,0,4,2,2,4,3,1,2,0
32,0.14956855225311602,588,0.2062780269058296,8,2,0.24242313209808733,1,436,3,0.14795918367346939,65,2,2,0.17484662576687046,2,0.12481426448736999,5228,24624,1,0.16122448979591836,0.30528846153846156,11,3,4,80,0,13,2,3,13,12,11,9,0
27,0.14956855225311602,1377,0.2062780269058296,2,3,0.14686468646864687,1,437,4,0.17006802721088435,74,3,2,0.17484662576687046,3,0.2553191489361702,4478,5242,1,0.16122448979591836,0.30528846153846156,11,3,1,80,0,5,3,3,5,4,0,4,0
31,0.14956855225311602,691,0.2062780269058296,7,3,0.22012573203437844,1,438,4,0.17006802721088435,73,3,2,0.17484662576687046,4,0.10091743119266336,7547,7143,4,0.16122448979591836,0.10436432637571158,12,3,4,80,3,13,3,3,7,7,1,7,0
32,0.14956855225311602,1018,0.1383975026014568,2,4,0.13577586206896552,1,439,1,0.14795918367346939,74,4,2,0.16095890410958943,4,0.2553191489361702,5055,10557,7,0.16122448979591836,0.10436432637571158,16,3,3,80,0,10,0,2,7,7,0,7,0
28,0.14956855225311602,1157,0.1383975026014568,2,4,0.13577586206896552,1,440,1,0.17006802721088435,84,1,1,0.16095890410958943,4,0.12481426448736999,3464,24737,5,0.16122448979591836,0.30528846153846156,13,3,4,80,0,5,4,2,3,2,2,2,1
30,0.14956855225311602,1275,0.1383975026014568,28,2,0.13577586206896552,1,441,4,0.14795918367346939,64,3,2,0.16095890410958943,4,0.12481426448736999,5775,11934,1,0.16122448979591836,0.10436432637571158,13,3,4,80,2,11,2,3,10,8,1,9,0
31,0.2490974729235817,798,0.1383975026014568,7,2,0.14686468646864687,1,442,3,0.14795918367346939,48,2,3,0.06896586105729074,3,0.12481426448736999,8943,14034,1,0.16122448979591836,0.10436432637571158,24,4,1,80,1,10,2,3,10,9,8,9,0
39,0.2490974729235817,672,0.1383975026014568,7,2,0.13577586206896552,1,444,3,0.17006802721088435,54,2,5,0.04905041685272943,4,0.12481426448736999,19272,21141,1,0.16122448979591836,0.10436432637571158,15,3,1,80,1,21,2,3,21,9,13,3,0
39,0.14956855225311602,1162,0.2062780269058296,3,2,0.13577586206896552,1,445,4,0.14795918367346939,41,3,2,0.17484662576687046,3,0.12481426448736999,5238,17778,4,0.16122448979591836,0.30528846153846156,18,3,1,80,0,12,3,2,1,0,0,0,1
33,0.2490974729235817,508,0.2062780269058296,10,3,0.22012573203437844,1,446,2,0.17006802721088435,46,2,2,0.17484662576687046,4,0.2553191489361702,4682,4317,3,0.16122448979591836,0.10436432637571158,14,3,3,80,0,9,6,2,7,7,0,1,0
47,0.14956855225311602,1482,0.1383975026014568,5,5,0.14686468646864687,1,447,4,0.17006802721088435,42,3,5,0.02533683182797013,3,0.12481426448736999,18300,16375,4,0.16122448979591836,0.10436432637571158,11,3,2,80,1,21,2,3,3,2,1,1,0
43,0.2490974729235817,559,0.1383975026014568,10,4,0.14686468646864687,1,448,3,0.14795918367346939,82,2,2,0.23938223937897848,3,0.10091743119266336,5257,6227,1,0.16122448979591836,0.10436432637571158,11,3,2,80,1,9,3,4,9,7,0,0,0
27,0.08000018359368788,210,0.2062780269058296,1,1,0.22012573203437844,1,449,3,0.17006802721088435,73,3,2,0.17484662576687046,2,0.12481426448736999,6349,22107,0,0.16122448979591836,0.30528846153846156,13,3,4,80,1,6,0,3,5,4,1,4,0
54,0.2490974729235817,928,0.1383975026014568,20,4,0.14686468646864687,1,450,4,0.14795918367346939,31,3,2,0.16095890410958943,3,0.2553191489361702,4869,16885,3,0.16122448979591836,0.10436432637571158,12,3,4,80,0,20,4,2,4,3,0,3,0
43,0.14956855225311602,1001,0.1383975026014568,7,3,0.14686468646864687,1,451,3,0.14795918367346939,43,3,3,0.06870368828064846,1,0.12481426448736999,9985,9262,8,0.16122448979591836,0.10436432637571158,16,3,1,80,1,10,1,2,1,0,0,0,0
45,0.14956855225311602,549,0.1383975026014568,8,4,0.13420118338933018,1,452,4,0.17006802721088435,75,3,2,0.16095890410958943,4,0.12481426448736999,3697,9278,9,0.16122448979591836,0.10436432637571158,14,3,1,80,2,12,3,3,10,9,9,8,0
40,0.14956855225311602,1124,0.2062780269058296,1,2,0.13577586206896552,1,453,2,0.17006802721088435,57,1,2,0.17484662576687046,4,0.12481426448736999,7457,13273,2,0.16122448979591836,0.30528846153846156,22,4,3,80,3,6,2,2,4,3,0,2,0
29,0.14956855225311602,318,0.1383975026014568,8,4,0.13420118338933018,1,454,2,0.17006802721088435,77,1,1,0.23938223937897848,1,0.12481426448736999,2119,4759,1,0.16122448979591836,0.30528846153846156,11,3,4,80,0,7,4,2,7,7,0,7,1
29,0.14956855225311602,738,0.1383975026014568,9,5,0.13420118338933018,1,455,2,0.17006802721088435,30,2,1,0.23938223937897848,4,0.2553191489361702,3983,7621,0,0.16122448979591836,0.10436432637571158,17,3,3,80,0,4,2,3,3,2,2,2,0
30,0.14956855225311602,570,0.2062780269058296,5,3,0.22012573203437844,1,456,4,0.14795918367346939,30,2,2,0.17484662576687046,3,0.10091743119266336,6118,5431,1,0.16122448979591836,0.10436432637571158,13,3,3,80,3,10,2,3,10,9,1,2,0
27,0.14956855225311602,1130,0.2062780269058296,8,4,0.22012573203437844,1,458,2,0.14795918367346939,56,3,2,0.17484662576687046,2,0.12481426448736999,6214,3415,1,0.16122448979591836,0.10436432637571158,18,3,1,80,1,8,3,3,8,7,0,7,0
37,0.14956855225311602,1192,0.1383975026014568,5,2,0.13577586206896552,1,460,4,0.17006802721088435,61,3,2,0.06896586105729074,4,0.10091743119266336,6347,23177,7,0.16122448979591836,0.10436432637571158,16,3,3,80,2,8,2,2,6,2,0,4,0
38,0.14956855225311602,343,0.1383975026014568,15,2,0.14686468646864687,1,461,3,0.17006802721088435,92,2,3,0.02533683182797013,4,0.10091743119266336,11510,15682,0,0.16122448979591836,0.30528846153846156,14,3,2,80,1,12,3,3,11,10,2,9,0
31,0.14956855225311602,1232,0.1383975026014568,7,4,0.13577586206896552,1,462,3,0.14795918367346939,39,3,3,0.06896586105729074,4,0.2553191489361702,7143,25713,1,0.16122448979591836,0.30528846153846156,14,3,3,80,0,11,2,2,11,9,4,10,0
29,0.14956855225311602,144,0.2062780269058296,10,1,0.22012573203437844,1,463,4,0.14795918367346939,39,2,2,0.17484662576687046,2,0.10091743119266336,8268,11866,1,0.16122448979591836,0.30528846153846156,14,3,1,80,2,7,2,3,7,7,1,7,0
35,0.14956855225311602,1296,0.1383975026014568,5,4,0.24242313209808733,1,464,3,0.17006802721088435,62,3,3,0.06896586105729074,2,0.2553191489361702,8095,18264,0,0.16122448979591836,0.10436432637571158,13,3,4,80,0,17,5,3,16,6,0,13,0
23,0.14956855225311602,1309,0.1383975026014568,26,1,0.14686468646864687,1,465,3,0.17006802721088435,83,3,1,0.16095890410958943,4,0.10091743119266336,2904,16092,1,0.16122448979591836,0.10436432637571158,12,3,3,80,2,4,2,2,4,2,0,2,0
41,0.14956855225311602,483,0.1383975026014568,6,3,0.13577586206896552,1,466,4,0.17006802721088435,95,2,2,0.06896586105729074,2,0.2553191489361702,6032,10110,6,0.16122448979591836,0.30528846153846156,15,3,4,80,0,8,3,3,5,4,1,2,0
47,0.2490974729235817,1309,0.2062780269058296,4,1,0.13577586206896552,1,467,2,0.17006802721088435,99,3,2,0.3971571172349599,3,0.2553191489361702,2976,25751,3,0.16122448979591836,0.10436432637571158,19,3,1,80,0,5,3,3,0,0,0,0,0
42,0.14956855225311602,810,0.1383975026014568,23,5,0.14686468646864687,1,468,1,0.14795918367346939,44,3,4,0.02533683182797013,4,0.2553191489361702,15992,15901,2,0.16122448979591836,0.10436432637571158,14,3,2,80,0,16,2,3,1,0,0,0,0
29,0.08000018359368788,746,0.2062780269058296,2,3,0.14686468646864687,1,469,4,0.17006802721088435,61,3,2,0.17484662576687046,3,0.12481426448736999,4649,16928,1,0.16122448979591836,0.10436432637571158,14,3,1,80,1,4,3,2,4,3,0,2,0
42,0.14956855225311602,544,0.19008460036286423,2,1,0.24242313209808733,1,470,3,0.17006802721088435,52,3,1,0.22804546072229726,3,0.10091743119266336,2696,24017,0,0.16122448979591836,0.30528846153846156,11,3,3,80,1,4,5,3,3,2,1,0,0
32,0.14956855225311602,1062,0.1383975026014568,2,3,0.13577586206896552,1,471,3,0.14795918367346939,75,3,1,0.23938223937897848,2,0.12481426448736999,2370,3956,1,0.16122448979591836,0.10436432637571158,13,3,3,80,1,8,4,3,8,0,0,7,0
48,0.14956855225311602,530,0.2062780269058296,29,1,0.13577586206896552,1,473,1,0.14795918367346939,91,3,3,0.04905041685272943,3,0.12481426448736999,12504,23978,3,0.16122448979591836,0.10436432637571158,21,4,2,80,1,15,3,1,0,0,0,0,0
37,0.14956855225311602,1319,0.1383975026014568,6,3,0.13577586206896552,1,474,3,0.17006802721088435,51,4,2,0.16095890410958943,1,0.10091743119266336,5974,17001,4,0.16122448979591836,0.30528846153846156,13,3,1,80,2,13,2,3,7,7,6,7,0
30,0.08000018359368788,641,0.2062780269058296,25,2,0.24242313209808733,1,475,4,0.14795918367346939,85,3,2,0.17484662576687046,3,0.12481426448736999,4736,6069,7,0.16122448979591836,0.30528846153846156,12,3,2,80,1,4,2,4,2,2,2,2,0
26,0.14956855225311602,933,0.2062780269058296,1,3,0.14686468646864687,1,476,3,0.17006802721088435,57,3,2,0.17484662576687046,3,0.12481426448736999,5296,20156,1,0.16122448979591836,0.10436432637571158,17,3,2,80,1,8,3,3,8,7,7,7,0
42,0.14956855225311602,1332,0.1383975026014568,2,4,0.13420118338933018,1,477,1,0.17006802721088435,98,2,2,0.06870368828064846,4,0.2553191489361702,6781,17078,3,0.16122448979591836,0.10436432637571158,23,4,2,80,0,14,6,3,1,0,0,0,0
21,0.2490974729235817,756,0.2062780269058296,1,1,0.24242313209808733,1,478,1,0.14795918367346939,99,2,1,0.3971571172349599,2,0.2553191489361702,2174,9150,1,0.16122448979591836,0.30528846153846156,11,3,3,80,0,3,3,3,3,2,1,2,1
36,0.08000018359368788,845,0.2062780269058296,1,5,0.13577586206896552,1,479,4,0.14795918367346939,45,3,2,0.17484662576687046,4,0.2553191489361702,6653,15276,4,0.16122448979591836,0.10436432637571158,15,3,2,80,0,7,6,3,1,0,0,0,0
36,0.2490974729235817,541,0.2062780269058296,3,4,0.13577586206896552,1,481,1,0.17006802721088435,48,2,3,0.17484662576687046,4,0.12481426448736999,9699,7246,4,0.16122448979591836,0.10436432637571158,11,3,1,80,1,16,2,3,13,9,1,12,0
57,0.14956855225311602,593,0.1383975026014568,1,4,0.13577586206896552,1,482,4,0.17006802721088435,88,3,2,0.06870368828064846,3,0.12481426448736999,6755,2967,2,0.16122448979591836,0.10436432637571158,11,3,3,80,0,15,2,3,3,2,1,2,0
40,0.14956855225311602,1171,0.1383975026014568,10,4,0.14686468646864687,1,483,4,0.14795918367346939,46,4,1,0.23938223937897848,3,0.12481426448736999,2213,22495,3,0.16122448979591836,0.30528846153846156,13,3,3,80,1,10,3,3,7,7,1,7,0
21,0.08000018359368788,895,0.2062780269058296,9,2,0.13577586206896552,1,484,1,0.17006802721088435,39,3,1,0.3971571172349599,4,0.2553191489361702,2610,2851,1,0.16122448979591836,0.10436432637571158,24,4,3,80,0,3,3,2,3,2,2,2,0
33,0.14956855225311602,350,0.2062780269058296,5,3,0.22012573203437844,1,485,4,0.14795918367346939,34,3,1,0.3971571172349599,3,0.2553191489361702,2851,9150,1,0.16122448979591836,0.30528846153846156,13,3,2,80,0,1,2,3,1,0,0,0,1
37,0.14956855225311602,921,0.1383975026014568,10,3,0.13577586206896552,1,486,3,0.14795918367346939,98,3,1,0.23938223937897848,1,0.12481426448736999,3452,17663,6,0.16122448979591836,0.10436432637571158,20,4,2,80,1,17,3,3,5,4,0,3,0
46,0.08000018359368788,1144,0.1383975026014568,7,4,0.13577586206896552,1,487,3,0.14795918367346939,30,3,2,0.06896586105729074,3,0.12481426448736999,5258,16044,2,0.16122448979591836,0.10436432637571158,14,3,3,80,0,7,2,4,1,0,0,0,0
41,0.2490974729235817,143,0.2062780269058296,4,3,0.22012573203437844,1,488,1,0.17006802721088435,56,3,2,0.17484662576687046,2,0.2553191489361702,9355,9558,1,0.16122448979591836,0.10436432637571158,18,3,3,80,0,8,5,3,8,7,7,7,1
50,0.14956855225311602,1046,0.1383975026014568,10,3,0.24242313209808733,1,491,4,0.17006802721088435,100,2,3,0.06870368828064846,4,0.2553191489361702,10496,2755,6,0.16122448979591836,0.10436432637571158,15,3,4,80,0,20,2,3,4,3,1,3,0
40,0.14956855225311602,575,0.2062780269058296,22,2,0.22012573203437844,1,492,3,0.17006802721088435,68,2,2,0.17484662576687046,3,0.12481426448736999,6380,6110,2,0.16122448979591836,0.30528846153846156,12,3,1,80,2,8,6,3,6,4,1,0,1
31,0.14956855225311602,408,0.1383975026014568,9,4,0.14686468646864687,1,493,3,0.17006802721088435,42,2,1,0.16095890410958943,2,0.2553191489361702,2657,7551,0,0.16122448979591836,0.30528846153846156,16,3,4,80,0,3,5,3,2,2,2,2,0
21,0.14956855225311602,156,0.2062780269058296,12,3,0.14686468646864687,1,494,3,0.14795918367346939,90,4,1,0.3971571172349599,2,0.2553191489361702,2716,25422,1,0.16122448979591836,0.10436432637571158,15,3,4,80,0,1,0,3,1,0,0,0,1
29,0.14956855225311602,1283,0.1383975026014568,23,3,0.14686468646864687,1,495,4,0.17006802721088435,54,3,1,0.16095890410958943,4,0.2553191489361702,2201,18168,9,0.16122448979591836,0.10436432637571158,16,3,4,80,0,6,4,3,3,2,1,2,0
35,0.14956855225311602,755,0.1383975026014568,9,4,0.14686468646864687,1,496,3,0.17006802721088435,97,2,2,0.06870368828064846,2,0.2553191489361702,6540,19394,9,0.16122448979591836,0.10436432637571158,19,3,3,80,0,10,5,3,1,1,0,0,0
27,0.14956855225311602,1469,0.1383975026014568,1,2,0.13577586206896552,1,497,4,0.17006802721088435,82,3,1,0.23938223937897848,2,0.10091743119266336,3816,17881,1,0.16122448979591836,0.10436432637571158,11,3,2,80,1,5,2,3,5,2,0,4,0
28,0.14956855225311602,304,0.2062780269058296,9,4,0.14686468646864687,1,498,2,0.17006802721088435,92,3,2,0.17484662576687046,4,0.2553191489361702,5253,20750,1,0.16122448979591836,0.10436432637571158,16,3,4,80,0,7,1,3,7,5,0,7,0
49,0.14956855225311602,1261,0.1383975026014568,7,3,0.13420118338933018,1,499,2,0.17006802721088435,31,2,3,0.06870368828064846,3,0.2553191489361702,10965,12066,8,0.16122448979591836,0.10436432637571158,24,4,3,80,0,26,2,3,5,2,0,0,0
51,0.14956855225311602,1178,0.2062780269058296,14,2,0.14686468646864687,1,500,3,0.14795918367346939,87,3,2,0.17484662576687046,4,0.12481426448736999,4936,14862,4,0.16122448979591836,0.10436432637571158,11,3,3,80,1,18,2,2,7,7,0,7,0
36,0.14956855225311602,329,0.1383975026014568,2,3,0.14686468646864687,1,501,4,0.14795918367346939,96,3,1,0.16095890410958943,3,0.12481426448736999,2543,11868,4,0.16122448979591836,0.10436432637571158,13,3,2,80,1,6,3,3,2,2,2,2,0
34,0.08000018359368788,1362,0.2062780269058296,19,3,0.22012573203437844,1,502,1,0.17006802721088435,67,4,2,0.17484662576687046,4,0.2553191489361702,5304,4652,8,0.16122448979591836,0.30528846153846156,13,3,2,80,0,9,3,2,5,2,0,4,1
55,0.14956855225311602,1311,0.1383975026014568,2,3,0.14686468646864687,1,505,3,0.14795918367346939,97,3,4,0.04905041685272943,4,0.2553191489361702,16659,23258,2,0.16122448979591836,0.30528846153846156,13,3,3,80,0,30,2,3,5,4,1,2,0
24,0.14956855225311602,1371,0.2062780269058296,10,4,0.22012573203437844,1,507,4,0.14795918367346939,77,3,2,0.17484662576687046,3,0.10091743119266336,4260,5915,1,0.16122448979591836,0.30528846153846156,12,3,4,80,1,5,2,4,5,2,0,3,0
30,0.14956855225311602,202,0.2062780269058296,2,1,0.24242313209808733,1,508,3,0.17006802721088435,72,3,1,0.3971571172349599,2,0.12481426448736999,2476,17434,1,0.16122448979591836,0.10436432637571158,18,3,1,80,1,1,3,3,1,0,0,0,0
26,0.2490974729235817,575,0.1383975026014568,3,1,0.24242313209808733,1,510,3,0.17006802721088435,73,3,1,0.16095890410958943,1,0.2553191489361702,3102,6582,0,0.16122448979591836,0.10436432637571158,22,4,3,80,0,7,2,3,6,4,0,4,1
22,0.14956855225311602,253,0.1383975026014568,11,3,0.13577586206896552,1,511,1,0.14795918367346939,43,3,1,0.16095890410958943,2,0.12481426448736999,2244,24440,1,0.16122448979591836,0.10436432637571158,13,3,4,80,1,2,1,3,2,1,1,2,0
36,0.14956855225311602,164,0.2062780269058296,2,2,0.13577586206896552,1,513,2,0.17006802721088435,61,2,3,0.17484662576687046,3,0.12481426448736999,7596,3809,1,0.16122448979591836,0.10436432637571158,13,3,2,80,2,10,2,3,10,9,9,0,0
30,0.2490974729235817,464,0.1383975026014568,4,3,0.24242313209808733,1,514,3,0.17006802721088435,40,3,1,0.16095890410958943,4,0.2553191489361702,2285,3427,9,0.16122448979591836,0.30528846153846156,23,4,3,80,0,3,4,3,1,0,0,0,1
37,0.14956855225311602,1107,0.1383975026014568,14,3,0.14686468646864687,1,515,4,0.14795918367346939,95,3,1,0.23938223937897848,1,0.10091743119266336,3034,26914,1,0.16122448979591836,0.10436432637571158,12,3,3,80,1,18,2,2,18,7,12,17,0
40,0.14956855225311602,759,0.2062780269058296,2,2,0.22012573203437844,1,516,4,0.14795918367346939,46,3,2,0.17484662576687046,2,0.10091743119266336,5715,22553,7,0.16122448979591836,0.10436432637571158,12,3,3,80,2,8,5,3,5,4,1,3,0
42,0.14956855225311602,201,0.1383975026014568,1,4,0.14686468646864687,1,517,2,0.14795918367346939,95,3,1,0.23938223937897848,1,0.10091743119266336,2576,20490,3,0.16122448979591836,0.10436432637571158,16,3,2,80,1,8,5,3,5,2,1,2,0
37,0.14956855225311602,1305,0.1383975026014568,10,4,0.14686468646864687,1,518,3,0.17006802721088435,49,3,2,0.06896586105729074,2,0.2553191489361702,4197,21123,2,0.16122448979591836,0.30528846153846156,12,3,4,80,0,18,2,2,1,0,0,1,0
43,0.14956855225311602,982,0.1383975026014568,12,3,0.14686468646864687,1,520,1,0.17006802721088435,59,2,4,0.02533683182797013,2,0.10091743119266336,14336,4345,1,0.16122448979591836,0.10436432637571158,11,3,3,80,1,25,3,3,25,10,3,9,0
40,0.14956855225311602,555,0.1383975026014568,2,3,0.13577586206896552,1,521,2,0.14795918367346939,78,2,2,0.23938223937897848,3,0.12481426448736999,3448,13436,6,0.16122448979591836,0.10436432637571158,22,4,2,80,1,20,3,3,1,0,0,0,0
54,0.14956855225311602,821,0.1383975026014568,5,2,0.13577586206896552,1,522,1,0.17006802721088435,86,3,5,0.02533683182797013,1,0.12481426448736999,19406,8509,4,0.16122448979591836,0.10436432637571158,11,3,3,80,1,24,4,2,4,2,1,2,0
34,0.08000018359368788,1381,0.2062780269058296,4,4,0.22012573203437844,1,523,3,0.14795918367346939,72,3,2,0.17484662576687046,3,0.12481426448736999,6538,12740,9,0.16122448979591836,0.10436432637571158,15,3,1,80,1,6,3,3,3,2,1,2,0
31,0.14956855225311602,480,0.1383975026014568,7,2,0.13577586206896552,1,524,2,0.14795918367346939,31,3,2,0.06896586105729074,1,0.12481426448736999,4306,4156,1,0.16122448979591836,0.10436432637571158,12,3,2,80,1,13,5,1,13,10,3,12,0
43,0.2490974729235817,313,0.1383975026014568,21,3,0.13577586206896552,1,525,4,0.17006802721088435,61,3,1,0.23938223937897848,4,0.12481426448736999,2258,15238,7,0.16122448979591836,0.10436432637571158,20,4,1,80,1,8,1,3,3,2,1,2,0
43,0.14956855225311602,1473,0.1383975026014568,8,4,0.13420118338933018,1,526,3,0.14795918367346939,74,3,2,0.06870368828064846,3,0.10091743119266336,4522,2227,4,0.16122448979591836,0.30528846153846156,14,3,4,80,0,8,3,3,5,2,0,2,0
25,0.14956855225311602,891,0.2062780269058296,4,2,0.14686468646864687,1,527,2,0.14795918367346939,99,2,2,0.17484662576687046,4,0.2553191489361702,4487,12090,1,0.16122448979591836,0.30528846153846156,11,3,2,80,0,5,3,3,5,4,1,3,0
37,0.08000018359368788,1063,0.1383975026014568,25,5,0.13577586206896552,1,529,2,0.14795918367346939,72,3,2,0.16095890410958943,3,0.12481426448736999,4449,23866,3,0.16122448979591836,0.30528846153846156,15,3,1,80,2,15,2,3,13,11,10,7,0
31,0.14956855225311602,329,0.1383975026014568,1,2,0.14686468646864687,1,530,4,0.17006802721088435,98,2,1,0.23938223937897848,1,0.12481426448736999,2218,16193,1,0.16122448979591836,0.10436432637571158,12,3,3,80,1,4,3,3,4,2,3,2,0
39,0.2490974729235817,1218,0.1383975026014568,1,1,0.14686468646864687,1,531,2,0.17006802721088435,52,3,5,0.04905041685272943,3,0.10091743119266336,19197,8213,1,0.16122448979591836,0.30528846153846156,14,3,3,80,1,21,3,3,21,8,1,6,0
56,0.2490974729235817,906,0.2062780269058296,6,3,0.14686468646864687,1,532,3,0.14795918367346939,86,4,4,0.17484662576687046,1,0.12481426448736999,13212,18256,9,0.16122448979591836,0.10436432637571158,11,3,4,80,3,36,0,2,7,7,7,7,0
30,0.14956855225311602,1082,0.2062780269058296,12,3,0.24242313209808733,1,533,2,0.14795918367346939,83,3,2,0.17484662576687046,3,0.2553191489361702,6577,19558,0,0.16122448979591836,0.10436432637571158,11,3,2,80,0,6,6,3,5,4,4,4,0
41,0.14956855225311602,645,0.2062780269058296,1,3,0.22012573203437844,1,534,2,0.17006802721088435,49,4,3,0.17484662576687046,1,0.12481426448736999,8392,19566,1,0.16122448979591836,0.10436432637571158,16,3,3,80,1,10,2,3,10,7,0,7,0
28,0.14956855225311602,1300,0.1383975026014568,17,2,0.13577586206896552,1,536,3,0.17006802721088435,79,3,2,0.23938223937897848,1,0.10091743119266336,4558,13535,1,0.16122448979591836,0.10436432637571158,12,3,4,80,1,10,2,3,10,0,1,8,0
25,0.14956855225311602,688,0.1383975026014568,3,3,0.13577586206896552,1,538,1,0.17006802721088435,91,3,1,0.23938223937897848,1,0.12481426448736999,4031,9396,5,0.16122448979591836,0.10436432637571158,13,3,3,80,1,6,5,3,2,2,0,2,1
52,0.14956855225311602,319,0.1383975026014568,3,3,0.13577586206896552,1,543,4,0.17006802721088435,39,2,3,0.06896586105729074,3,0.12481426448736999,7969,19609,2,0.16122448979591836,0.30528846153846156,14,3,3,80,0,28,4,3,5,4,0,4,0
45,0.14956855225311602,192,0.1383975026014568,10,2,0.14686468646864687,1,544,1,0.17006802721088435,69,3,1,0.16095890410958943,4,0.12481426448736999,2654,9655,3,0.16122448979591836,0.10436432637571158,21,4,4,80,2,8,3,2,2,2,0,2,0
52,0.14956855225311602,1490,0.1383975026014568,4,2,0.14686468646864687,1,546,4,0.14795918367346939,30,3,4,0.04905041685272943,4,0.12481426448736999,16555,10310,2,0.16122448979591836,0.10436432637571158,13,3,4,80,0,31,2,1,5,2,1,4,0
42,0.2490974729235817,532,0.1383975026014568,29,2,0.14686468646864687,1,547,1,0.14795918367346939,92,3,2,0.16095890410958943,3,0.10091743119266336,4556,12932,2,0.16122448979591836,0.10436432637571158,11,3,2,80,1,19,3,3,5,4,0,2,0
30,0.14956855225311602,317,0.1383975026014568,2,3,0.14686468646864687,1,548,3,0.14795918367346939,43,1,2,0.06896586105729074,4,0.2553191489361702,6091,24793,2,0.16122448979591836,0.10436432637571158,20,4,3,80,0,11,2,3,5,4,0,2,0
60,0.14956855225311602,422,0.1383975026014568,7,3,0.14686468646864687,1,549,1,0.14795918367346939,41,3,5,0.04905041685272943,1,0.12481426448736999,19566,3854,5,0.16122448979591836,0.10436432637571158,11,3,4,80,0,33,5,1,29,8,11,10,0
46,0.14956855225311602,1485,0.1383975026014568,18,3,0.13577586206896552,1,550,3,0.14795918367346939,87,3,2,0.06896586105729074,3,0.10091743119266336,4810,26314,2,0.16122448979591836,0.10436432637571158,14,3,3,80,1,19,5,2,10,7,0,8,0
42,0.2490974729235817,1368,0.1383975026014568,28,4,0.24242313209808733,1,551,4,0.14795918367346939,88,2,2,0.06870368828064846,4,0.12481426448736999,4523,4386,0,0.16122448979591836,0.10436432637571158,11,3,4,80,3,7,4,4,6,5,0,4,0
24,0.14956855225311602,1448,0.2062780269058296,1,1,0.24242313209808733,1,554,1,0.14795918367346939,62,3,1,0.3971571172349599,2,0.2553191489361702,3202,21972,1,0.16122448979591836,0.30528846153846156,16,3,2,80,0,6,4,3,5,3,1,4,1
34,0.2490974729235817,296,0.2062780269058296,6,2,0.22012573203437844,1,555,4,0.14795918367346939,33,1,1,0.3971571172349599,3,0.10091743119266336,2351,12253,0,0.16122448979591836,0.10436432637571158,16,3,4,80,1,3,3,2,2,2,1,0,1
38,0.2490974729235817,1490,0.1383975026014568,2,2,0.14686468646864687,1,556,4,0.17006802721088435,42,3,1,0.23938223937897848,4,0.12481426448736999,1702,12106,1,0.16122448979591836,0.30528846153846156,23,4,3,80,1,1,3,3,1,0,0,0,0
40,0.14956855225311602,1398,0.2062780269058296,2,4,0.14686468646864687,1,558,3,0.14795918367346939,79,3,5,0.04905041685272943,3,0.12481426448736999,18041,13022,0,0.16122448979591836,0.10436432637571158,14,3,4,80,0,21,2,3,20,15,1,12,0
26,0.14956855225311602,1349,0.1383975026014568,23,3,0.14686468646864687,1,560,1,0.14795918367346939,90,3,1,0.16095890410958943,4,0.10091743119266336,2886,3032,1,0.16122448979591836,0.10436432637571158,22,4,2,80,2,3,3,1,3,2,0,2,0
30,0.08000018359368788,1400,0.1383975026014568,3,3,0.14686468646864687,1,562,3,0.17006802721088435,53,3,1,0.23938223937897848,4,0.12481426448736999,2097,16734,4,0.16122448979591836,0.10436432637571158,15,3,3,80,1,9,3,1,5,3,1,4,0
29,0.14956855225311602,986,0.1383975026014568,3,4,0.13577586206896552,1,564,2,0.17006802721088435,93,2,3,0.02533683182797013,3,0.12481426448736999,11935,21526,1,0.16122448979591836,0.10436432637571158,18,3,3,80,0,10,2,3,10,2,0,7,0
29,0.14956855225311602,408,0.1383975026014568,25,5,0.24242313209808733,1,565,3,0.14795918367346939,71,2,1,0.16095890410958943,2,0.12481426448736999,2546,18300,5,0.16122448979591836,0.10436432637571158,16,3,2,80,0,6,2,4,2,2,1,1,1
19,0.14956855225311602,489,0.19008460036286423,2,2,0.24242313209808733,1,566,1,0.17006802721088435,52,2,1,0.22804546072229726,4,0.2553191489361702,2564,18437,1,0.16122448979591836,0.10436432637571158,12,3,3,80,0,1,3,4,1,0,0,0,1
30,0.08000018359368788,1398,0.2062780269058296,22,4,0.13420118338933018,1,567,3,0.14795918367346939,69,3,3,0.17484662576687046,1,0.12481426448736999,8412,2890,0,0.16122448979591836,0.10436432637571158,11,3,3,80,0,10,3,3,9,8,7,8,0
57,0.14956855225311602,210,0.2062780269058296,29,3,0.22012573203437844,1,568,1,0.17006802721088435,56,2,4,0.04905041685272943,4,0.10091743119266336,14118,22102,3,0.16122448979591836,0.10436432637571158,12,3,3,80,1,32,3,2,1,0,0,0,0
50,0.14956855225311602,1099,0.1383975026014568,29,4,0.14686468646864687,1,569,2,0.17006802721088435,88,2,4,0.04905041685272943,3,0.12481426448736999,17046,9314,0,0.16122448979591836,0.10436432637571158,15,3,2,80,1,28,2,3,27,10,15,7,0
30,0.08000018359368788,1116,0.1383975026014568,2,3,0.13577586206896552,1,571,3,0.14795918367346939,49,3,1,0.23938223937897848,4,0.2553191489361702,2564,7181,0,0.16122448979591836,0.10436432637571158,14,3,3,80,0,12,2,2,11,7,6,7,0
60,0.2490974729235817,1499,0.2062780269058296,28,3,0.22012573203437844,1,573,3,0.14795918367346939,80,2,3,0.17484662576687046,1,0.12481426448736999,10266,2845,4,0.16122448979591836,0.10436432637571158,19,3,4,80,0,22,5,4,18,13,13,11,0
47,0.14956855225311602,983,0.1383975026014568,2,2,0.13577586206896552,1,574,1,0.14795918367346939,65,3,2,0.06896586105729074,4,0.10091743119266336,5070,7389,5,0.16122448979591836,0.10436432637571158,13,3,3,80,3,20,2,3,5,0,0,4,0
46,0.14956855225311602,1009,0.1383975026014568,2,3,0.14686468646864687,1,575,1,0.17006802721088435,51,3,4,0.02533683182797013,3,0.12481426448736999,17861,2288,6,0.16122448979591836,0.10436432637571158,13,3,3,80,0,26,2,1,3,2,0,1,0
35,0.14956855225311602,144,0.1383975026014568,22,3,0.14686468646864687,1,577,4,0.17006802721088435,46,1,1,0.23938223937897848,3,0.2553191489361702,4230,19225,0,0.16122448979591836,0.10436432637571158,15,3,3,80,0,6,2,3,5,4,4,3,0
54,0.14956855225311602,548,0.1383975026014568,8,4,0.14686468646864687,1,578,3,0.14795918367346939,42,3,2,0.23938223937897848,3,0.2553191489361702,3780,23428,7,0.16122448979591836,0.10436432637571158,11,3,3,80,0,19,3,3,1,0,0,0,0
34,0.14956855225311602,1303,0.1383975026014568,2,4,0.14686468646864687,1,579,4,0.17006802721088435,62,2,1,0.16095890410958943,3,0.10091743119266336,2768,8416,3,0.16122448979591836,0.10436432637571158,12,3,3,80,1,14,3,3,7,3,5,7,0
46,0.14956855225311602,1125,0.2062780269058296,10,3,0.22012573203437844,1,580,3,0.14795918367346939,94,2,3,0.17484662576687046,4,0.12481426448736999,9071,11563,2,0.16122448979591836,0.30528846153846156,19,3,3,80,1,15,3,3,3,2,1,2,0
31,0.14956855225311602,1274,0.1383975026014568,9,1,0.14686468646864687,1,581,3,0.17006802721088435,33,3,3,0.06896586105729074,2,0.10091743119266336,10648,14394,1,0.16122448979591836,0.10436432637571158,25,4,4,80,1,13,6,4,13,8,0,8,0
33,0.14956855225311602,1277,0.1383975026014568,15,1,0.13577586206896552,1,582,2,0.17006802721088435,56,3,3,0.04905041685272943,3,0.12481426448736999,13610,24619,7,0.16122448979591836,0.30528846153846156,12,3,4,80,0,15,2,4,7,6,7,7,1
33,0.14956855225311602,587,0.1383975026014568,10,1,0.13577586206896552,1,584,1,0.17006802721088435,38,1,1,0.23938223937897848,4,0.10091743119266336,3408,6705,7,0.16122448979591836,0.10436432637571158,13,3,1,80,3,8,2,3,4,3,1,3,1
30,0.14956855225311602,413,0.2062780269058296,7,1,0.22012573203437844,1,585,4,0.17006802721088435,57,3,1,0.3971571172349599,2,0.2553191489361702,2983,18398,0,0.16122448979591836,0.10436432637571158,14,3,1,80,0,4,3,3,3,2,1,2,0
35,0.14956855225311602,1276,0.1383975026014568,16,3,0.14686468646864687,1,586,4,0.17006802721088435,72,3,3,0.06870368828064846,3,0.12481426448736999,7632,14295,4,0.16122448979591836,0.30528846153846156,12,3,3,80,0,10,2,3,8,7,0,0,0
31,0.2490974729235817,534,0.1383975026014568,20,3,0.14686468646864687,1,587,1,0.17006802721088435,66,3,3,0.06870368828064846,3,0.12481426448736999,9824,22908,3,0.16122448979591836,0.10436432637571158,12,3,1,80,0,12,2,3,1,0,0,0,1
34,0.2490974729235817,988,0.19008460036286423,23,3,0.22673012399864786,1,590,2,0.14795918367346939,43,3,3,0.22804546072229726,1,0.10091743119266336,9950,11533,9,0.16122448979591836,0.30528846153846156,15,3,3,80,3,11,2,3,3,2,0,2,1
42,0.2490974729235817,1474,0.1383975026014568,5,2,0.13420118338933018,1,591,2,0.17006802721088435,97,3,1,0.23938223937897848,3,0.12481426448736999,2093,9260,4,0.16122448979591836,0.10436432637571158,17,3,4,80,1,8,4,3,2,2,2,0,0
36,0.08000018359368788,635,0.2062780269058296,10,4,0.13577586206896552,1,592,2,0.17006802721088435,32,3,3,0.17484662576687046,4,0.2553191489361702,9980,15318,1,0.16122448979591836,0.10436432637571158,14,3,4,80,0,10,3,2,10,3,9,7,0
22,0.2490974729235817,1368,0.1383975026014568,4,1,0.24242313209808733,1,593,3,0.17006802721088435,99,2,1,0.23938223937897848,3,0.2553191489361702,3894,9129,5,0.16122448979591836,0.10436432637571158,16,3,3,80,0,4,3,3,2,2,1,2,1
48,0.14956855225311602,163,0.2062780269058296,2,5,0.22012573203437844,1,595,2,0.14795918367346939,37,3,2,0.17484662576687046,4,0.12481426448736999,4051,19658,2,0.16122448979591836,0.10436432637571158,14,3,1,80,1,14,2,3,9,7,6,7,0
55,0.14956855225311602,1117,0.2062780269058296,18,5,0.14686468646864687,1,597,1,0.14795918367346939,83,3,4,0.04905041685272943,2,0.2553191489361702,16835,9873,3,0.16122448979591836,0.10436432637571158,23,4,4,80,0,37,2,3,10,9,7,7,0
41,0.08000018359368788,267,0.2062780269058296,10,2,0.14686468646864687,1,599,4,0.17006802721088435,56,3,2,0.17484662576687046,4,0.2553191489361702,6230,13430,7,0.16122448979591836,0.10436432637571158,14,3,4,80,0,16,3,3,14,3,1,10,0
35,0.14956855225311602,619,0.2062780269058296,1,3,0.22012573203437844,1,600,2,0.17006802721088435,85,3,2,0.17484662576687046,3,0.12481426448736999,4717,18659,9,0.16122448979591836,0.10436432637571158,11,3,3,80,0,15,2,3,11,9,6,9,0
40,0.14956855225311602,302,0.1383975026014568,6,3,0.14686468646864687,1,601,2,0.14795918367346939,75,3,4,0.06896586105729074,3,0.2553191489361702,13237,20364,7,0.16122448979591836,0.10436432637571158,15,3,3,80,0,22,3,3,20,6,5,13,0
39,0.2490974729235817,443,0.1383975026014568,8,1,0.14686468646864687,1,602,3,0.14795918367346939,48,3,1,0.23938223937897848,3,0.12481426448736999,3755,17872,1,0.16122448979591836,0.10436432637571158,11,3,1,80,1,8,3,3,8,3,0,7,0
31,0.14956855225311602,828,0.2062780269058296,2,1,0.14686468646864687,1,604,2,0.17006802721088435,77,3,2,0.17484662576687046,4,0.2553191489361702,6582,8346,4,0.16122448979591836,0.30528846153846156,13,3,3,80,0,10,2,4,6,5,0,5,0
42,0.14956855225311602,319,0.1383975026014568,24,3,0.13577586206896552,1,605,4,0.17006802721088435,56,3,3,0.06896586105729074,1,0.12481426448736999,7406,6950,1,0.16122448979591836,0.30528846153846156,21,4,4,80,1,10,5,2,10,9,5,8,0
45,0.14956855225311602,561,0.2062780269058296,2,3,0.13420118338933018,1,606,4,0.17006802721088435,61,3,2,0.17484662576687046,2,0.12481426448736999,4805,16177,0,0.16122448979591836,0.10436432637571158,19,3,2,80,1,9,3,4,8,7,3,7,0
26,0.2490974729235817,426,0.19008460036286423,17,4,0.14686468646864687,1,608,2,0.14795918367346939,58,3,1,0.22804546072229726,3,0.10091743119266336,2741,22808,0,0.16122448979591836,0.30528846153846156,11,3,2,80,1,8,2,2,7,7,1,0,1
29,0.14956855225311602,232,0.1383975026014568,19,3,0.24242313209808733,1,611,4,0.17006802721088435,34,3,2,0.06896586105729074,4,0.10091743119266336,4262,22645,4,0.16122448979591836,0.10436432637571158,12,3,2,80,2,8,2,4,3,2,1,2,0
33,0.14956855225311602,922,0.1383975026014568,1,5,0.13577586206896552,1,612,1,0.14795918367346939,95,4,4,0.02533683182797013,3,0.10091743119266336,16184,22578,4,0.16122448979591836,0.10436432637571158,19,3,3,80,1,10,2,3,6,1,0,5,0
31,0.14956855225311602,688,0.2062780269058296,7,3,0.14686468646864687,1,613,3,0.17006802721088435,44,2,3,0.04905041685272943,4,0.10091743119266336,11557,25291,9,0.16122448979591836,0.10436432637571158,21,4,3,80,1,10,3,2,5,4,0,1,0
18,0.2490974729235817,1306,0.2062780269058296,5,3,0.22012573203437844,1,614,2,0.17006802721088435,69,3,1,0.3971571172349599,2,0.2553191489361702,1878,8059,1,0.16122448979591836,0.30528846153846156,14,3,4,80,0,0,3,3,0,0,0,0,1
40,0.08000018359368788,1094,0.2062780269058296,28,3,0.13420118338933018,1,615,3,0.17006802721088435,58,1,3,0.17484662576687046,1,0.10091743119266336,10932,11373,3,0.16122448979591836,0.10436432637571158,15,3,3,80,1,20,2,3,1,0,0,1,0
41,0.08000018359368788,509,0.1383975026014568,2,4,0.13420118338933018,1,616,1,0.14795918367346939,62,2,2,0.06870368828064846,3,0.2553191489361702,6811,2112,2,0.16122448979591836,0.30528846153846156,17,3,1,80,0,10,3,3,8,7,0,7,0
26,0.14956855225311602,775,0.2062780269058296,29,2,0.13577586206896552,1,618,1,0.17006802721088435,45,3,2,0.17484662576687046,3,0.10091743119266336,4306,4267,5,0.16122448979591836,0.10436432637571158,12,3,1,80,2,8,5,3,0,0,0,0,0
35,0.14956855225311602,195,0.2062780269058296,1,3,0.13577586206896552,1,620,1,0.14795918367346939,80,3,2,0.17484662576687046,3,0.2553191489361702,4859,6698,1,0.16122448979591836,0.10436432637571158,16,3,4,80,0,5,3,3,5,4,0,3,0
34,0.14956855225311602,258,0.2062780269058296,21,4,0.14686468646864687,1,621,4,0.17006802721088435,74,4,2,0.17484662576687046,4,0.2553191489361702,5337,19921,1,0.16122448979591836,0.10436432637571158,12,3,4,80,0,10,3,3,10,7,5,7,0
26,0.14956855225311602,471,0.1383975026014568,24,3,0.24242313209808733,1,622,3,0.17006802721088435,66,1,1,0.23938223937897848,4,0.2553191489361702,2340,23213,1,0.16122448979591836,0.30528846153846156,18,3,2,80,0,1,3,1,1,0,0,0,1
37,0.14956855225311602,799,0.1383975026014568,1,3,0.24242313209808733,1,623,2,0.14795918367346939,59,3,3,0.06896586105729074,4,0.2553191489361702,7491,23848,4,0.16122448979591836,0.10436432637571158,17,3,4,80,0,12,3,4,6,5,1,2,0
46,0.2490974729235817,1034,0.1383975026014568,18,1,0.13577586206896552,1,624,1,0.14795918367346939,86,3,3,0.06870368828064846,3,0.12481426448736999,10527,8984,5,0.16122448979591836,0.10436432637571158,11,3,4,80,0,28,3,2,2,2,1,2,0
41,0.14956855225311602,1276,0.2062780269058296,2,5,0.14686468646864687,1,625,2,0.14795918367346939,91,3,4,0.04905041685272943,1,0.12481426448736999,16595,5626,7,0.16122448979591836,0.10436432637571158,16,3,2,80,1,22,2,3,18,16,11,8,0
37,0.08000018359368788,142,0.2062780269058296,9,4,0.13577586206896552,1,626,1,0.17006802721088435,69,3,3,0.17484662576687046,2,0.10091743119266336,8834,24666,1,0.16122448979591836,0.10436432637571158,13,3,4,80,1,9,6,3,9,5,7,7,0
52,0.14956855225311602,956,0.1383975026014568,6,2,0.24242313209808733,1,630,4,0.17006802721088435,78,3,2,0.16095890410958943,1,0.10091743119266336,5577,22087,3,0.16122448979591836,0.30528846153846156,12,3,2,80,2,18,3,3,10,9,6,9,0
32,0.08000018359368788,1474,0.2062780269058296,11,4,0.13420118338933018,1,631,4,0.17006802721088435,60,4,2,0.17484662576687046,3,0.12481426448736999,4707,23914,8,0.16122448979591836,0.10436432637571158,12,3,4,80,0,6,2,3,4,2,1,2,1
24,0.2490974729235817,535,0.2062780269058296,24,3,0.13577586206896552,1,632,4,0.17006802721088435,38,3,1,0.3971571172349599,4,0.12481426448736999,2400,5530,0,0.16122448979591836,0.10436432637571158,13,3,3,80,2,3,3,3,2,2,2,1,0
38,0.14956855225311602,1495,0.1383975026014568,10,3,0.13577586206896552,1,634,3,0.14795918367346939,76,3,2,0.06870368828064846,3,0.12481426448736999,9824,22174,3,0.16122448979591836,0.10436432637571158,19,3,3,80,1,18,4,3,1,0,0,0,0
37,0.14956855225311602,446,0.1383975026014568,1,4,0.14686468646864687,1,635,2,0.14795918367346939,65,3,2,0.06896586105729074,2,0.12481426448736999,6447,15701,6,0.16122448979591836,0.10436432637571158,12,3,2,80,1,8,2,2,6,5,4,3,0
49,0.14956855225311602,1245,0.1383975026014568,18,4,0.14686468646864687,1,638,4,0.17006802721088435,58,2,5,0.02533683182797013,3,0.10091743119266336,19502,2125,1,0.16122448979591836,0.30528846153846156,17,3,3,80,1,31,5,3,31,9,0,9,0
24,0.14956855225311602,691,0.1383975026014568,23,3,0.13577586206896552,1,639,2,0.17006802721088435,89,4,1,0.16095890410958943,4,0.12481426448736999,2725,21630,1,0.16122448979591836,0.30528846153846156,11,3,2,80,2,6,3,3,6,5,1,4,0
26,0.14956855225311602,703,0.2062780269058296,28,2,0.22012573203437844,1,641,1,0.17006802721088435,66,3,2,0.17484662576687046,2,0.12481426448736999,6272,7428,1,0.16122448979591836,0.10436432637571158,20,4,4,80,2,6,5,4,5,3,1,4,0
24,0.14956855225311602,823,0.1383975026014568,17,2,0.13420118338933018,1,643,4,0.17006802721088435,94,2,1,0.23938223937897848,2,0.12481426448736999,2127,9100,1,0.16122448979591836,0.10436432637571158,21,4,4,80,1,1,2,3,1,0,0,0,0
50,0.2490974729235817,1246,0.19008460036286423,3,3,0.13577586206896552,1,644,1,0.17006802721088435,99,3,5,0.04905041685272943,2,0.12481426448736999,18200,7999,1,0.16122448979591836,0.10436432637571158,11,3,3,80,1,32,2,3,32,5,10,7,0
25,0.14956855225311602,622,0.2062780269058296,13,1,0.13577586206896552,1,645,2,0.17006802721088435,40,3,1,0.3971571172349599,3,0.12481426448736999,2096,26376,1,0.16122448979591836,0.10436432637571158,11,3,3,80,0,7,1,3,7,4,0,6,0
24,0.2490974729235817,1287,0.1383975026014568,7,3,0.14686468646864687,1,647,1,0.14795918367346939,55,3,1,0.23938223937897848,3,0.12481426448736999,2886,14168,1,0.16122448979591836,0.30528846153846156,16,3,4,80,1,6,4,3,6,3,1,2,1
30,0.2490974729235817,448,0.2062780269058296,12,4,0.14686468646864687,1,648,2,0.17006802721088435,74,2,1,0.3971571172349599,1,0.12481426448736999,2033,14470,1,0.16122448979591836,0.10436432637571158,18,3,3,80,1,1,2,4,1,0,0,0,1
34,0.14956855225311602,254,0.1383975026014568,1,2,0.14686468646864687,1,649,2,0.17006802721088435,83,2,1,0.16095890410958943,4,0.12481426448736999,3622,22794,1,0.16122448979591836,0.30528846153846156,13,3,4,80,1,6,3,3,6,5,1,3,0
31,0.14956855225311602,1365,0.2062780269058296,13,4,0.13577586206896552,1,650,2,0.17006802721088435,46,3,2,0.17484662576687046,1,0.10091743119266336,4233,11512,2,0.16122448979591836,0.10436432637571158,17,3,3,80,0,9,2,1,3,1,1,2,1
35,0.14956855225311602,538,0.1383975026014568,25,2,0.13420118338933018,1,652,1,0.17006802721088435,54,2,2,0.23938223937897848,4,0.2553191489361702,3681,14004,4,0.16122448979591836,0.10436432637571158,14,3,4,80,0,9,3,3,3,2,0,2,0
31,0.14956855225311602,525,0.2062780269058296,6,4,0.13577586206896552,1,653,1,0.17006802721088435,66,4,2,0.17484662576687046,4,0.10091743119266336,5460,6219,4,0.16122448979591836,0.10436432637571158,22,4,4,80,2,13,4,4,7,7,5,7,0
27,0.14956855225311602,798,0.1383975026014568,6,4,0.13577586206896552,1,655,1,0.14795918367346939,66,2,1,0.16095890410958943,3,0.10091743119266336,2187,5013,0,0.16122448979591836,0.10436432637571158,12,3,3,80,2,6,5,2,5,3,0,3,0
37,0.14956855225311602,558,0.2062780269058296,2,3,0.22012573203437844,1,656,4,0.17006802721088435,75,3,2,0.17484662576687046,3,0.12481426448736999,9602,3010,4,0.16122448979591836,0.30528846153846156,11,3,3,80,1,17,3,2,3,0,1,0,0
20,0.14956855225311602,959,0.1383975026014568,1,3,0.14686468646864687,1,657,4,0.14795918367346939,83,2,1,0.16095890410958943,2,0.2553191489361702,2836,11757,1,0.16122448979591836,0.10436432637571158,13,3,4,80,0,1,0,4,1,0,0,0,0
42,0.14956855225311602,622,0.1383975026014568,2,4,0.14686468646864687,1,659,3,0.14795918367346939,81,3,2,0.06870368828064846,4,0.12481426448736999,4089,5718,1,0.16122448979591836,0.10436432637571158,13,3,2,80,2,10,4,3,10,2,2,2,0
43,0.14956855225311602,782,0.1383975026014568,6,4,0.13420118338933018,1,661,2,0.17006802721088435,50,2,4,0.02533683182797013,4,0.10091743119266336,16627,2671,4,0.16122448979591836,0.30528846153846156,14,3,3,80,1,21,3,2,1,0,0,0,0
38,0.14956855225311602,362,0.1383975026014568,1,1,0.14686468646864687,1,662,3,0.14795918367346939,43,3,1,0.16095890410958943,1,0.2553191489361702,2619,14561,3,0.16122448979591836,0.10436432637571158,17,3,4,80,0,8,3,2,0,0,0,0,0
43,0.2490974729235817,1001,0.1383975026014568,9,5,0.13577586206896552,1,663,4,0.17006802721088435,72,3,2,0.23938223937897848,3,0.10091743119266336,5679,19627,3,0.16122448979591836,0.30528846153846156,13,3,2,80,1,10,3,3,8,7,4,7,0
48,0.14956855225311602,1236,0.1383975026014568,1,4,0.14686468646864687,1,664,4,0.14795918367346939,40,2,4,0.04905041685272943,1,0.12481426448736999,15402,17997,7,0.16122448979591836,0.10436432637571158,11,3,1,80,1,21,3,1,3,2,0,2,0
44,0.14956855225311602,1112,0.19008460036286423,1,4,0.14686468646864687,1,665,1,0.14795918367346939,50,2,2,0.22804546072229726,3,0.2553191489361702,5985,26894,4,0.16122448979591836,0.10436432637571158,11,3,2,80,0,10,1,4,2,2,0,2,0
34,0.14956855225311602,204,0.2062780269058296,14,3,0.24242313209808733,1,666,3,0.14795918367346939,31,3,1,0.3971571172349599,3,0.10091743119266336,2579,2912,1,0.16122448979591836,0.30528846153846156,18,3,4,80,2,8,3,3,8,2,0,6,0
27,0.14956855225311602,1420,0.2062780269058296,2,1,0.22012573203437844,1,667,3,0.17006802721088435,85,3,1,0.3971571172349599,1,0.10091743119266336,3041,16346,0,0.16122448979591836,0.10436432637571158,11,3,2,80,1,5,3,3,4,3,0,2,1
21,0.14956855225311602,1343,0.2062780269058296,22,1,0.24242313209808733,1,669,3,0.17006802721088435,49,3,1,0.3971571172349599,3,0.2553191489361702,3447,24444,1,0.16122448979591836,0.10436432637571158,11,3,3,80,0,3,2,3,3,2,1,2,0
44,0.14956855225311602,1315,0.1383975026014568,3,4,0.13420118338933018,1,671,4,0.17006802721088435,35,3,5,0.04905041685272943,4,0.12481426448736999,19513,9358,4,0.16122448979591836,0.30528846153846156,12,3,1,80,1,26,2,4,2,2,0,1,0
22,0.14956855225311602,604,0.1383975026014568,6,1,0.13577586206896552,1,675,1,0.17006802721088435,69,3,1,0.16095890410958943,3,0.12481426448736999,2773,12145,0,0.16122448979591836,0.10436432637571158,20,4,4,80,0,3,3,3,2,2,2,2,0
33,0.14956855225311602,1216,0.2062780269058296,8,4,0.22012573203437844,1,677,3,0.17006802721088435,39,3,2,0.17484662576687046,3,0.10091743119266336,7104,20431,0,0.16122448979591836,0.10436432637571158,12,3,4,80,0,6,3,3,5,0,1,2,0
32,0.14956855225311602,646,0.1383975026014568,9,4,0.14686468646864687,1,679,1,0.14795918367346939,92,3,2,0.16095890410958943,4,0.12481426448736999,6322,18089,1,0.16122448979591836,0.30528846153846156,12,3,4,80,1,6,2,2,6,4,0,5,0
30,0.2490974729235817,160,0.1383975026014568,3,3,0.13577586206896552,1,680,3,0.14795918367346939,71,3,1,0.16095890410958943,3,0.10091743119266336,2083,22653,1,0.16122448979591836,0.10436432637571158,20,4,3,80,1,1,2,3,1,0,0,0,0
53,0.14956855225311602,238,0.2062780269058296,1,1,0.13577586206896552,1,682,4,0.14795918367346939,34,3,2,0.17484662576687046,1,0.2553191489361702,8381,7507,7,0.16122448979591836,0.10436432637571158,20,4,4,80,0,18,2,4,14,7,8,10,0
34,0.14956855225311602,1397,0.1383975026014568,1,5,0.14686468646864687,1,683,2,0.17006802721088435,42,3,1,0.16095890410958943,4,0.12481426448736999,2691,7660,1,0.16122448979591836,0.10436432637571158,12,3,4,80,1,10,4,2,10,9,8,8,0
45,0.2490974729235817,306,0.2062780269058296,26,4,0.14686468646864687,1,684,1,0.14795918367346939,100,3,2,0.17484662576687046,1,0.12481426448736999,4286,5630,2,0.16122448979591836,0.10436432637571158,14,3,4,80,2,5,4,3,1,1,0,0,1
26,0.14956855225311602,991,0.1383975026014568,6,3,0.14686468646864687,1,686,3,0.14795918367346939,71,3,1,0.23938223937897848,4,0.12481426448736999,2659,17759,1,0.16122448979591836,0.30528846153846156,13,3,3,80,1,3,2,3,3,2,0,2,0
37,0.14956855225311602,482,0.1383975026014568,3,3,0.13420118338933018,1,689,3,0.17006802721088435,36,3,3,0.06896586105729074,3,0.12481426448736999,9434,9606,1,0.16122448979591836,0.10436432637571158,15,3,3,80,1,10,2,3,10,7,7,8,0
29,0.14956855225311602,1176,0.2062780269058296,3,2,0.13577586206896552,1,690,2,0.14795918367346939,62,3,2,0.17484662576687046,3,0.12481426448736999,5561,3487,1,0.16122448979591836,0.10436432637571158,14,3,1,80,1,6,5,2,6,0,1,2,0
35,0.14956855225311602,1017,0.1383975026014568,6,4,0.14686468646864687,1,691,2,0.17006802721088435,82,1,2,0.16095890410958943,4,0.2553191489361702,6646,19368,1,0.16122448979591836,0.10436432637571158,13,3,2,80,0,17,3,3,17,11,11,8,0
33,0.2490974729235817,1296,0.1383975026014568,6,3,0.14686468646864687,1,692,3,0.17006802721088435,30,3,2,0.06870368828064846,4,0.10091743119266336,7725,5335,3,0.16122448979591836,0.10436432637571158,23,4,3,80,1,15,2,1,13,11,4,7,0
54,0.14956855225311602,397,0.19008460036286423,19,4,0.13577586206896552,1,698,3,0.17006802721088435,88,3,3,0.22804546072229726,2,0.12481426448736999,10725,6729,2,0.16122448979591836,0.10436432637571158,15,3,3,80,1,16,1,4,9,7,7,1,0
36,0.14956855225311602,913,0.1383975026014568,9,2,0.13577586206896552,1,699,2,0.17006802721088435,48,2,2,0.06896586105729074,2,0.10091743119266336,8847,13934,2,0.16122448979591836,0.30528846153846156,11,3,3,80,1,13,2,3,3,2,0,2,0
27,0.14956855225311602,1115,0.1383975026014568,3,4,0.13577586206896552,1,700,1,0.17006802721088435,54,2,1,0.16095890410958943,4,0.2553191489361702,2045,15174,0,0.16122448979591836,0.10436432637571158,13,3,4,80,0,5,0,3,4,2,1,1,0
20,0.14956855225311602,1362,0.1383975026014568,10,1,0.13577586206896552,1,701,4,0.17006802721088435,32,3,1,0.16095890410958943,3,0.2553191489361702,1009,26999,1,0.16122448979591836,0.30528846153846156,11,3,4,80,0,1,5,3,1,0,1,1,1
33,0.2490974729235817,1076,0.1383975026014568,3,3,0.14686468646864687,1,702,1,0.17006802721088435,70,3,1,0.16095890410958943,1,0.2553191489361702,3348,3164,1,0.16122448979591836,0.30528846153846156,11,3,1,80,0,10,3,3,10,8,9,7,1
35,0.08000018359368788,727,0.1383975026014568,3,3,0.14686468646864687,1,704,3,0.17006802721088435,41,2,1,0.23938223937897848,3,0.12481426448736999,1281,16900,1,0.16122448979591836,0.10436432637571158,18,3,3,80,2,1,3,3,1,0,0,0,0
23,0.14956855225311602,885,0.1383975026014568,4,3,0.13577586206896552,1,705,1,0.17006802721088435,58,4,1,0.16095890410958943,1,0.12481426448736999,2819,8544,2,0.16122448979591836,0.10436432637571158,16,3,1,80,1,5,3,4,3,2,0,2,0
25,0.14956855225311602,810,0.2062780269058296,8,3,0.14686468646864687,1,707,4,0.17006802721088435,57,4,2,0.17484662576687046,2,0.12481426448736999,4851,15678,0,0.16122448979591836,0.10436432637571158,22,4,3,80,1,4,4,3,3,2,1,2,0
38,0.14956855225311602,243,0.2062780269058296,7,4,0.22012573203437844,1,709,4,0.14795918367346939,46,2,2,0.17484662576687046,4,0.2553191489361702,4028,7791,0,0.16122448979591836,0.10436432637571158,20,4,1,80,0,8,2,3,7,7,0,5,0
29,0.2490974729235817,806,0.1383975026014568,1,4,0.14686468646864687,1,710,2,0.17006802721088435,76,1,1,0.16095890410958943,4,0.10091743119266336,2720,18959,1,0.16122448979591836,0.10436432637571158,18,3,4,80,1,10,5,3,10,7,2,8,0
48,0.14956855225311602,817,0.2062780269058296,2,1,0.22012573203437844,1,712,2,0.17006802721088435,56,4,2,0.17484662576687046,2,0.12481426448736999,8120,18597,3,0.16122448979591836,0.10436432637571158,12,3,4,80,0,12,3,3,2,2,2,2,0
27,0.2490974729235817,1410,0.2062780269058296,3,1,0.13577586206896552,1,714,4,0.14795918367346939,71,4,2,0.17484662576687046,4,0.10091743119266336,4647,16673,1,0.16122448979591836,0.30528846153846156,20,4,2,80,2,6,3,3,6,5,0,4,0
37,0.14956855225311602,1225,0.1383975026014568,10,2,0.14686468646864687,1,715,4,0.17006802721088435,80,4,1,0.16095890410958943,4,0.2553191489361702,4680,15232,3,0.16122448979591836,0.10436432637571158,17,3,1,80,0,4,2,3,1,0,0,0,0
50,0.14956855225311602,1207,0.1383975026014568,28,1,0.13577586206896552,1,716,4,0.17006802721088435,74,4,1,0.23938223937897848,3,0.12481426448736999,3221,3297,1,0.16122448979591836,0.30528846153846156,11,3,3,80,3,20,3,3,20,8,3,8,0
34,0.14956855225311602,1442,0.1383975026014568,9,3,0.13577586206896552,1,717,4,0.14795918367346939,46,2,3,0.06870368828064846,2,0.2553191489361702,8621,17654,1,0.16122448979591836,0.10436432637571158,14,3,2,80,0,9,3,4,8,7,7,7,0
24,0.14956855225311602,693,0.2062780269058296,3,2,0.14686468646864687,1,720,1,0.14795918367346939,65,3,2,0.17484662576687046,3,0.2553191489361702,4577,24785,9,0.16122448979591836,0.10436432637571158,14,3,1,80,0,4,3,3,2,2,2,0,1
39,0.14956855225311602,408,0.1383975026014568,2,4,0.24242313209808733,1,721,4,0.14795918367346939,80,2,2,0.06870368828064846,3,0.2553191489361702,4553,20978,1,0.16122448979591836,0.10436432637571158,11,3,1,80,0,20,4,3,20,7,11,10,0
32,0.14956855225311602,929,0.2062780269058296,10,3,0.22012573203437844,1,722,4,0.17006802721088435,55,3,2,0.17484662576687046,4,0.2553191489361702,5396,21703,1,0.16122448979591836,0.10436432637571158,12,3,4,80,0,10,2,2,10,7,0,8,0
50,0.2490974729235817,562,0.2062780269058296,8,2,0.24242313209808733,1,723,2,0.17006802721088435,50,3,2,0.17484662576687046,3,0.12481426448736999,6796,23452,3,0.16122448979591836,0.30528846153846156,14,3,1,80,1,18,4,3,4,3,1,3,1
38,0.14956855225311602,827,0.1383975026014568,1,4,0.14686468646864687,1,724,2,0.14795918367346939,33,4,2,0.06870368828064846,4,0.2553191489361702,7625,19383,0,0.16122448979591836,0.10436432637571158,13,3,3,80,0,10,4,2,9,7,1,8,0
27,0.14956855225311602,608,0.1383975026014568,1,2,0.14686468646864687,1,725,3,0.14795918367346939,68,3,3,0.06896586105729074,1,0.12481426448736999,7412,6009,1,0.16122448979591836,0.10436432637571158,11,3,4,80,0,9,3,3,9,7,0,7,0
32,0.14956855225311602,1018,0.1383975026014568,3,2,0.14686468646864687,1,727,3,0.14795918367346939,39,3,3,0.02533683182797013,4,0.2553191489361702,11159,19373,3,0.16122448979591836,0.10436432637571158,15,3,4,80,0,10,6,3,7,7,7,7,0
47,0.14956855225311602,703,0.2062780269058296,14,4,0.22012573203437844,1,728,4,0.17006802721088435,42,3,2,0.17484662576687046,1,0.2553191489361702,4960,11825,2,0.16122448979591836,0.10436432637571158,12,3,4,80,0,20,2,3,7,7,1,7,0
40,0.2490974729235817,580,0.2062780269058296,5,4,0.14686468646864687,1,729,4,0.17006802721088435,48,2,3,0.17484662576687046,1,0.12481426448736999,10475,23772,5,0.16122448979591836,0.30528846153846156,21,4,3,80,1,20,2,3,18,13,1,12,0
53,0.14956855225311602,970,0.1383975026014568,7,3,0.14686468646864687,1,730,3,0.17006802721088435,59,4,4,0.02533683182797013,3,0.12481426448736999,14814,13514,3,0.16122448979591836,0.10436432637571158,19,3,3,80,0,32,3,3,5,1,1,3,0
41,0.14956855225311602,427,0.19008460036286423,10,4,0.22673012399864786,1,731,2,0.17006802721088435,73,2,5,0.04905041685272943,4,0.10091743119266336,19141,8861,3,0.16122448979591836,0.10436432637571158,15,3,2,80,3,23,2,2,21,6,12,6,0
60,0.14956855225311602,1179,0.2062780269058296,16,4,0.22012573203437844,1,732,1,0.17006802721088435,84,3,2,0.17484662576687046,1,0.2553191489361702,5405,11924,8,0.16122448979591836,0.10436432637571158,14,3,4,80,0,10,1,3,2,2,2,2,0
27,0.2490974729235817,294,0.1383975026014568,10,2,0.14686468646864687,1,733,4,0.17006802721088435,32,3,3,0.06896586105729074,1,0.10091743119266336,8793,4809,1,0.16122448979591836,0.10436432637571158,21,4,3,80,2,9,4,2,9,7,1,7,0
41,0.14956855225311602,314,0.19008460036286423,1,3,0.22673012399864786,1,734,4,0.17006802721088435,59,2,5,0.04905041685272943,3,0.12481426448736999,19189,19562,1,0.16122448979591836,0.10436432637571158,12,3,2,80,1,22,3,3,22,7,2,10,0
50,0.14956855225311602,316,0.2062780269058296,8,4,0.22012573203437844,1,738,4,0.17006802721088435,54,3,1,0.3971571172349599,2,0.12481426448736999,3875,9983,7,0.16122448979591836,0.10436432637571158,15,3,4,80,1,4,2,3,2,2,2,2,0
28,0.14956855225311602,654,0.1383975026014568,1,2,0.14686468646864687,1,741,1,0.14795918367346939,67,1,1,0.16095890410958943,2,0.2553191489361702,2216,3872,7,0.16122448979591836,0.30528846153846156,13,3,4,80,0,10,4,3,7,7,3,7,1
36,0.08000018359368788,427,0.1383975026014568,8,3,0.14686468646864687,1,742,1,0.14795918367346939,63,4,3,0.02533683182797013,1,0.12481426448736999,11713,20335,9,0.16122448979591836,0.10436432637571158,14,3,1,80,1,10,2,3,8,7,0,5,0
38,0.14956855225311602,168,0.1383975026014568,1,3,0.14686468646864687,1,743,3,0.14795918367346939,81,3,3,0.06896586105729074,3,0.2553191489361702,7861,15397,4,0.16122448979591836,0.30528846153846156,14,3,4,80,0,10,4,4,1,0,0,0,0
44,0.08000018359368788,381,0.1383975026014568,24,3,0.13577586206896552,1,744,1,0.17006802721088435,49,1,1,0.23938223937897848,3,0.2553191489361702,3708,2104,2,0.16122448979591836,0.10436432637571158,14,3,3,80,0,9,5,3,5,2,1,4,0
47,0.2490974729235817,217,0.2062780269058296,3,3,0.13577586206896552,1,746,4,0.14795918367346939,49,3,4,0.17484662576687046,3,0.10091743119266336,13770,10225,9,0.16122448979591836,0.30528846153846156,12,3,4,80,2,28,2,2,22,2,11,13,0
30,0.14956855225311602,501,0.2062780269058296,27,5,0.22012573203437844,1,747,3,0.17006802721088435,99,3,2,0.17484662576687046,4,0.10091743119266336,5304,25275,7,0.16122448979591836,0.10436432637571158,23,4,4,80,1,10,2,2,8,7,7,7,0
29,0.14956855225311602,1396,0.2062780269058296,10,3,0.14686468646864687,1,749,3,0.17006802721088435,99,3,1,0.3971571172349599,3,0.2553191489361702,2642,2755,1,0.16122448979591836,0.10436432637571158,11,3,3,80,0,1,6,3,1,0,0,0,0
42,0.2490974729235817,933,0.1383975026014568,19,3,0.13577586206896552,1,752,3,0.17006802721088435,57,4,1,0.16095890410958943,3,0.10091743119266336,2759,20366,6,0.16122448979591836,0.30528846153846156,12,3,4,80,0,7,2,3,2,2,2,2,1
43,0.2490974729235817,775,0.2062780269058296,15,3,0.14686468646864687,1,754,4,0.17006802721088435,47,2,2,0.17484662576687046,4,0.12481426448736999,6804,23683,3,0.16122448979591836,0.10436432637571158,18,3,3,80,1,7,5,3,2,2,2,2,0
34,0.14956855225311602,970,0.1383975026014568,8,2,0.13577586206896552,1,757,2,0.14795918367346939,96,3,2,0.06870368828064846,3,0.2553191489361702,6142,7360,3,0.16122448979591836,0.10436432637571158,11,3,4,80,0,10,2,3,5,1,4,3,0
23,0.14956855225311602,650,0.1383975026014568,9,1,0.13577586206896552,1,758,2,0.17006802721088435,37,3,1,0.23938223937897848,1,0.12481426448736999,2500,4344,1,0.16122448979591836,0.10436432637571158,14,3,4,80,1,5,2,4,4,3,0,2,0
39,0.14956855225311602,141,0.19008460036286423,3,3,0.22673012399864786,1,760,3,0.14795918367346939,44,4,2,0.22804546072229726,2,0.12481426448736999,6389,18767,9,0.16122448979591836,0.10436432637571158,15,3,3,80,1,12,3,1,8,3,3,6,0
56,0.14956855225311602,832,0.1383975026014568,9,3,0.13577586206896552,1,762,3,0.17006802721088435,81,3,4,0.06870368828064846,4,0.12481426448736999,11103,20420,7,0.16122448979591836,0.10436432637571158,11,3,3,80,0,30,1,2,10,7,1,1,0
40,0.14956855225311602,804,0.1383975026014568,2,1,0.13577586206896552,1,763,4,0.14795918367346939,86,2,1,0.16095890410958943,4,0.2553191489361702,2342,22929,0,0.16122448979591836,0.30528846153846156,20,4,4,80,0,5,2,2,4,2,2,3,0
27,0.14956855225311602,975,0.1383975026014568,7,3,0.13577586206896552,1,764,4,0.14795918367346939,55,2,2,0.06870368828064846,1,0.2553191489361702,6811,23398,8,0.16122448979591836,0.10436432637571158,19,3,1,80,0,9,2,1,7,6,0,7,0
29,0.14956855225311602,1090,0.2062780269058296,10,3,0.22012573203437844,1,766,4,0.17006802721088435,83,3,1,0.3971571172349599,2,0.10091743119266336,2297,17967,1,0.16122448979591836,0.10436432637571158,14,3,4,80,2,2,2,3,2,2,2,2,0
53,0.14956855225311602,346,0.1383975026014568,6,3,0.14686468646864687,1,769,4,0.17006802721088435,86,3,2,0.23938223937897848,4,0.2553191489361702,2450,10919,2,0.16122448979591836,0.10436432637571158,17,3,4,80,0,19,4,3,2,2,2,2,0
35,0.08000018359368788,1225,0.1383975026014568,2,4,0.14686468646864687,1,771,4,0.14795918367346939,61,3,2,0.06870368828064846,1,0.10091743119266336,5093,4761,2,0.16122448979591836,0.10436432637571158,11,3,1,80,1,16,2,4,1,0,0,0,0
32,0.2490974729235817,430,0.1383975026014568,24,4,0.14686468646864687,1,772,1,0.17006802721088435,80,3,2,0.23938223937897848,4,0.12481426448736999,5309,21146,1,0.16122448979591836,0.10436432637571158,15,3,4,80,2,10,2,3,10,8,4,7,0
38,0.14956855225311602,268,0.1383975026014568,2,5,0.13577586206896552,1,773,4,0.17006802721088435,92,3,1,0.16095890410958943,3,0.12481426448736999,3057,20471,6,0.16122448979591836,0.30528846153846156,13,3,2,80,1,6,0,1,1,0,0,1,0
34,0.14956855225311602,167,0.1383975026014568,8,5,0.14686468646864687,1,775,2,0.14795918367346939,32,3,2,0.06896586105729074,1,0.10091743119266336,5121,4187,3,0.16122448979591836,0.10436432637571158,14,3,3,80,1,7,3,3,0,0,0,0,0
52,0.14956855225311602,621,0.2062780269058296,3,4,0.22012573203437844,1,776,3,0.17006802721088435,31,2,4,0.04905041685272943,1,0.12481426448736999,16856,10084,1,0.16122448979591836,0.10436432637571158,11,3,1,80,0,34,3,4,34,6,1,16,0
33,0.14956855225311602,527,0.1383975026014568,1,4,0.13420118338933018,1,780,4,0.17006802721088435,63,3,1,0.16095890410958943,4,0.2553191489361702,2686,5207,1,0.16122448979591836,0.30528846153846156,13,3,3,80,0,10,2,2,10,9,7,8,1
25,0.14956855225311602,883,0.2062780269058296,26,1,0.13577586206896552,1,781,3,0.14795918367346939,32,3,2,0.17484662576687046,4,0.2553191489361702,6180,22807,1,0.16122448979591836,0.10436432637571158,23,4,2,80,0,6,5,2,6,5,1,4,0
45,0.14956855225311602,954,0.2062780269058296,2,2,0.24242313209808733,1,783,2,0.17006802721088435,46,1,2,0.3971571172349599,3,0.2553191489361702,6632,12388,0,0.16122448979591836,0.10436432637571158,13,3,1,80,0,9,3,3,8,7,3,1,0
23,0.14956855225311602,310,0.1383975026014568,10,1,0.13577586206896552,1,784,1,0.17006802721088435,79,4,1,0.16095890410958943,3,0.2553191489361702,3505,19630,1,0.16122448979591836,0.10436432637571158,18,3,4,80,0,2,3,3,2,2,0,2,0
47,0.2490974729235817,719,0.2062780269058296,27,2,0.14686468646864687,1,785,2,0.14795918367346939,77,4,2,0.17484662576687046,3,0.2553191489361702,6397,10339,4,0.16122448979591836,0.30528846153846156,12,3,4,80,0,8,2,3,5,4,1,3,1
34,0.14956855225311602,304,0.2062780269058296,2,3,0.13420118338933018,1,786,4,0.17006802721088435,60,3,2,0.17484662576687046,4,0.2553191489361702,6274,18686,1,0.16122448979591836,0.10436432637571158,22,4,3,80,0,6,5,3,6,5,1,4,0
55,0.14956855225311602,725,0.1383975026014568,2,3,0.13577586206896552,1,787,4,0.17006802721088435,78,3,5,0.04905041685272943,1,0.12481426448736999,19859,21199,5,0.16122448979591836,0.30528846153846156,13,3,4,80,1,24,2,3,5,2,1,4,1
36,0.08000018359368788,1434,0.2062780269058296,8,4,0.14686468646864687,1,789,1,0.17006802721088435,76,2,3,0.17484662576687046,1,0.2553191489361702,7587,14229,1,0.16122448979591836,0.10436432637571158,15,3,2,80,0,10,1,3,10,7,0,9,0
52,0.08000018359368788,715,0.1383975026014568,19,4,0.13577586206896552,1,791,4,0.17006802721088435,41,3,1,0.16095890410958943,4,0.12481426448736999,4258,26589,0,0.16122448979591836,0.10436432637571158,18,3,1,80,1,5,3,3,4,3,1,2,0
26,0.2490974729235817,575,0.1383975026014568,1,2,0.14686468646864687,1,792,1,0.14795918367346939,71,1,1,0.23938223937897848,4,0.10091743119266336,4364,5288,3,0.16122448979591836,0.10436432637571158,14,3,1,80,1,5,2,3,2,2,2,0,0
29,0.14956855225311602,657,0.1383975026014568,27,3,0.13577586206896552,1,793,2,0.14795918367346939,66,3,2,0.06870368828064846,3,0.12481426448736999,4335,25549,4,0.16122448979591836,0.10436432637571158,12,3,1,80,1,11,3,2,8,7,1,1,0
26,0.14956855225311602,1146,0.2062780269058296,8,3,0.24242313209808733,1,796,4,0.17006802721088435,38,2,2,0.17484662576687046,1,0.2553191489361702,5326,3064,6,0.16122448979591836,0.10436432637571158,17,3,3,80,0,6,2,2,4,3,1,2,1
34,0.14956855225311602,182,0.1383975026014568,1,4,0.14686468646864687,1,797,2,0.14795918367346939,72,4,1,0.16095890410958943,4,0.2553191489361702,3280,13551,2,0.16122448979591836,0.10436432637571158,16,3,3,80,0,10,2,3,4,2,1,3,0
54,0.14956855225311602,376,0.1383975026014568,19,4,0.13577586206896552,1,799,4,0.14795918367346939,95,3,2,0.06896586105729074,1,0.10091743119266336,5485,22670,9,0.16122448979591836,0.30528846153846156,11,3,2,80,2,9,4,3,5,3,1,4,0
27,0.2490974729235817,829,0.2062780269058296,8,1,0.22012573203437844,1,800,3,0.17006802721088435,84,3,2,0.17484662576687046,4,0.12481426448736999,4342,24008,0,0.16122448979591836,0.10436432637571158,19,3,2,80,1,5,3,3,4,2,1,1,0
37,0.14956855225311602,571,0.1383975026014568,10,1,0.14686468646864687,1,802,4,0.14795918367346939,82,3,1,0.16095890410958943,1,0.10091743119266336,2782,19905,0,0.16122448979591836,0.30528846153846156,13,3,2,80,2,6,3,2,5,3,4,3,0
38,0.2490974729235817,240,0.1383975026014568,2,4,0.14686468646864687,1,803,1,0.14795918367346939,75,4,2,0.06896586105729074,1,0.2553191489361702,5980,26085,6,0.16122448979591836,0.30528846153846156,12,3,4,80,0,17,2,3,15,7,4,12,0
34,0.14956855225311602,121,0.1383975026014568,2,4,0.13577586206896552,1,804,3,0.14795918367346939,86,2,1,0.16095890410958943,1,0.2553191489361702,4381,7530,1,0.16122448979591836,0.10436432637571158,11,3,3,80,0,6,3,3,6,5,1,3,0
35,0.14956855225311602,384,0.2062780269058296,8,4,0.14686468646864687,1,805,1,0.14795918367346939,72,3,1,0.3971571172349599,4,0.12481426448736999,2572,20317,1,0.16122448979591836,0.10436432637571158,16,3,2,80,1,3,1,2,3,2,0,2,0
30,0.14956855225311602,921,0.1383975026014568,1,3,0.14686468646864687,1,806,4,0.17006802721088435,38,1,1,0.23938223937897848,3,0.12481426448736999,3833,24375,3,0.16122448979591836,0.10436432637571158,21,4,3,80,2,7,2,3,2,2,0,2,0
40,0.2490974729235817,791,0.1383975026014568,2,2,0.13577586206896552,1,807,3,0.14795918367346939,38,4,2,0.06870368828064846,2,0.12481426448736999,4244,9931,1,0.16122448979591836,0.10436432637571158,24,4,4,80,1,8,2,3,8,7,3,7,0
34,0.14956855225311602,1111,0.2062780269058296,8,2,0.14686468646864687,1,808,3,0.14795918367346939,93,3,2,0.17484662576687046,1,0.12481426448736999,6500,13305,5,0.16122448979591836,0.10436432637571158,17,3,2,80,1,6,1,3,3,2,1,2,0
42,0.2490974729235817,570,0.1383975026014568,8,3,0.14686468646864687,1,809,2,0.17006802721088435,66,3,5,0.04905041685272943,4,0.10091743119266336,18430,16225,1,0.16122448979591836,0.10436432637571158,13,3,2,80,1,24,4,2,24,7,14,9,0
23,0.14956855225311602,1243,0.1383975026014568,6,3,0.14686468646864687,1,811,3,0.17006802721088435,63,4,1,0.23938223937897848,1,0.12481426448736999,1601,3445,1,0.16122448979591836,0.30528846153846156,21,4,3,80,2,1,2,3,0,0,0,0,1
24,0.08000018359368788,1092,0.1383975026014568,9,3,0.14686468646864687,1,812,3,0.17006802721088435,60,2,1,0.23938223937897848,2,0.10091743119266336,2694,26551,1,0.16122448979591836,0.10436432637571158,11,3,3,80,3,1,4,3,1,0,0,0,0
52,0.14956855225311602,1325,0.1383975026014568,11,4,0.14686468646864687,1,813,4,0.14795918367346939,82,3,2,0.23938223937897848,3,0.12481426448736999,3149,21821,8,0.16122448979591836,0.10436432637571158,20,4,2,80,1,9,3,3,5,2,1,4,0
50,0.14956855225311602,691,0.1383975026014568,2,3,0.13577586206896552,1,815,3,0.17006802721088435,64,3,4,0.02533683182797013,3,0.12481426448736999,17639,6881,5,0.16122448979591836,0.10436432637571158,16,3,4,80,0,30,3,3,4,3,0,3,0
29,0.14956855225311602,805,0.1383975026014568,1,2,0.14686468646864687,1,816,2,0.14795918367346939,36,2,1,0.23938223937897848,1,0.12481426448736999,2319,6689,1,0.16122448979591836,0.30528846153846156,11,3,4,80,1,1,1,3,1,0,0,0,1
33,0.14956855225311602,213,0.1383975026014568,7,3,0.13577586206896552,1,817,3,0.17006802721088435,49,3,3,0.02533683182797013,3,0.12481426448736999,11691,25995,0,0.16122448979591836,0.10436432637571158,11,3,4,80,0,14,3,4,13,9,3,7,0
33,0.14956855225311602,118,0.2062780269058296,16,3,0.22012573203437844,1,819,1,0.14795918367346939,69,3,2,0.17484662576687046,1,0.2553191489361702,5324,26507,5,0.16122448979591836,0.10436432637571158,15,3,3,80,0,6,3,3,3,2,0,2,1
47,0.14956855225311602,202,0.1383975026014568,2,2,0.13420118338933018,1,820,3,0.14795918367346939,33,3,4,0.04905041685272943,4,0.12481426448736999,16752,12982,1,0.16122448979591836,0.30528846153846156,11,3,3,80,1,26,3,2,26,14,3,0,0
36,0.14956855225311602,676,0.1383975026014568,1,3,0.13420118338933018,1,823,3,0.14795918367346939,35,3,2,0.06896586105729074,2,0.12481426448736999,5228,23361,0,0.16122448979591836,0.10436432637571158,15,3,1,80,1,10,2,3,9,7,0,5,0
29,0.14956855225311602,1252,0.1383975026014568,23,2,0.14686468646864687,1,824,3,0.17006802721088435,81,4,1,0.16095890410958943,3,0.12481426448736999,2700,23779,1,0.16122448979591836,0.10436432637571158,24,4,3,80,1,10,3,3,10,7,0,7,0
58,0.14956855225311602,286,0.1383975026014568,2,4,0.14686468646864687,1,825,4,0.17006802721088435,31,3,5,0.02533683182797013,2,0.2553191489361702,19246,25761,7,0.16122448979591836,0.30528846153846156,12,3,4,80,0,40,2,3,31,15,13,8,1
35,0.14956855225311602,1258,0.1383975026014568,1,4,0.14686468646864687,1,826,4,0.14795918367346939,40,4,1,0.16095890410958943,3,0.2553191489361702,2506,13301,3,0.16122448979591836,0.10436432637571158,13,3,3,80,0,7,0,3,2,2,2,2,0
42,0.14956855225311602,932,0.1383975026014568,1,2,0.14686468646864687,1,827,4,0.14795918367346939,43,2,2,0.06896586105729074,4,0.12481426448736999,6062,4051,9,0.16122448979591836,0.30528846153846156,13,3,4,80,1,8,4,3,4,3,0,2,0
28,0.14956855225311602,890,0.1383975026014568,2,4,0.13577586206896552,1,828,3,0.17006802721088435,46,3,1,0.16095890410958943,3,0.2553191489361702,4382,16374,6,0.16122448979591836,0.10436432637571158,17,3,4,80,0,5,3,2,2,2,2,1,1
36,0.14956855225311602,1041,0.19008460036286423,13,3,0.22673012399864786,1,829,3,0.17006802721088435,36,3,1,0.22804546072229726,2,0.12481426448736999,2143,25527,4,0.16122448979591836,0.10436432637571158,13,3,2,80,1,8,2,3,5,2,0,4,0
32,0.14956855225311602,859,0.1383975026014568,4,3,0.14686468646864687,1,830,3,0.14795918367346939,98,2,2,0.06896586105729074,3,0.12481426448736999,6162,19124,1,0.16122448979591836,0.10436432637571158,12,3,3,80,1,14,3,3,14,13,6,8,0
40,0.2490974729235817,720,0.1383975026014568,16,4,0.13577586206896552,1,832,1,0.17006802721088435,51,2,2,0.23938223937897848,3,0.2553191489361702,5094,11983,6,0.16122448979591836,0.10436432637571158,14,3,4,80,0,10,6,3,1,0,0,0,0
30,0.14956855225311602,946,0.1383975026014568,2,3,0.13577586206896552,1,833,3,0.14795918367346939,52,2,2,0.06896586105729074,4,0.2553191489361702,6877,20234,5,0.16122448979591836,0.30528846153846156,24,4,2,80,0,12,4,2,0,0,0,0,0
45,0.14956855225311602,252,0.1383975026014568,2,3,0.14686468646864687,1,834,2,0.14795918367346939,95,2,1,0.16095890410958943,3,0.2553191489361702,2274,6153,1,0.16122448979591836,0.10436432637571158,14,3,4,80,0,1,3,3,1,0,0,0,0
42,0.14956855225311602,933,0.1383975026014568,29,3,0.14686468646864687,1,836,2,0.17006802721088435,98,3,2,0.06896586105729074,2,0.12481426448736999,4434,11806,1,0.16122448979591836,0.10436432637571158,13,3,4,80,1,10,3,2,9,8,7,8,0
38,0.2490974729235817,471,0.1383975026014568,12,3,0.14686468646864687,1,837,1,0.17006802721088435,45,2,2,0.06870368828064846,1,0.10091743119266336,6288,4284,2,0.16122448979591836,0.10436432637571158,15,3,3,80,1,13,3,2,4,3,1,2,0
34,0.2490974729235817,702,0.1383975026014568,16,4,0.14686468646864687,1,838,3,0.14795918367346939,100,2,1,0.16095890410958943,4,0.2553191489361702,2553,8306,1,0.16122448979591836,0.10436432637571158,16,3,3,80,0,6,3,3,5,2,1,3,0
49,0.14956855225311602,1184,0.2062780269058296,11,3,0.22012573203437844,1,840,3,0.14795918367346939,43,3,3,0.17484662576687046,4,0.12481426448736999,7654,5860,1,0.16122448979591836,0.10436432637571158,18,3,1,80,2,9,3,4,9,8,7,7,1
55,0.14956855225311602,436,0.2062780269058296,2,1,0.13577586206896552,1,842,3,0.17006802721088435,37,3,2,0.17484662576687046,4,0.2553191489361702,5160,21519,4,0.16122448979591836,0.10436432637571158,16,3,3,80,0,12,3,2,9,7,7,3,1
43,0.14956855225311602,589,0.1383975026014568,14,2,0.14686468646864687,1,843,2,0.17006802721088435,94,3,4,0.02533683182797013,1,0.12481426448736999,17159,5200,6,0.16122448979591836,0.10436432637571158,24,4,3,80,1,22,3,3,4,1,1,0,0
27,0.14956855225311602,269,0.1383975026014568,5,1,0.24242313209808733,1,844,3,0.17006802721088435,42,2,3,0.02533683182797013,4,0.10091743119266336,12808,8842,1,0.16122448979591836,0.30528846153846156,16,3,2,80,1,9,3,3,9,8,0,8,0
35,0.14956855225311602,950,0.1383975026014568,7,3,0.13420118338933018,1,845,3,0.17006802721088435,59,3,3,0.06896586105729074,3,0.2553191489361702,10221,18869,3,0.16122448979591836,0.10436432637571158,21,4,2,80,0,17,3,4,8,5,1,6,0
28,0.14956855225311602,760,0.2062780269058296,2,4,0.22012573203437844,1,846,2,0.14795918367346939,81,3,2,0.17484662576687046,2,0.12481426448736999,4779,3698,1,0.16122448979591836,0.30528846153846156,20,4,1,80,0,8,2,3,8,7,7,5,0
34,0.14956855225311602,829,0.19008460036286423,3,2,0.22673012399864786,1,847,3,0.17006802721088435,88,3,1,0.22804546072229726,4,0.12481426448736999,3737,2243,0,0.16122448979591836,0.10436432637571158,19,3,3,80,1,4,1,1,3,2,0,2,0
26,0.2490974729235817,887,0.1383975026014568,5,2,0.13577586206896552,1,848,3,0.14795918367346939,88,2,1,0.16095890410958943,3,0.12481426448736999,2366,20898,1,0.16122448979591836,0.30528846153846156,14,3,1,80,1,8,2,3,8,7,1,7,1
27,0.08000018359368788,443,0.1383975026014568,3,3,0.13577586206896552,1,850,4,0.17006802721088435,50,3,1,0.16095890410958943,4,0.12481426448736999,1706,16571,1,0.16122448979591836,0.10436432637571158,11,3,3,80,3,0,6,2,0,0,0,0,0
51,0.14956855225311602,1318,0.2062780269058296,26,4,0.22012573203437844,1,851,1,0.14795918367346939,66,3,4,0.04905041685272943,3,0.12481426448736999,16307,5594,2,0.16122448979591836,0.10436432637571158,14,3,3,80,1,29,2,2,20,6,4,17,0
44,0.14956855225311602,625,0.1383975026014568,4,3,0.13577586206896552,1,852,4,0.17006802721088435,50,3,2,0.06870368828064846,2,0.2553191489361702,5933,5197,9,0.16122448979591836,0.10436432637571158,12,3,4,80,0,10,2,2,5,2,2,3,0
25,0.14956855225311602,180,0.1383975026014568,2,1,0.13577586206896552,1,854,1,0.17006802721088435,65,4,1,0.16095890410958943,1,0.2553191489361702,3424,21632,7,0.16122448979591836,0.10436432637571158,13,3,3,80,0,6,3,2,4,3,0,1,0
33,0.14956855225311602,586,0.2062780269058296,1,3,0.13577586206896552,1,855,1,0.17006802721088435,48,4,2,0.17484662576687046,1,0.10091743119266336,4037,21816,1,0.16122448979591836,0.10436432637571158,22,4,1,80,1,9,5,3,9,8,0,8,0
35,0.14956855225311602,1343,0.1383975026014568,27,1,0.13577586206896552,1,856,3,0.14795918367346939,53,2,1,0.16095890410958943,1,0.2553191489361702,2559,17852,1,0.16122448979591836,0.10436432637571158,11,3,4,80,0,6,3,2,6,5,1,1,0
36,0.14956855225311602,928,0.2062780269058296,1,2,0.14686468646864687,1,857,2,0.17006802721088435,56,3,2,0.17484662576687046,4,0.12481426448736999,6201,2823,1,0.16122448979591836,0.30528846153846156,14,3,4,80,1,18,1,2,18,14,4,11,0
32,0.14956855225311602,117,0.2062780269058296,13,4,0.14686468646864687,1,859,2,0.17006802721088435,73,3,2,0.17484662576687046,4,0.10091743119266336,4403,9250,2,0.16122448979591836,0.10436432637571158,11,3,3,80,1,8,3,2,5,2,0,3,0
30,0.2490974729235817,1012,0.1383975026014568,5,4,0.14686468646864687,1,861,2,0.17006802721088435,75,2,1,0.16095890410958943,4,0.10091743119266336,3761,2373,9,0.16122448979591836,0.10436432637571158,12,3,2,80,1,10,3,2,5,4,0,3,0
53,0.14956855225311602,661,0.2062780269058296,7,2,0.22012573203437844,1,862,1,0.14795918367346939,78,2,3,0.17484662576687046,4,0.12481426448736999,10934,20715,7,0.16122448979591836,0.30528846153846156,18,3,4,80,1,35,3,3,5,2,0,4,0
45,0.14956855225311602,930,0.2062780269058296,9,3,0.22012573203437844,1,864,4,0.17006802721088435,74,3,3,0.17484662576687046,1,0.10091743119266336,10761,19239,4,0.16122448979591836,0.30528846153846156,12,3,3,80,1,18,2,3,5,4,0,2,0
32,0.14956855225311602,638,0.1383975026014568,8,2,0.13577586206896552,1,865,3,0.14795918367346939,91,4,2,0.16095890410958943,3,0.12481426448736999,5175,22162,5,0.16122448979591836,0.10436432637571158,12,3,3,80,1,9,3,2,5,3,1,3,0
52,0.2490974729235817,890,0.1383975026014568,25,4,0.13577586206896552,1,867,3,0.14795918367346939,81,2,4,0.06896586105729074,4,0.12481426448736999,13826,19028,3,0.16122448979591836,0.10436432637571158,22,4,3,80,0,31,3,3,9,8,0,0,0
37,0.14956855225311602,342,0.2062780269058296,16,4,0.22012573203437844,1,868,4,0.17006802721088435,66,2,2,0.17484662576687046,3,0.10091743119266336,6334,24558,4,0.16122448979591836,0.10436432637571158,19,3,4,80,2,9,2,3,1,0,0,0,0
28,0.14956855225311602,1169,0.19008460036286423,8,2,0.13577586206896552,1,869,2,0.17006802721088435,63,2,1,0.22804546072229726,4,0.10091743119266336,4936,23965,1,0.16122448979591836,0.10436432637571158,13,3,4,80,1,6,6,3,5,1,0,4,0
22,0.14956855225311602,1230,0.1383975026014568,1,2,0.14686468646864687,1,872,4,0.17006802721088435,33,2,2,0.06896586105729074,4,0.12481426448736999,4775,19146,6,0.16122448979591836,0.10436432637571158,22,4,1,80,2,4,2,1,2,2,2,2,0
44,0.14956855225311602,986,0.1383975026014568,8,4,0.14686468646864687,1,874,1,0.17006802721088435,62,4,1,0.23938223937897848,4,0.12481426448736999,2818,5044,2,0.16122448979591836,0.30528846153846156,24,4,3,80,1,10,2,2,3,2,0,2,0
42,0.2490974729235817,1271,0.1383975026014568,2,1,0.13577586206896552,1,875,2,0.17006802721088435,35,3,1,0.16095890410958943,4,0.2553191489361702,2515,9068,5,0.16122448979591836,0.30528846153846156,14,3,4,80,0,8,2,3,2,1,2,2,0
36,0.14956855225311602,1278,0.19008460036286423,8,3,0.14686468646864687,1,878,1,0.17006802721088435,77,2,1,0.22804546072229726,1,0.12481426448736999,2342,8635,0,0.16122448979591836,0.10436432637571158,21,4,3,80,0,6,3,3,5,4,0,3,0
25,0.14956855225311602,141,0.2062780269058296,3,1,0.13420118338933018,1,879,3,0.17006802721088435,98,3,2,0.17484662576687046,1,0.12481426448736999,4194,14363,1,0.16122448979591836,0.30528846153846156,18,3,4,80,0,5,3,3,5,3,0,3,0
35,0.14956855225311602,607,0.1383975026014568,9,3,0.14686468646864687,1,880,4,0.14795918367346939,66,2,3,0.06896586105729074,3,0.12481426448736999,10685,23457,1,0.16122448979591836,0.30528846153846156,20,4,2,80,1,17,2,3,17,14,5,15,0
35,0.2490974729235817,130,0.1383975026014568,25,4,0.14686468646864687,1,881,4,0.14795918367346939,96,3,1,0.16095890410958943,2,0.10091743119266336,2022,16612,1,0.16122448979591836,0.30528846153846156,19,3,1,80,1,10,3,2,10,2,7,8,1
32,0.08000018359368788,300,0.1383975026014568,1,3,0.14686468646864687,1,882,4,0.17006802721088435,61,3,1,0.23938223937897848,4,0.10091743119266336,2314,9148,0,0.16122448979591836,0.10436432637571158,12,3,2,80,1,4,2,3,3,0,0,2,0
25,0.14956855225311602,583,0.2062780269058296,4,1,0.22012573203437844,1,885,3,0.17006802721088435,87,2,2,0.17484662576687046,1,0.12481426448736999,4256,18154,1,0.16122448979591836,0.10436432637571158,12,3,1,80,0,5,1,4,5,2,0,3,0
49,0.14956855225311602,1418,0.1383975026014568,1,3,0.24242313209808733,1,887,3,0.14795918367346939,36,3,1,0.16095890410958943,1,0.12481426448736999,3580,10554,2,0.16122448979591836,0.10436432637571158,16,3,2,80,1,7,2,3,4,2,0,2,0
24,0.08000018359368788,1269,0.1383975026014568,4,1,0.14686468646864687,1,888,1,0.17006802721088435,46,2,1,0.23938223937897848,4,0.12481426448736999,3162,10778,0,0.16122448979591836,0.10436432637571158,17,3,4,80,0,6,2,2,5,2,3,4,0
32,0.2490974729235817,379,0.2062780269058296,5,2,0.14686468646864687,1,889,2,0.17006802721088435,48,3,2,0.17484662576687046,2,0.12481426448736999,6524,8891,1,0.16122448979591836,0.10436432637571158,14,3,4,80,1,10,3,3,10,8,5,3,0
38,0.14956855225311602,395,0.2062780269058296,9,3,0.22012573203437844,1,893,2,0.17006802721088435,98,2,1,0.3971571172349599,2,0.12481426448736999,2899,12102,0,0.16122448979591836,0.10436432637571158,19,3,4,80,1,3,3,3,2,2,1,2,0
42,0.14956855225311602,1265,0.1383975026014568,3,3,0.14686468646864687,1,894,3,0.14795918367346939,95,4,2,0.23938223937897848,4,0.12481426448736999,5231,23726,2,0.16122448979591836,0.30528846153846156,13,3,2,80,1,17,1,2,5,3,1,3,0
31,0.14956855225311602,1222,0.1383975026014568,11,4,0.14686468646864687,1,895,4,0.17006802721088435,48,3,1,0.16095890410958943,4,0.12481426448736999,2356,14871,3,0.16122448979591836,0.30528846153846156,19,3,2,80,1,8,2,3,6,4,0,2,0
29,0.14956855225311602,341,0.2062780269058296,1,3,0.13577586206896552,1,896,2,0.14795918367346939,48,2,1,0.3971571172349599,3,0.10091743119266336,2800,23522,6,0.16122448979591836,0.30528846153846156,19,3,3,80,3,5,3,3,3,2,0,2,1
53,0.14956855225311602,868,0.2062780269058296,8,3,0.22012573203437844,1,897,1,0.17006802721088435,73,3,4,0.17484662576687046,4,0.12481426448736999,11836,22789,5,0.16122448979591836,0.10436432637571158,14,3,3,80,1,28,3,3,2,0,2,2,0
35,0.14956855225311602,672,0.1383975026014568,25,3,0.24242313209808733,1,899,4,0.17006802721088435,78,2,3,0.06896586105729074,2,0.12481426448736999,10903,9129,3,0.16122448979591836,0.10436432637571158,16,3,1,80,0,16,2,3,13,10,4,8,0
37,0.2490974729235817,1231,0.2062780269058296,21,2,0.13577586206896552,1,900,3,0.14795918367346939,54,3,1,0.3971571172349599,4,0.12481426448736999,2973,21222,5,0.16122448979591836,0.10436432637571158,15,3,2,80,1,10,3,3,5,4,0,0,0
53,0.14956855225311602,102,0.1383975026014568,23,4,0.14686468646864687,1,901,4,0.14795918367346939,72,3,4,0.02533683182797013,4,0.2553191489361702,14275,20206,6,0.16122448979591836,0.10436432637571158,18,3,3,80,0,33,0,3,12,9,3,8,0
43,0.2490974729235817,422,0.1383975026014568,1,3,0.14686468646864687,1,902,4,0.14795918367346939,33,3,2,0.06870368828064846,4,0.12481426448736999,5562,21782,4,0.16122448979591836,0.10436432637571158,13,3,2,80,1,12,2,2,5,2,2,2,0
47,0.14956855225311602,249,0.2062780269058296,2,2,0.22012573203437844,1,903,3,0.14795918367346939,35,3,2,0.17484662576687046,4,0.12481426448736999,4537,17783,0,0.16122448979591836,0.30528846153846156,22,4,1,80,1,8,2,3,7,6,7,7,0
37,0.08000018359368788,1252,0.2062780269058296,19,2,0.13577586206896552,1,904,1,0.17006802721088435,32,3,3,0.17484662576687046,2,0.2553191489361702,7642,4814,1,0.16122448979591836,0.30528846153846156,13,3,4,80,0,10,2,3,10,0,0,9,0
50,0.08000018359368788,881,0.1383975026014568,2,4,0.14686468646864687,1,905,1,0.17006802721088435,98,3,4,0.04905041685272943,1,0.10091743119266336,17924,4544,1,0.16122448979591836,0.10436432637571158,11,3,4,80,1,31,3,3,31,6,14,7,0
39,0.14956855225311602,1383,0.19008460036286423,2,3,0.14686468646864687,1,909,4,0.14795918367346939,42,2,2,0.22804546072229726,4,0.12481426448736999,5204,7790,8,0.16122448979591836,0.10436432637571158,11,3,3,80,2,13,2,3,5,4,0,4,0
33,0.14956855225311602,1075,0.19008460036286423,3,2,0.22673012399864786,1,910,4,0.17006802721088435,57,3,1,0.22804546072229726,2,0.10091743119266336,2277,22650,3,0.16122448979591836,0.30528846153846156,11,3,3,80,1,7,4,4,4,3,0,3,0
32,0.14956855225311602,374,0.1383975026014568,25,4,0.14686468646864687,1,911,1,0.17006802721088435,87,3,1,0.23938223937897848,4,0.2553191489361702,2795,18016,1,0.16122448979591836,0.30528846153846156,24,4,3,80,0,1,2,1,1,0,0,1,1
29,0.14956855225311602,1086,0.1383975026014568,7,1,0.13577586206896552,1,912,1,0.14795918367346939,62,2,1,0.23938223937897848,4,0.10091743119266336,2532,6054,6,0.16122448979591836,0.10436432637571158,14,3,3,80,3,8,5,3,4,3,0,3,0
44,0.14956855225311602,661,0.1383975026014568,9,2,0.14686468646864687,1,913,2,0.17006802721088435,61,3,1,0.16095890410958943,1,0.12481426448736999,2559,7508,1,0.16122448979591836,0.30528846153846156,13,3,4,80,0,8,0,3,8,7,7,1,0
28,0.14956855225311602,821,0.2062780269058296,5,4,0.13577586206896552,1,916,1,0.17006802721088435,98,3,2,0.17484662576687046,4,0.2553191489361702,4908,24252,1,0.16122448979591836,0.10436432637571158,14,3,2,80,0,4,3,3,4,2,0,2,0
58,0.2490974729235817,781,0.1383975026014568,2,1,0.14686468646864687,1,918,4,0.17006802721088435,57,2,1,0.23938223937897848,4,0.10091743119266336,2380,13384,9,0.16122448979591836,0.30528846153846156,14,3,4,80,1,3,3,2,1,0,0,0,1
43,0.14956855225311602,177,0.1383975026014568,8,3,0.14686468646864687,1,920,1,0.14795918367346939,55,3,2,0.06896586105729074,2,0.10091743119266336,4765,23814,4,0.16122448979591836,0.10436432637571158,21,4,3,80,1,4,2,4,1,0,0,0,0
20,0.14956855225311602,500,0.2062780269058296,2,3,0.13577586206896552,1,922,3,0.14795918367346939,49,2,1,0.3971571172349599,3,0.2553191489361702,2044,22052,1,0.16122448979591836,0.10436432637571158,13,3,4,80,0,2,3,2,2,2,0,2,1
21,0.14956855225311602,1427,0.1383975026014568,18,1,0.13420118338933018,1,923,4,0.14795918367346939,65,3,1,0.16095890410958943,4,0.2553191489361702,2693,8870,1,0.16122448979591836,0.10436432637571158,19,3,1,80,0,1,3,2,1,0,0,0,1
36,0.14956855225311602,1425,0.1383975026014568,14,1,0.14686468646864687,1,924,3,0.17006802721088435,68,3,2,0.06870368828064846,4,0.12481426448736999,6586,4821,0,0.16122448979591836,0.30528846153846156,17,3,1,80,1,17,2,2,16,8,4,11,0
47,0.14956855225311602,1454,0.2062780269058296,2,4,0.14686468646864687,1,925,4,0.14795918367346939,65,2,1,0.3971571172349599,4,0.2553191489361702,3294,13137,1,0.16122448979591836,0.30528846153846156,18,3,1,80,0,3,3,2,3,2,1,2,0
22,0.14956855225311602,617,0.1383975026014568,3,1,0.14686468646864687,1,926,2,0.14795918367346939,34,3,2,0.06896586105729074,3,0.12481426448736999,4171,10022,0,0.16122448979591836,0.30528846153846156,19,3,1,80,1,4,3,4,3,2,0,2,1
41,0.14956855225311602,1085,0.1383975026014568,2,4,0.14686468646864687,1,927,2,0.14795918367346939,57,1,1,0.23938223937897848,4,0.10091743119266336,2778,17725,4,0.16122448979591836,0.30528846153846156,13,3,3,80,1,10,1,2,7,7,1,0,1
28,0.14956855225311602,995,0.1383975026014568,9,3,0.13577586206896552,1,930,3,0.14795918367346939,77,3,1,0.16095890410958943,3,0.10091743119266336,2377,9834,5,0.16122448979591836,0.10436432637571158,18,3,2,80,1,6,2,3,2,2,2,2,0
39,0.14956855225311602,1122,0.1383975026014568,6,3,0.13577586206896552,1,932,4,0.17006802721088435,70,3,1,0.23938223937897848,1,0.12481426448736999,2404,4303,7,0.16122448979591836,0.30528846153846156,21,4,4,80,0,8,2,1,2,2,2,2,1
27,0.14956855225311602,618,0.1383975026014568,4,3,0.14686468646864687,1,933,2,0.14795918367346939,76,3,1,0.16095890410958943,3,0.2553191489361702,2318,17808,1,0.16122448979591836,0.10436432637571158,19,3,3,80,0,1,2,3,1,1,0,0,0
34,0.14956855225311602,546,0.1383975026014568,10,3,0.14686468646864687,1,934,2,0.17006802721088435,83,3,1,0.23938223937897848,2,0.10091743119266336,2008,6896,1,0.16122448979591836,0.10436432637571158,14,3,2,80,2,1,3,3,1,0,1,0,0
42,0.14956855225311602,462,0.2062780269058296,14,2,0.13577586206896552,1,936,3,0.14795918367346939,68,2,2,0.17484662576687046,3,0.2553191489361702,6244,7824,7,0.16122448979591836,0.10436432637571158,17,3,1,80,0,10,6,3,5,4,0,3,0
33,0.14956855225311602,1198,0.1383975026014568,1,4,0.13420118338933018,1,939,3,0.17006802721088435,100,2,1,0.16095890410958943,1,0.2553191489361702,2799,3339,3,0.16122448979591836,0.30528846153846156,11,3,2,80,0,6,1,3,3,2,0,2,0
58,0.14956855225311602,1272,0.1383975026014568,5,3,0.24242313209808733,1,940,3,0.14795918367346939,37,2,3,0.06870368828064846,2,0.10091743119266336,10552,9255,2,0.16122448979591836,0.30528846153846156,13,3,4,80,1,24,3,3,6,0,0,4,0
31,0.14956855225311602,154,0.2062780269058296,7,4,0.14686468646864687,1,941,2,0.17006802721088435,41,2,1,0.3971571172349599,3,0.12481426448736999,2329,11737,3,0.16122448979591836,0.10436432637571158,15,3,2,80,0,13,2,4,7,7,5,2,0
35,0.14956855225311602,1137,0.1383975026014568,21,1,0.14686468646864687,1,942,4,0.14795918367346939,51,3,2,0.06870368828064846,4,0.12481426448736999,4014,19170,1,0.16122448979591836,0.30528846153846156,25,4,4,80,1,10,2,1,10,6,0,7,0
49,0.14956855225311602,527,0.1383975026014568,8,2,0.13420118338933018,1,944,1,0.14795918367346939,51,3,3,0.23938223937897848,2,0.12481426448736999,7403,22477,4,0.16122448979591836,0.10436432637571158,11,3,3,80,1,29,3,2,26,9,1,7,0
48,0.14956855225311602,1469,0.1383975026014568,20,4,0.13577586206896552,1,945,4,0.17006802721088435,51,3,1,0.16095890410958943,3,0.12481426448736999,2259,5543,4,0.16122448979591836,0.10436432637571158,17,3,1,80,2,13,2,2,0,0,0,0,0
31,0.08000018359368788,1188,0.2062780269058296,20,2,0.22012573203437844,1,947,4,0.14795918367346939,45,3,2,0.17484662576687046,3,0.12481426448736999,6932,24406,1,0.16122448979591836,0.10436432637571158,13,3,4,80,1,9,2,2,9,8,0,0,0
36,0.14956855225311602,188,0.1383975026014568,7,4,0.13420118338933018,1,949,2,0.17006802721088435,65,3,1,0.16095890410958943,4,0.2553191489361702,4678,23293,2,0.16122448979591836,0.10436432637571158,18,3,3,80,0,8,6,3,6,2,0,1,0
38,0.14956855225311602,1333,0.1383975026014568,1,3,0.24242313209808733,1,950,4,0.14795918367346939,80,3,3,0.02533683182797013,1,0.12481426448736999,13582,16292,1,0.16122448979591836,0.10436432637571158,13,3,2,80,1,15,3,3,15,12,5,11,0
32,0.08000018359368788,1184,0.1383975026014568,1,3,0.14686468646864687,1,951,3,0.14795918367346939,70,2,1,0.23938223937897848,2,0.12481426448736999,2332,3974,6,0.16122448979591836,0.10436432637571158,20,4,3,80,0,5,3,3,3,0,0,2,0
25,0.14956855225311602,867,0.2062780269058296,19,2,0.22012573203437844,1,952,3,0.17006802721088435,36,2,1,0.3971571172349599,2,0.12481426448736999,2413,18798,1,0.16122448979591836,0.30528846153846156,18,3,3,80,3,1,2,3,1,0,0,0,1
40,0.14956855225311602,658,0.2062780269058296,10,4,0.22012573203437844,1,954,1,0.17006802721088435,67,2,3,0.17484662576687046,2,0.10091743119266336,9705,20652,2,0.16122448979591836,0.10436432637571158,12,3,2,80,1,11,2,2,1,0,0,0,0
26,0.2490974729235817,1283,0.2062780269058296,1,3,0.13577586206896552,1,956,3,0.17006802721088435,52,2,2,0.17484662576687046,1,0.2553191489361702,4294,11148,1,0.16122448979591836,0.10436432637571158,12,3,2,80,0,7,2,3,7,7,0,7,0
41,0.14956855225311602,263,0.1383975026014568,6,3,0.13577586206896552,1,957,4,0.17006802721088435,59,3,1,0.23938223937897848,1,0.2553191489361702,4721,3119,2,0.16122448979591836,0.30528846153846156,13,3,3,80,0,20,3,3,18,13,2,17,0
36,0.14956855225311602,938,0.1383975026014568,2,4,0.13577586206896552,1,958,3,0.17006802721088435,79,3,1,0.23938223937897848,3,0.2553191489361702,2519,12287,4,0.16122448979591836,0.10436432637571158,21,4,3,80,0,16,6,3,11,8,3,9,0
19,0.14956855225311602,419,0.2062780269058296,21,3,0.13420118338933018,1,959,4,0.17006802721088435,37,2,1,0.3971571172349599,2,0.2553191489361702,2121,9947,1,0.16122448979591836,0.30528846153846156,13,3,2,80,0,1,3,4,1,0,0,0,1
20,0.14956855225311602,129,0.1383975026014568,4,3,0.24242313209808733,1,960,1,0.17006802721088435,84,3,1,0.23938223937897848,1,0.2553191489361702,2973,13008,1,0.16122448979591836,0.10436432637571158,19,3,2,80,0,1,2,3,1,0,0,0,1
31,0.14956855225311602,616,0.1383975026014568,12,3,0.13577586206896552,1,961,4,0.14795918367346939,41,3,2,0.06870368828064846,4,0.12481426448736999,5855,17369,0,0.16122448979591836,0.30528846153846156,11,3,3,80,2,10,2,1,9,7,8,5,0
40,0.2490974729235817,1469,0.1383975026014568,9,4,0.13577586206896552,1,964,4,0.17006802721088435,35,3,1,0.16095890410958943,2,0.10091743119266336,3617,25063,8,0.16122448979591836,0.30528846153846156,14,3,4,80,1,3,2,3,1,1,0,0,0
32,0.14956855225311602,498,0.1383975026014568,3,4,0.13577586206896552,1,966,3,0.14795918367346939,93,3,2,0.06896586105729074,1,0.12481426448736999,6725,13554,1,0.16122448979591836,0.10436432637571158,12,3,3,80,1,8,2,4,8,7,6,3,0
36,0.14956855225311602,530,0.2062780269058296,3,1,0.14686468646864687,1,967,3,0.17006802721088435,51,2,3,0.17484662576687046,4,0.12481426448736999,10325,5518,1,0.16122448979591836,0.30528846153846156,11,3,1,80,1,16,6,3,16,7,3,7,1
33,0.14956855225311602,1069,0.1383975026014568,1,3,0.14686468646864687,1,969,2,0.14795918367346939,42,2,2,0.06870368828064846,4,0.2553191489361702,6949,12291,0,0.16122448979591836,0.10436432637571158,14,3,1,80,0,6,3,3,5,0,1,4,0
37,0.14956855225311602,625,0.2062780269058296,1,4,0.14686468646864687,1,970,1,0.17006802721088435,46,2,3,0.17484662576687046,3,0.12481426448736999,10609,14922,5,0.16122448979591836,0.10436432637571158,11,3,3,80,0,17,2,1,14,1,11,7,1
45,0.08000018359368788,805,0.1383975026014568,4,2,0.14686468646864687,1,972,3,0.17006802721088435,57,3,2,0.23938223937897848,2,0.12481426448736999,4447,23163,1,0.16122448979591836,0.10436432637571158,12,3,2,80,0,9,5,2,9,7,0,8,0
29,0.2490974729235817,1404,0.2062780269058296,20,3,0.24242313209808733,1,974,3,0.14795918367346939,84,3,1,0.3971571172349599,4,0.12481426448736999,2157,18203,1,0.16122448979591836,0.10436432637571158,15,3,2,80,1,3,5,3,3,1,0,2,0
35,0.14956855225311602,1219,0.2062780269058296,18,3,0.13577586206896552,1,975,3,0.14795918367346939,86,3,2,0.17484662576687046,3,0.12481426448736999,4601,6179,1,0.16122448979591836,0.10436432637571158,16,3,2,80,0,5,3,3,5,2,1,0,0
52,0.14956855225311602,1053,0.1383975026014568,1,2,0.14686468646864687,1,976,4,0.17006802721088435,70,3,4,0.04905041685272943,4,0.12481426448736999,17099,13829,2,0.16122448979591836,0.10436432637571158,15,3,2,80,1,26,2,2,9,8,7,8,0
58,0.14956855225311602,289,0.1383975026014568,2,3,0.24242313209808733,1,977,4,0.17006802721088435,51,3,1,0.16095890410958943,3,0.2553191489361702,2479,26227,4,0.16122448979591836,0.10436432637571158,24,4,1,80,0,7,4,3,1,0,0,0,1
53,0.14956855225311602,1376,0.2062780269058296,2,2,0.13577586206896552,1,981,3,0.17006802721088435,45,3,4,0.04905041685272943,3,0.10091743119266336,14852,13938,6,0.16122448979591836,0.10436432637571158,13,3,3,80,1,22,3,4,17,13,15,2,0
30,0.14956855225311602,231,0.2062780269058296,8,2,0.13420118338933018,1,982,3,0.17006802721088435,62,3,3,0.17484662576687046,3,0.10091743119266336,7264,9977,5,0.16122448979591836,0.10436432637571158,11,3,1,80,1,10,2,4,8,4,7,7,0
38,0.08000018359368788,152,0.2062780269058296,10,3,0.24242313209808733,1,983,3,0.14795918367346939,85,3,2,0.17484662576687046,4,0.2553191489361702,5666,19899,1,0.16122448979591836,0.30528846153846156,13,3,2,80,0,6,1,3,5,3,1,3,0
35,0.14956855225311602,882,0.2062780269058296,3,4,0.14686468646864687,1,984,4,0.17006802721088435,92,3,3,0.17484662576687046,4,0.10091743119266336,7823,6812,6,0.16122448979591836,0.10436432637571158,13,3,2,80,1,12,2,3,10,9,0,8,0
39,0.14956855225311602,903,0.2062780269058296,2,5,0.14686468646864687,1,985,1,0.17006802721088435,41,4,3,0.17484662576687046,3,0.2553191489361702,7880,2560,0,0.16122448979591836,0.10436432637571158,18,3,4,80,0,9,3,3,8,7,0,7,0
40,0.08000018359368788,1479,0.2062780269058296,24,3,0.14686468646864687,1,986,2,0.14795918367346939,100,4,4,0.17484662576687046,2,0.2553191489361702,13194,17071,4,0.16122448979591836,0.30528846153846156,16,3,4,80,0,22,2,2,1,0,0,0,1
47,0.2490974729235817,1379,0.1383975026014568,16,4,0.13577586206896552,1,987,3,0.17006802721088435,64,4,2,0.06896586105729074,3,0.10091743119266336,5067,6759,1,0.16122448979591836,0.30528846153846156,19,3,3,80,0,20,3,4,19,10,2,7,0
36,0.08000018359368788,1229,0.2062780269058296,8,4,0.24242313209808733,1,990,1,0.17006802721088435,84,3,2,0.17484662576687046,4,0.10091743119266336,5079,25952,4,0.16122448979591836,0.10436432637571158,13,3,4,80,2,12,3,3,7,7,0,7,0
31,0.08000018359368788,335,0.1383975026014568,9,2,0.13577586206896552,1,991,3,0.17006802721088435,46,2,1,0.16095890410958943,1,0.2553191489361702,2321,10322,0,0.16122448979591836,0.30528846153846156,22,4,1,80,0,4,0,3,3,2,1,2,1
33,0.08000018359368788,722,0.2062780269058296,17,3,0.14686468646864687,1,992,4,0.17006802721088435,38,3,4,0.04905041685272943,3,0.2553191489361702,17444,20489,1,0.16122448979591836,0.10436432637571158,11,3,4,80,0,10,2,3,10,8,6,0,0
29,0.14956855225311602,906,0.1383975026014568,10,3,0.14686468646864687,1,994,4,0.14795918367346939,92,2,1,0.16095890410958943,1,0.2553191489361702,2404,11479,6,0.16122448979591836,0.30528846153846156,20,4,3,80,0,3,5,3,0,0,0,0,1
33,0.14956855225311602,461,0.1383975026014568,13,1,0.14686468646864687,1,995,2,0.14795918367346939,53,3,1,0.16095890410958943,4,0.2553191489361702,3452,17241,3,0.16122448979591836,0.10436432637571158,18,3,1,80,0,5,4,3,3,2,0,2,0
45,0.14956855225311602,974,0.1383975026014568,1,4,0.13577586206896552,1,996,4,0.14795918367346939,91,3,1,0.23938223937897848,4,0.10091743119266336,2270,11005,3,0.16122448979591836,0.10436432637571158,14,3,4,80,2,8,2,3,5,3,0,2,0
50,0.14956855225311602,1126,0.1383975026014568,1,2,0.13577586206896552,1,997,4,0.17006802721088435,66,3,4,0.02533683182797013,4,0.10091743119266336,17399,6615,9,0.16122448979591836,0.10436432637571158,22,4,3,80,1,32,1,2,5,4,1,3,0
33,0.2490974729235817,827,0.1383975026014568,1,4,0.13420118338933018,1,998,3,0.14795918367346939,84,4,2,0.06870368828064846,2,0.12481426448736999,5488,20161,1,0.16122448979591836,0.30528846153846156,13,3,1,80,1,6,2,3,6,5,1,2,0
41,0.2490974729235817,840,0.1383975026014568,9,3,0.13577586206896552,1,999,1,0.17006802721088435,64,3,5,0.02533683182797013,3,0.10091743119266336,19419,3735,2,0.16122448979591836,0.10436432637571158,17,3,2,80,1,21,2,4,18,16,0,11,0
27,0.14956855225311602,1134,0.1383975026014568,16,4,0.24242313209808733,1,1001,3,0.14795918367346939,37,3,1,0.23938223937897848,2,0.12481426448736999,2811,12086,9,0.16122448979591836,0.10436432637571158,14,3,2,80,1,4,2,3,2,2,2,2,0
45,0.08000018359368788,248,0.1383975026014568,23,2,0.14686468646864687,1,1002,4,0.17006802721088435,42,3,2,0.23938223937897848,1,0.12481426448736999,3633,14039,1,0.16122448979591836,0.30528846153846156,15,3,3,80,1,9,2,3,9,8,0,8,0
47,0.14956855225311602,955,0.2062780269058296,4,2,0.14686468646864687,1,1003,4,0.14795918367346939,83,3,2,0.17484662576687046,4,0.2553191489361702,4163,8571,1,0.16122448979591836,0.30528846153846156,17,3,3,80,0,9,0,3,9,0,0,7,0
30,0.14956855225311602,138,0.1383975026014568,22,3,0.14686468646864687,1,1004,1,0.14795918367346939,48,3,1,0.16095890410958943,3,0.12481426448736999,2132,11539,4,0.16122448979591836,0.30528846153846156,11,3,2,80,0,7,2,3,5,2,0,1,1
50,0.14956855225311602,939,0.1383975026014568,24,3,0.14686468646864687,1,1005,4,0.17006802721088435,95,3,4,0.06896586105729074,3,0.12481426448736999,13973,4161,3,0.16122448979591836,0.30528846153846156,18,3,4,80,1,22,2,3,12,11,1,5,0
38,0.2490974729235817,1391,0.1383975026014568,10,1,0.13577586206896552,1,1006,3,0.17006802721088435,66,3,1,0.16095890410958943,3,0.12481426448736999,2684,12127,0,0.16122448979591836,0.10436432637571158,17,3,2,80,1,3,0,2,2,1,0,2,0
46,0.14956855225311602,566,0.1383975026014568,7,2,0.13577586206896552,1,1007,4,0.17006802721088435,75,3,3,0.06896586105729074,3,0.10091743119266336,10845,24208,6,0.16122448979591836,0.10436432637571158,13,3,2,80,1,13,3,3,8,7,0,7,0
24,0.14956855225311602,1206,0.1383975026014568,17,1,0.13577586206896552,1,1009,4,0.14795918367346939,41,2,2,0.06896586105729074,3,0.10091743119266336,4377,24117,1,0.16122448979591836,0.10436432637571158,15,3,2,80,2,5,6,3,4,2,3,2,0
35,0.14956855225311602,622,0.1383975026014568,14,4,0.13420118338933018,1,1010,3,0.17006802721088435,39,2,1,0.23938223937897848,2,0.10091743119266336,3743,10074,1,0.16122448979591836,0.30528846153846156,24,4,4,80,1,5,2,1,4,2,0,2,1
31,0.2490974729235817,853,0.1383975026014568,1,1,0.14686468646864687,1,1011,3,0.14795918367346939,96,3,2,0.06896586105729074,1,0.12481426448736999,4148,11275,1,0.16122448979591836,0.10436432637571158,12,3,3,80,1,4,1,3,4,3,0,3,0
18,0.08000018359368788,287,0.1383975026014568,5,2,0.14686468646864687,1,1012,2,0.17006802721088435,73,3,1,0.16095890410958943,4,0.2553191489361702,1051,13493,1,0.16122448979591836,0.10436432637571158,15,3,4,80,0,0,2,3,0,0,0,0,0
54,0.14956855225311602,1441,0.1383975026014568,17,3,0.24242313209808733,1,1013,3,0.14795918367346939,56,3,3,0.06896586105729074,3,0.12481426448736999,10739,13943,8,0.16122448979591836,0.10436432637571158,11,3,3,80,1,22,2,3,10,7,0,8,0
35,0.14956855225311602,583,0.1383975026014568,25,4,0.13577586206896552,1,1014,3,0.14795918367346939,57,3,3,0.06870368828064846,3,0.10091743119266336,10388,6975,1,0.16122448979591836,0.30528846153846156,11,3,3,80,1,16,3,2,16,10,10,1,0
30,0.14956855225311602,153,0.1383975026014568,8,2,0.14686468646864687,1,1015,2,0.14795918367346939,73,4,3,0.02533683182797013,1,0.12481426448736999,11416,17802,0,0.16122448979591836,0.30528846153846156,12,3,3,80,3,9,4,2,8,7,1,7,0
20,0.14956855225311602,1097,0.1383975026014568,11,3,0.13577586206896552,1,1016,4,0.14795918367346939,98,2,1,0.16095890410958943,1,0.2553191489361702,2600,18275,1,0.16122448979591836,0.30528846153846156,15,3,1,80,0,1,2,3,1,0,0,0,1
30,0.2490974729235817,109,0.1383975026014568,5,3,0.13577586206896552,1,1017,2,0.14795918367346939,60,3,1,0.23938223937897848,2,0.2553191489361702,2422,25725,0,0.16122448979591836,0.10436432637571158,17,3,1,80,0,4,3,3,3,2,1,2,1
26,0.14956855225311602,1066,0.1383975026014568,2,2,0.13577586206896552,1,1018,4,0.17006802721088435,32,4,2,0.06896586105729074,4,0.12481426448736999,5472,3334,1,0.16122448979591836,0.10436432637571158,12,3,2,80,0,8,2,3,8,7,1,3,0
22,0.14956855225311602,217,0.1383975026014568,8,1,0.14686468646864687,1,1019,2,0.17006802721088435,94,1,1,0.23938223937897848,1,0.12481426448736999,2451,6881,1,0.16122448979591836,0.10436432637571158,15,3,1,80,1,4,3,2,4,3,1,1,0
48,0.14956855225311602,277,0.1383975026014568,6,3,0.14686468646864687,1,1022,1,0.17006802721088435,97,2,2,0.06870368828064846,3,0.2553191489361702,4240,13119,2,0.16122448979591836,0.10436432637571158,13,3,4,80,0,19,0,3,2,2,2,2,0
48,0.14956855225311602,1355,0.1383975026014568,4,4,0.14686468646864687,1,1024,3,0.17006802721088435,78,2,3,0.06870368828064846,3,0.2553191489361702,10999,22245,7,0.16122448979591836,0.10436432637571158,14,3,2,80,0,27,3,3,15,11,4,8,0
41,0.14956855225311602,549,0.1383975026014568,7,2,0.13577586206896552,1,1025,4,0.14795918367346939,42,3,2,0.06896586105729074,3,0.2553191489361702,5003,23371,6,0.16122448979591836,0.10436432637571158,14,3,2,80,0,8,6,3,2,2,2,1,0
39,0.14956855225311602,466,0.1383975026014568,1,1,0.14686468646864687,1,1026,4,0.14795918367346939,65,2,4,0.06896586105729074,4,0.12481426448736999,12742,7060,1,0.16122448979591836,0.10436432637571158,16,3,3,80,1,21,3,3,21,6,11,8,0
27,0.14956855225311602,1055,0.1383975026014568,2,4,0.14686468646864687,1,1027,1,0.14795918367346939,47,3,2,0.06896586105729074,4,0.12481426448736999,4227,4658,0,0.16122448979591836,0.10436432637571158,18,3,2,80,1,4,2,3,3,2,2,2,0
35,0.14956855225311602,802,0.1383975026014568,10,3,0.13420118338933018,1,1028,2,0.17006802721088435,45,3,1,0.23938223937897848,4,0.10091743119266336,3917,9541,1,0.16122448979591836,0.10436432637571158,20,4,1,80,1,3,4,2,3,2,1,2,0
42,0.14956855225311602,265,0.2062780269058296,5,2,0.22012573203437844,1,1029,4,0.17006802721088435,90,3,5,0.04905041685272943,3,0.12481426448736999,18303,7770,6,0.16122448979591836,0.10436432637571158,13,3,2,80,0,21,3,4,1,0,0,0,0
50,0.14956855225311602,804,0.1383975026014568,9,3,0.14686468646864687,1,1030,1,0.17006802721088435,64,3,1,0.23938223937897848,4,0.12481426448736999,2380,20165,4,0.16122448979591836,0.10436432637571158,18,3,2,80,0,8,5,3,1,0,0,0,0
59,0.14956855225311602,715,0.1383975026014568,2,3,0.14686468646864687,1,1032,3,0.14795918367346939,69,2,4,0.06896586105729074,4,0.2553191489361702,13726,21829,3,0.16122448979591836,0.30528846153846156,13,3,1,80,0,30,4,3,5,3,4,3,0
37,0.14956855225311602,1141,0.1383975026014568,11,2,0.13577586206896552,1,1033,1,0.14795918367346939,61,1,2,0.06870368828064846,2,0.12481426448736999,4777,14382,5,0.16122448979591836,0.10436432637571158,15,3,1,80,0,15,2,1,1,0,0,0,1
55,0.2490974729235817,135,0.1383975026014568,18,4,0.13577586206896552,1,1034,3,0.17006802721088435,62,3,2,0.06870368828064846,2,0.12481426448736999,6385,12992,3,0.16122448979591836,0.30528846153846156,14,3,4,80,2,17,3,3,8,7,6,7,0
41,0.08000018359368788,247,0.1383975026014568,7,1,0.14686468646864687,1,1035,2,0.14795918367346939,55,1,5,0.02533683182797013,3,0.10091743119266336,19973,20284,1,0.16122448979591836,0.10436432637571158,22,4,2,80,2,21,3,3,21,16,5,10,0
38,0.14956855225311602,1035,0.2062780269058296,3,4,0.14686468646864687,1,1036,2,0.17006802721088435,42,3,2,0.17484662576687046,4,0.2553191489361702,6861,4981,8,0.16122448979591836,0.30528846153846156,12,3,3,80,0,19,1,3,1,0,0,0,0
26,0.08000018359368788,265,0.2062780269058296,29,2,0.13577586206896552,1,1037,2,0.17006802721088435,79,1,2,0.17484662576687046,1,0.2553191489361702,4969,21813,8,0.16122448979591836,0.10436432637571158,18,3,4,80,0,7,6,3,2,2,2,2,1
52,0.14956855225311602,266,0.2062780269058296,2,1,0.22012573203437844,1,1038,1,0.14795918367346939,57,1,5,0.04905041685272943,4,0.12481426448736999,19845,25846,1,0.16122448979591836,0.10436432637571158,15,3,4,80,1,33,3,3,32,14,6,9,1
44,0.14956855225311602,1448,0.2062780269058296,28,3,0.13577586206896552,1,1039,4,0.14795918367346939,53,4,4,0.17484662576687046,4,0.12481426448736999,13320,11737,3,0.16122448979591836,0.30528846153846156,18,3,3,80,1,23,2,3,12,11,11,11,0
50,0.08000018359368788,145,0.2062780269058296,1,3,0.14686468646864687,1,1040,4,0.14795918367346939,95,3,2,0.17484662576687046,3,0.12481426448736999,6347,24920,0,0.16122448979591836,0.10436432637571158,12,3,1,80,1,19,3,3,18,7,0,13,0
36,0.14956855225311602,885,0.1383975026014568,16,4,0.14686468646864687,1,1042,3,0.14795918367346939,43,4,1,0.23938223937897848,1,0.2553191489361702,2743,8269,1,0.16122448979591836,0.10436432637571158,16,3,3,80,0,18,1,3,17,13,15,14,1
39,0.2490974729235817,945,0.1383975026014568,22,3,0.13577586206896552,1,1043,4,0.14795918367346939,82,3,3,0.06896586105729074,1,0.2553191489361702,10880,5083,1,0.16122448979591836,0.30528846153846156,13,3,3,80,0,21,2,3,21,6,2,8,0
33,0.08000018359368788,1038,0.2062780269058296,8,1,0.14686468646864687,1,1044,2,0.14795918367346939,88,2,1,0.3971571172349599,4,0.2553191489361702,2342,21437,0,0.16122448979591836,0.10436432637571158,19,3,4,80,0,3,2,2,2,2,2,2,0
45,0.14956855225311602,1234,0.2062780269058296,11,2,0.14686468646864687,1,1045,4,0.14795918367346939,90,3,4,0.04905041685272943,4,0.12481426448736999,17650,5404,3,0.16122448979591836,0.10436432637571158,13,3,2,80,1,26,4,4,9,3,1,1,0
32,0.08000018359368788,1109,0.1383975026014568,29,4,0.13577586206896552,1,1046,4,0.14795918367346939,69,3,1,0.23938223937897848,3,0.2553191489361702,4025,11135,9,0.16122448979591836,0.10436432637571158,12,3,2,80,0,10,2,3,8,7,7,7,0
34,0.14956855225311602,216,0.2062780269058296,1,4,0.22012573203437844,1,1047,2,0.17006802721088435,75,4,2,0.17484662576687046,4,0.10091743119266336,9725,12278,0,0.16122448979591836,0.10436432637571158,11,3,4,80,1,16,2,2,15,1,0,9,0
59,0.14956855225311602,1089,0.2062780269058296,1,2,0.24242313209808733,1,1048,2,0.17006802721088435,66,3,3,0.04905041685272943,4,0.12481426448736999,11904,11038,3,0.16122448979591836,0.30528846153846156,14,3,3,80,1,14,1,1,6,4,0,4,0
45,0.14956855225311602,788,0.19008460036286423,24,4,0.13577586206896552,1,1049,2,0.17006802721088435,36,3,1,0.22804546072229726,2,0.2553191489361702,2177,8318,1,0.16122448979591836,0.10436432637571158,16,3,1,80,0,6,3,3,6,3,0,4,0
53,0.2490974729235817,124,0.2062780269058296,2,3,0.22012573203437844,1,1050,3,0.14795918367346939,38,2,3,0.17484662576687046,2,0.12481426448736999,7525,23537,2,0.16122448979591836,0.10436432637571158,12,3,1,80,1,30,2,3,15,7,6,12,0
36,0.14956855225311602,660,0.1383975026014568,15,3,0.13420118338933018,1,1052,1,0.17006802721088435,81,3,2,0.23938223937897848,3,0.10091743119266336,4834,7858,7,0.16122448979591836,0.10436432637571158,14,3,2,80,1,9,3,2,1,0,0,0,1
26,0.2490974729235817,342,0.1383975026014568,2,3,0.14686468646864687,1,1053,1,0.17006802721088435,57,3,1,0.16095890410958943,1,0.12481426448736999,2042,15346,6,0.16122448979591836,0.30528846153846156,14,3,2,80,1,6,2,3,3,2,1,2,1
34,0.14956855225311602,1333,0.2062780269058296,10,4,0.14686468646864687,1,1055,3,0.14795918367346939,87,3,1,0.3971571172349599,3,0.12481426448736999,2220,18410,1,0.16122448979591836,0.30528846153846156,19,3,4,80,1,1,2,3,1,1,0,0,0
28,0.14956855225311602,1144,0.2062780269058296,10,1,0.13577586206896552,1,1056,4,0.17006802721088435,74,3,1,0.3971571172349599,2,0.12481426448736999,1052,23384,1,0.16122448979591836,0.10436432637571158,22,4,2,80,0,1,5,3,1,0,0,0,0
38,0.2490974729235817,1186,0.1383975026014568,3,4,0.13420118338933018,1,1060,3,0.17006802721088435,44,3,1,0.16095890410958943,3,0.12481426448736999,2821,2997,3,0.16122448979591836,0.10436432637571158,16,3,1,80,1,8,2,3,2,2,2,2,0
50,0.14956855225311602,1464,0.1383975026014568,2,4,0.13577586206896552,1,1061,2,0.17006802721088435,62,3,5,0.02533683182797013,3,0.12481426448736999,19237,12853,2,0.16122448979591836,0.30528846153846156,11,3,4,80,1,29,2,2,8,1,7,7,0
37,0.14956855225311602,124,0.1383975026014568,3,3,0.13420118338933018,1,1062,4,0.14795918367346939,35,3,2,0.06870368828064846,2,0.2553191489361702,4107,13848,3,0.16122448979591836,0.10436432637571158,15,3,1,80,0,8,3,2,4,3,0,1,0
40,0.14956855225311602,300,0.2062780269058296,26,3,0.22012573203437844,1,1066,3,0.17006802721088435,74,3,2,0.17484662576687046,1,0.12481426448736999,8396,22217,1,0.16122448979591836,0.10436432637571158,14,3,2,80,1,8,3,2,7,7,7,5,0
26,0.2490974729235817,921,0.1383975026014568,1,1,0.13577586206896552,1,1068,1,0.14795918367346939,66,2,1,0.16095890410958943,3,0.10091743119266336,2007,25265,1,0.16122448979591836,0.10436432637571158,13,3,3,80,2,5,5,3,5,3,1,3,0
46,0.14956855225311602,430,0.1383975026014568,1,4,0.13577586206896552,1,1069,4,0.17006802721088435,40,3,5,0.02533683182797013,4,0.10091743119266336,19627,21445,9,0.16122448979591836,0.10436432637571158,17,3,4,80,2,23,0,3,2,2,2,2,0
54,0.14956855225311602,1082,0.2062780269058296,2,4,0.14686468646864687,1,1070,3,0.14795918367346939,41,2,3,0.17484662576687046,3,0.12481426448736999,10686,8392,6,0.16122448979591836,0.10436432637571158,11,3,2,80,1,13,4,3,9,4,7,0,0
56,0.2490974729235817,1240,0.1383975026014568,9,3,0.13577586206896552,1,1071,1,0.14795918367346939,63,3,1,0.16095890410958943,3,0.12481426448736999,2942,12154,2,0.16122448979591836,0.10436432637571158,19,3,2,80,1,18,4,3,5,4,0,3,0
36,0.14956855225311602,796,0.1383975026014568,12,5,0.13577586206896552,1,1073,4,0.14795918367346939,51,2,3,0.06896586105729074,4,0.2553191489361702,8858,15669,0,0.16122448979591836,0.10436432637571158,11,3,2,80,0,15,2,2,14,8,7,8,0
55,0.08000018359368788,444,0.1383975026014568,2,1,0.13577586206896552,1,1074,3,0.17006802721088435,40,2,4,0.04905041685272943,1,0.2553191489361702,16756,17323,7,0.16122448979591836,0.10436432637571158,15,3,2,80,0,31,3,4,9,7,6,2,0
43,0.14956855225311602,415,0.2062780269058296,25,3,0.13577586206896552,1,1076,3,0.17006802721088435,79,2,3,0.17484662576687046,4,0.10091743119266336,10798,5268,5,0.16122448979591836,0.10436432637571158,13,3,3,80,1,18,5,3,1,0,0,0,0
20,0.2490974729235817,769,0.2062780269058296,9,3,0.22012573203437844,1,1077,4,0.14795918367346939,54,3,1,0.3971571172349599,4,0.2553191489361702,2323,17205,1,0.16122448979591836,0.30528846153846156,14,3,2,80,0,2,3,3,2,2,0,2,1
21,0.14956855225311602,1334,0.1383975026014568,10,3,0.14686468646864687,1,1079,3,0.14795918367346939,36,2,1,0.23938223937897848,1,0.2553191489361702,1416,17258,1,0.16122448979591836,0.10436432637571158,13,3,1,80,0,1,6,2,1,0,1,0,1
46,0.14956855225311602,1003,0.1383975026014568,8,4,0.14686468646864687,1,1080,4,0.14795918367346939,74,2,2,0.16095890410958943,1,0.10091743119266336,4615,21029,8,0.16122448979591836,0.30528846153846156,23,4,1,80,3,19,2,3,16,13,1,7,0
51,0.14956855225311602,1323,0.1383975026014568,4,4,0.14686468646864687,1,1081,1,0.17006802721088435,34,3,1,0.16095890410958943,3,0.12481426448736999,2461,10332,9,0.16122448979591836,0.30528846153846156,12,3,3,80,3,18,2,4,10,0,2,7,1
28,0.08000018359368788,1366,0.1383975026014568,24,2,0.24242313209808733,1,1082,2,0.17006802721088435,72,2,3,0.06870368828064846,1,0.2553191489361702,8722,12355,1,0.16122448979591836,0.10436432637571158,12,3,1,80,0,10,2,2,10,7,1,9,1
26,0.14956855225311602,192,0.1383975026014568,1,2,0.13577586206896552,1,1083,1,0.17006802721088435,59,2,1,0.23938223937897848,1,0.12481426448736999,3955,11141,1,0.16122448979591836,0.10436432637571158,16,3,1,80,2,6,2,3,5,3,1,3,0
30,0.14956855225311602,1176,0.1383975026014568,20,3,0.13420118338933018,1,1084,3,0.17006802721088435,85,3,2,0.06896586105729074,1,0.12481426448736999,9957,9096,0,0.16122448979591836,0.10436432637571158,15,3,3,80,1,7,1,2,6,2,0,2,0
41,0.14956855225311602,509,0.1383975026014568,7,2,0.24242313209808733,1,1085,2,0.14795918367346939,43,4,1,0.16095890410958943,3,0.12481426448736999,3376,18863,1,0.16122448979591836,0.10436432637571158,13,3,3,80,0,10,3,3,10,6,0,8,0
38,0.14956855225311602,330,0.1383975026014568,17,1,0.14686468646864687,1,1088,3,0.14795918367346939,65,2,3,0.06870368828064846,3,0.12481426448736999,8823,24608,0,0.16122448979591836,0.10436432637571158,18,3,1,80,1,20,4,2,19,9,1,9,0
40,0.14956855225311602,1492,0.1383975026014568,20,4,0.24242313209808733,1,1092,1,0.17006802721088435,61,3,3,0.06870368828064846,4,0.12481426448736999,10322,26542,4,0.16122448979591836,0.10436432637571158,20,4,4,80,1,14,6,3,11,10,11,1,0
27,0.08000018359368788,1277,0.1383975026014568,8,5,0.14686468646864687,1,1094,1,0.17006802721088435,87,1,1,0.23938223937897848,3,0.12481426448736999,4621,5869,1,0.16122448979591836,0.10436432637571158,19,3,4,80,3,3,4,3,3,2,1,2,0
55,0.2490974729235817,1091,0.1383975026014568,2,1,0.14686468646864687,1,1096,4,0.17006802721088435,65,3,3,0.06896586105729074,2,0.12481426448736999,10976,15813,3,0.16122448979591836,0.10436432637571158,18,3,2,80,1,23,4,3,3,2,1,2,0
28,0.14956855225311602,857,0.1383975026014568,10,3,0.13420118338933018,1,1097,3,0.14795918367346939,59,3,2,0.16095890410958943,3,0.2553191489361702,3660,7909,3,0.16122448979591836,0.10436432637571158,13,3,4,80,0,10,4,4,8,7,1,7,0
44,0.14956855225311602,1376,0.19008460036286423,1,2,0.13577586206896552,1,1098,2,0.17006802721088435,91,2,3,0.22804546072229726,1,0.12481426448736999,10482,2326,9,0.16122448979591836,0.10436432637571158,14,3,4,80,1,24,1,3,20,6,3,6,1
33,0.14956855225311602,654,0.1383975026014568,5,3,0.14686468646864687,1,1099,4,0.17006802721088435,34,2,3,0.06870368828064846,4,0.10091743119266336,7119,21214,4,0.16122448979591836,0.10436432637571158,15,3,3,80,1,9,2,3,3,2,1,2,0
35,0.14956855225311602,1204,0.2062780269058296,4,3,0.24242313209808733,1,1100,4,0.17006802721088435,86,3,3,0.17484662576687046,1,0.2553191489361702,9582,10333,0,0.16122448979591836,0.30528846153846156,22,4,1,80,0,9,2,3,8,7,4,7,1
33,0.2490974729235817,827,0.1383975026014568,29,4,0.13577586206896552,1,1101,1,0.14795918367346939,54,2,2,0.16095890410958943,3,0.2553191489361702,4508,3129,1,0.16122448979591836,0.10436432637571158,22,4,2,80,0,14,4,3,13,7,3,8,1
28,0.14956855225311602,895,0.1383975026014568,15,2,0.14686468646864687,1,1102,1,0.17006802721088435,50,3,1,0.23938223937897848,3,0.10091743119266336,2207,22482,1,0.16122448979591836,0.10436432637571158,16,3,4,80,1,4,5,2,4,2,2,2,0
34,0.2490974729235817,618,0.1383975026014568,3,1,0.14686468646864687,1,1103,1,0.17006802721088435,45,3,2,0.06870368828064846,4,0.2553191489361702,7756,22266,0,0.16122448979591836,0.10436432637571158,17,3,3,80,0,7,1,2,6,2,0,4,0
37,0.14956855225311602,309,0.2062780269058296,10,4,0.14686468646864687,1,1105,4,0.14795918367346939,88,2,2,0.17484662576687046,4,0.10091743119266336,6694,24223,2,0.16122448979591836,0.30528846153846156,14,3,3,80,3,8,5,3,1,0,0,0,0
25,0.14956855225311602,1219,0.1383975026014568,4,1,0.24242313209808733,1,1106,4,0.17006802721088435,32,3,1,0.23938223937897848,4,0.12481426448736999,3691,4605,1,0.16122448979591836,0.30528846153846156,15,3,2,80,1,7,3,4,7,7,5,6,1
26,0.14956855225311602,1330,0.1383975026014568,21,3,0.13577586206896552,1,1107,1,0.17006802721088435,37,3,1,0.23938223937897848,3,0.10091743119266336,2377,19373,1,0.16122448979591836,0.10436432637571158,20,4,3,80,1,1,0,2,1,1,0,0,1
33,0.14956855225311602,1017,0.1383975026014568,25,3,0.13577586206896552,1,1108,1,0.17006802721088435,55,2,1,0.16095890410958943,2,0.2553191489361702,2313,2993,4,0.16122448979591836,0.30528846153846156,20,4,2,80,0,5,0,3,2,2,2,2,1
42,0.14956855225311602,469,0.1383975026014568,2,2,0.13577586206896552,1,1109,4,0.17006802721088435,35,3,4,0.04905041685272943,1,0.12481426448736999,17665,14399,0,0.16122448979591836,0.10436432637571158,17,3,4,80,1,23,3,3,22,6,13,7,0
28,0.2490974729235817,1009,0.1383975026014568,1,3,0.13577586206896552,1,1111,1,0.17006802721088435,45,2,1,0.23938223937897848,2,0.10091743119266336,2596,7160,1,0.16122448979591836,0.10436432637571158,15,3,1,80,2,1,2,3,1,0,0,0,1
50,0.2490974729235817,959,0.2062780269058296,1,4,0.13420118338933018,1,1113,4,0.17006802721088435,81,3,2,0.17484662576687046,3,0.2553191489361702,4728,17251,3,0.16122448979591836,0.30528846153846156,14,3,4,80,0,5,4,3,0,0,0,0,1
33,0.2490974729235817,970,0.2062780269058296,7,3,0.14686468646864687,1,1114,4,0.14795918367346939,30,3,2,0.17484662576687046,2,0.12481426448736999,4302,13401,0,0.16122448979591836,0.10436432637571158,17,3,3,80,1,4,3,3,3,2,0,2,0
34,0.08000018359368788,697,0.1383975026014568,3,4,0.14686468646864687,1,1115,3,0.17006802721088435,40,2,1,0.16095890410958943,4,0.12481426448736999,2979,22478,3,0.16122448979591836,0.10436432637571158,17,3,4,80,3,6,2,3,0,0,0,0,0
48,0.08000018359368788,1262,0.1383975026014568,1,4,0.13577586206896552,1,1116,1,0.17006802721088435,35,4,4,0.04905041685272943,4,0.2553191489361702,16885,16154,2,0.16122448979591836,0.10436432637571158,22,4,3,80,0,27,3,2,5,4,2,1,0
45,0.08000018359368788,1050,0.2062780269058296,9,4,0.14686468646864687,1,1117,2,0.14795918367346939,65,2,2,0.17484662576687046,3,0.12481426448736999,5593,17970,1,0.16122448979591836,0.10436432637571158,13,3,4,80,1,15,2,3,15,10,4,12,0
52,0.14956855225311602,994,0.1383975026014568,7,4,0.14686468646864687,1,1118,2,0.17006802721088435,87,3,3,0.06870368828064846,2,0.2553191489361702,10445,15322,7,0.16122448979591836,0.10436432637571158,19,3,4,80,0,18,4,3,8,6,4,0,0
38,0.14956855225311602,770,0.2062780269058296,10,4,0.22012573203437844,1,1119,3,0.17006802721088435,73,2,3,0.17484662576687046,3,0.10091743119266336,8740,5569,0,0.16122448979591836,0.30528846153846156,14,3,2,80,2,9,2,3,8,7,2,7,0
29,0.14956855225311602,1107,0.1383975026014568,28,4,0.14686468646864687,1,1120,3,0.14795918367346939,93,3,1,0.16095890410958943,4,0.10091743119266336,2514,26968,4,0.16122448979591836,0.10436432637571158,22,4,1,80,1,11,1,3,7,5,1,7,0
28,0.14956855225311602,950,0.1383975026014568,3,3,0.13577586206896552,1,1121,4,0.14795918367346939,93,3,3,0.06896586105729074,2,0.10091743119266336,7655,8039,0,0.16122448979591836,0.10436432637571158,17,3,2,80,3,10,3,2,9,7,1,7,0
46,0.14956855225311602,406,0.2062780269058296,3,1,0.22012573203437844,1,1124,1,0.17006802721088435,52,3,4,0.04905041685272943,3,0.12481426448736999,17465,15596,3,0.16122448979591836,0.10436432637571158,12,3,4,80,1,23,3,3,12,9,4,9,0
38,0.14956855225311602,130,0.2062780269058296,2,2,0.22012573203437844,1,1125,4,0.17006802721088435,32,3,3,0.17484662576687046,2,0.2553191489361702,7351,20619,7,0.16122448979591836,0.10436432637571158,16,3,3,80,0,10,2,3,1,0,0,0,0
43,0.2490974729235817,1082,0.1383975026014568,27,3,0.14686468646864687,1,1126,3,0.14795918367346939,83,3,3,0.06896586105729074,1,0.12481426448736999,10820,11535,8,0.16122448979591836,0.10436432637571158,11,3,3,80,1,18,1,3,8,7,0,1,0
39,0.2490974729235817,203,0.1383975026014568,2,3,0.14686468646864687,1,1127,1,0.17006802721088435,84,3,4,0.06870368828064846,4,0.10091743119266336,12169,13547,7,0.16122448979591836,0.10436432637571158,11,3,4,80,3,21,4,3,18,7,11,5,1
40,0.14956855225311602,1308,0.1383975026014568,14,3,0.13577586206896552,1,1128,3,0.17006802721088435,44,2,5,0.02533683182797013,3,0.2553191489361702,19626,17544,1,0.16122448979591836,0.10436432637571158,14,3,1,80,0,21,2,4,20,7,4,9,0
21,0.14956855225311602,984,0.1383975026014568,1,1,0.24242313209808733,1,1131,4,0.14795918367346939,70,2,1,0.16095890410958943,2,0.2553191489361702,2070,25326,1,0.16122448979591836,0.30528846153846156,11,3,3,80,0,2,6,4,2,2,2,2,0
39,0.08000018359368788,439,0.1383975026014568,9,3,0.14686468646864687,1,1132,3,0.17006802721088435,70,3,2,0.23938223937897848,2,0.2553191489361702,6782,8770,9,0.16122448979591836,0.10436432637571158,15,3,3,80,0,9,2,2,5,4,0,3,0
36,0.08000018359368788,217,0.1383975026014568,18,4,0.14686468646864687,1,1133,1,0.17006802721088435,78,3,2,0.06896586105729074,4,0.2553191489361702,7779,23238,2,0.16122448979591836,0.10436432637571158,20,4,1,80,0,18,0,3,11,9,0,9,0
31,0.2490974729235817,793,0.2062780269058296,20,3,0.14686468646864687,1,1135,3,0.17006802721088435,67,4,1,0.3971571172349599,4,0.12481426448736999,2791,21981,0,0.16122448979591836,0.10436432637571158,12,3,1,80,1,3,4,3,2,2,2,2,0
28,0.14956855225311602,1451,0.1383975026014568,2,1,0.14686468646864687,1,1136,1,0.17006802721088435,67,2,1,0.16095890410958943,2,0.12481426448736999,3201,19911,0,0.16122448979591836,0.10436432637571158,17,3,1,80,0,6,2,1,5,3,0,4,0
35,0.2490974729235817,1182,0.2062780269058296,11,2,0.22012573203437844,1,1137,4,0.17006802721088435,54,3,2,0.17484662576687046,4,0.10091743119266336,4968,18500,1,0.16122448979591836,0.10436432637571158,11,3,4,80,1,5,3,3,5,2,0,2,0
49,0.14956855225311602,174,0.2062780269058296,8,4,0.24242313209808733,1,1138,4,0.17006802721088435,56,2,4,0.17484662576687046,2,0.12481426448736999,13120,11879,6,0.16122448979591836,0.10436432637571158,17,3,2,80,1,22,3,3,9,8,2,3,0
34,0.2490974729235817,1003,0.1383975026014568,2,2,0.14686468646864687,1,1140,4,0.17006802721088435,95,3,2,0.06896586105729074,3,0.2553191489361702,4033,15834,2,0.16122448979591836,0.10436432637571158,11,3,4,80,0,5,3,2,3,2,0,2,0
29,0.2490974729235817,490,0.1383975026014568,10,3,0.14686468646864687,1,1143,4,0.14795918367346939,61,3,1,0.16095890410958943,2,0.10091743119266336,3291,17940,0,0.16122448979591836,0.10436432637571158,14,3,4,80,2,8,2,2,7,5,1,1,0
42,0.14956855225311602,188,0.1383975026014568,29,3,0.13577586206896552,1,1148,2,0.17006802721088435,56,1,2,0.23938223937897848,4,0.2553191489361702,4272,9558,4,0.16122448979591836,0.10436432637571158,19,3,1,80,0,16,3,3,1,0,0,0,0
29,0.14956855225311602,718,0.1383975026014568,8,1,0.13577586206896552,1,1150,2,0.17006802721088435,79,2,2,0.06896586105729074,4,0.12481426448736999,5056,17689,1,0.16122448979591836,0.30528846153846156,15,3,3,80,1,10,2,2,10,7,1,2,0
38,0.14956855225311602,433,0.19008460036286423,1,3,0.22673012399864786,1,1152,3,0.17006802721088435,37,4,1,0.22804546072229726,3,0.12481426448736999,2844,6004,1,0.16122448979591836,0.10436432637571158,13,3,4,80,1,7,2,4,7,6,5,0,0
28,0.2490974729235817,773,0.1383975026014568,6,3,0.14686468646864687,1,1154,3,0.17006802721088435,39,2,1,0.16095890410958943,3,0.10091743119266336,2703,22088,1,0.16122448979591836,0.30528846153846156,14,3,4,80,1,3,2,3,3,1,0,2,0
18,0.08000018359368788,247,0.1383975026014568,8,1,0.13577586206896552,1,1156,3,0.17006802721088435,80,3,1,0.23938223937897848,3,0.2553191489361702,1904,13556,1,0.16122448979591836,0.10436432637571158,12,3,4,80,0,0,0,3,0,0,0,0,1
33,0.14956855225311602,603,0.2062780269058296,9,4,0.22012573203437844,1,1157,1,0.14795918367346939,77,3,2,0.17484662576687046,1,0.2553191489361702,8224,18385,0,0.16122448979591836,0.30528846153846156,17,3,1,80,0,6,3,3,5,2,0,3,1
41,0.14956855225311602,167,0.1383975026014568,12,4,0.14686468646864687,1,1158,2,0.17006802721088435,46,3,1,0.23938223937897848,4,0.12481426448736999,4766,9051,3,0.16122448979591836,0.30528846153846156,11,3,1,80,1,6,4,3,1,0,0,0,0
31,0.2490974729235817,874,0.1383975026014568,15,3,0.13577586206896552,1,1160,3,0.17006802721088435,72,3,1,0.23938223937897848,3,0.12481426448736999,2610,6233,1,0.16122448979591836,0.10436432637571158,12,3,3,80,1,2,5,2,2,2,2,2,1
37,0.14956855225311602,367,0.1383975026014568,25,2,0.13577586206896552,1,1161,3,0.14795918367346939,52,2,2,0.06870368828064846,4,0.10091743119266336,5731,17171,7,0.16122448979591836,0.10436432637571158,13,3,3,80,2,9,2,3,6,2,1,3,0
27,0.14956855225311602,199,0.1383975026014568,6,3,0.14686468646864687,1,1162,4,0.17006802721088435,55,2,1,0.16095890410958943,3,0.12481426448736999,2539,7950,1,0.16122448979591836,0.10436432637571158,13,3,3,80,1,4,0,3,4,2,2,2,0
34,0.14956855225311602,1400,0.2062780269058296,9,1,0.14686468646864687,1,1163,2,0.14795918367346939,70,3,2,0.17484662576687046,3,0.12481426448736999,5714,5829,1,0.16122448979591836,0.10436432637571158,20,4,1,80,0,6,3,2,6,5,1,3,0
35,0.14956855225311602,528,0.19008460036286423,8,4,0.24242313209808733,1,1164,3,0.17006802721088435,100,3,1,0.22804546072229726,3,0.2553191489361702,4323,7108,1,0.16122448979591836,0.10436432637571158,17,3,2,80,0,6,2,1,5,4,1,4,0
29,0.14956855225311602,408,0.2062780269058296,23,1,0.14686468646864687,1,1165,4,0.14795918367346939,45,2,3,0.17484662576687046,1,0.12481426448736999,7336,11162,1,0.16122448979591836,0.10436432637571158,13,3,1,80,1,11,3,1,11,8,3,10,1
40,0.2490974729235817,593,0.1383975026014568,9,4,0.13577586206896552,1,1166,2,0.14795918367346939,88,3,3,0.02533683182797013,3,0.2553191489361702,13499,13782,9,0.16122448979591836,0.10436432637571158,17,3,3,80,0,20,3,2,18,7,2,13,0
42,0.2490974729235817,481,0.2062780269058296,12,3,0.14686468646864687,1,1167,3,0.17006802721088435,44,3,4,0.17484662576687046,1,0.2553191489361702,13758,2447,0,0.16122448979591836,0.30528846153846156,12,3,2,80,0,22,2,2,21,9,13,14,1
42,0.14956855225311602,647,0.2062780269058296,4,4,0.22012573203437844,1,1171,2,0.17006802721088435,45,3,2,0.17484662576687046,1,0.2553191489361702,5155,2253,7,0.16122448979591836,0.10436432637571158,13,3,4,80,0,9,3,4,6,4,1,5,0
35,0.14956855225311602,982,0.1383975026014568,1,4,0.13577586206896552,1,1172,4,0.17006802721088435,58,2,1,0.23938223937897848,3,0.12481426448736999,2258,16340,6,0.16122448979591836,0.10436432637571158,12,3,2,80,1,10,2,3,8,0,1,7,0
24,0.14956855225311602,477,0.1383975026014568,24,3,0.13577586206896552,1,1173,4,0.17006802721088435,49,3,1,0.23938223937897848,2,0.2553191489361702,3597,6409,8,0.16122448979591836,0.10436432637571158,22,4,4,80,0,6,2,3,4,3,1,2,0
28,0.14956855225311602,1485,0.1383975026014568,12,1,0.14686468646864687,1,1175,3,0.14795918367346939,79,3,1,0.23938223937897848,4,0.12481426448736999,2515,22955,1,0.16122448979591836,0.30528846153846156,11,3,4,80,0,1,4,2,1,1,0,0,1
26,0.14956855225311602,1384,0.1383975026014568,3,4,0.13577586206896552,1,1177,1,0.17006802721088435,82,4,1,0.23938223937897848,4,0.12481426448736999,4420,13421,1,0.16122448979591836,0.10436432637571158,22,4,2,80,1,8,2,3,8,7,0,7,0
30,0.14956855225311602,852,0.2062780269058296,10,3,0.22012573203437844,1,1179,3,0.17006802721088435,72,2,2,0.17484662576687046,3,0.12481426448736999,6578,2706,1,0.16122448979591836,0.10436432637571158,18,3,1,80,1,10,3,3,10,3,1,4,0
40,0.2490974729235817,902,0.1383975026014568,26,2,0.13577586206896552,1,1180,3,0.14795918367346939,92,2,2,0.16095890410958943,4,0.12481426448736999,4422,21203,3,0.16122448979591836,0.30528846153846156,13,3,4,80,1,16,3,1,1,1,0,0,0
35,0.14956855225311602,819,0.1383975026014568,2,3,0.14686468646864687,1,1182,3,0.17006802721088435,44,2,3,0.06896586105729074,2,0.10091743119266336,10274,19588,2,0.16122448979591836,0.10436432637571158,18,3,2,80,1,15,2,4,7,7,6,4,0
34,0.2490974729235817,669,0.1383975026014568,1,3,0.13577586206896552,1,1184,4,0.17006802721088435,97,2,2,0.06870368828064846,1,0.2553191489361702,5343,25755,0,0.16122448979591836,0.10436432637571158,20,4,3,80,0,14,3,3,13,9,4,9,0
35,0.2490974729235817,636,0.1383975026014568,4,4,0.13420118338933018,1,1185,4,0.17006802721088435,47,2,1,0.23938223937897848,4,0.12481426448736999,2376,26537,1,0.16122448979591836,0.10436432637571158,13,3,2,80,1,2,2,4,2,2,2,2,0
43,0.14956855225311602,1372,0.2062780269058296,9,3,0.22012573203437844,1,1188,1,0.14795918367346939,85,1,2,0.17484662576687046,3,0.2553191489361702,5346,9489,8,0.16122448979591836,0.10436432637571158,13,3,2,80,0,7,2,2,4,3,1,3,1
32,0.08000018359368788,862,0.2062780269058296,2,1,0.14686468646864687,1,1190,3,0.14795918367346939,76,3,1,0.3971571172349599,1,0.10091743119266336,2827,14947,1,0.16122448979591836,0.10436432637571158,12,3,3,80,3,1,3,3,1,0,0,0,0
56,0.14956855225311602,718,0.1383975026014568,4,4,0.24242313209808733,1,1191,4,0.14795918367346939,92,3,5,0.04905041685272943,1,0.10091743119266336,19943,18575,4,0.16122448979591836,0.10436432637571158,13,3,4,80,1,28,2,3,5,2,4,2,0
29,0.14956855225311602,1401,0.1383975026014568,6,1,0.13577586206896552,1,1192,2,0.14795918367346939,54,3,1,0.23938223937897848,4,0.12481426448736999,3131,26342,1,0.16122448979591836,0.10436432637571158,13,3,1,80,1,10,5,3,10,8,0,8,0
19,0.14956855225311602,645,0.1383975026014568,9,2,0.14686468646864687,1,1193,3,0.17006802721088435,54,3,1,0.16095890410958943,1,0.2553191489361702,2552,7172,1,0.16122448979591836,0.10436432637571158,25,4,3,80,0,1,4,3,1,1,0,0,0
45,0.14956855225311602,1457,0.1383975026014568,7,3,0.13577586206896552,1,1195,1,0.14795918367346939,83,3,1,0.16095890410958943,3,0.12481426448736999,4477,20100,4,0.16122448979591836,0.30528846153846156,19,3,3,80,1,7,2,2,3,2,0,2,0
37,0.14956855225311602,977,0.1383975026014568,1,3,0.14686468646864687,1,1196,4,0.14795918367346939,56,2,2,0.06896586105729074,4,0.12481426448736999,6474,9961,1,0.16122448979591836,0.10436432637571158,13,3,2,80,1,14,2,2,14,8,3,11,0
20,0.14956855225311602,805,0.1383975026014568,3,3,0.14686468646864687,1,1198,1,0.17006802721088435,87,2,1,0.23938223937897848,3,0.2553191489361702,3033,12828,1,0.16122448979591836,0.10436432637571158,12,3,1,80,0,2,2,2,2,2,1,2,0
44,0.14956855225311602,1097,0.1383975026014568,10,4,0.14686468646864687,1,1200,3,0.17006802721088435,96,3,1,0.16095890410958943,3,0.2553191489361702,2936,10826,1,0.16122448979591836,0.30528846153846156,11,3,3,80,0,6,4,3,6,4,0,2,1
53,0.14956855225311602,1223,0.1383975026014568,7,2,0.13577586206896552,1,1201,4,0.14795918367346939,50,3,5,0.04905041685272943,3,0.10091743119266336,18606,18640,3,0.16122448979591836,0.10436432637571158,18,3,2,80,1,26,6,3,7,7,4,7,0
29,0.14956855225311602,942,0.1383975026014568,15,1,0.14686468646864687,1,1202,2,0.14795918367346939,69,1,1,0.16095890410958943,4,0.12481426448736999,2168,26933,0,0.16122448979591836,0.30528846153846156,18,3,1,80,1,6,2,2,5,4,1,3,0
22,0.2490974729235817,1256,0.1383975026014568,3,4,0.14686468646864687,1,1203,3,0.17006802721088435,48,2,1,0.16095890410958943,4,0.12481426448736999,2853,4223,0,0.16122448979591836,0.30528846153846156,11,3,2,80,1,1,5,3,0,0,0,0,1
46,0.14956855225311602,1402,0.2062780269058296,2,3,0.22012573203437844,1,1204,3,0.14795918367346939,69,3,4,0.04905041685272943,1,0.12481426448736999,17048,24097,8,0.16122448979591836,0.10436432637571158,23,4,1,80,0,28,2,3,26,15,15,9,0
44,0.08000018359368788,111,0.1383975026014568,17,3,0.14686468646864687,1,1206,4,0.17006802721088435,74,1,1,0.16095890410958943,3,0.2553191489361702,2290,4279,2,0.16122448979591836,0.10436432637571158,13,3,4,80,0,6,3,3,0,0,0,0,0
33,0.14956855225311602,147,0.19008460036286423,2,3,0.22673012399864786,1,1207,2,0.17006802721088435,99,3,1,0.22804546072229726,3,0.12481426448736999,3600,8429,1,0.16122448979591836,0.10436432637571158,13,3,4,80,1,5,2,3,5,4,1,4,0
41,0.08000018359368788,906,0.1383975026014568,5,2,0.14686468646864687,1,1210,1,0.17006802721088435,95,2,1,0.16095890410958943,1,0.10091743119266336,2107,20293,6,0.16122448979591836,0.10436432637571158,17,3,1,80,1,5,2,1,1,0,0,0,1
30,0.14956855225311602,1329,0.2062780269058296,29,4,0.14686468646864687,1,1211,3,0.17006802721088435,61,3,2,0.17484662576687046,1,0.10091743119266336,4115,13192,8,0.16122448979591836,0.10436432637571158,19,3,3,80,3,8,3,3,4,3,0,3,0
40,0.2490974729235817,1184,0.2062780269058296,2,4,0.13577586206896552,1,1212,2,0.17006802721088435,62,3,2,0.17484662576687046,2,0.12481426448736999,4327,25440,5,0.16122448979591836,0.10436432637571158,12,3,4,80,3,5,2,3,0,0,0,0,0
50,0.2490974729235817,1421,0.1383975026014568,2,3,0.13577586206896552,1,1215,4,0.14795918367346939,30,3,4,0.04905041685272943,1,0.12481426448736999,17856,9490,2,0.16122448979591836,0.10436432637571158,22,4,3,80,1,32,3,3,2,2,2,2,0
28,0.14956855225311602,1179,0.1383975026014568,19,4,0.13577586206896552,1,1216,4,0.17006802721088435,78,2,1,0.23938223937897848,1,0.12481426448736999,3196,12449,1,0.16122448979591836,0.10436432637571158,12,3,3,80,3,6,2,3,6,5,3,3,0
46,0.14956855225311602,1450,0.1383975026014568,15,2,0.14686468646864687,1,1217,4,0.17006802721088435,52,3,5,0.02533683182797013,2,0.12481426448736999,19081,10849,5,0.16122448979591836,0.10436432637571158,11,3,1,80,1,25,2,3,4,2,0,3,0
35,0.14956855225311602,1361,0.2062780269058296,17,4,0.14686468646864687,1,1218,3,0.17006802721088435,94,3,2,0.17484662576687046,1,0.12481426448736999,8966,21026,3,0.16122448979591836,0.30528846153846156,15,3,4,80,3,15,2,3,7,7,1,7,0
24,0.14956855225311602,984,0.1383975026014568,17,2,0.14686468646864687,1,1219,4,0.14795918367346939,97,3,1,0.23938223937897848,2,0.12481426448736999,2210,3372,1,0.16122448979591836,0.10436432637571158,13,3,1,80,1,1,3,1,1,0,0,0,1
33,0.2490974729235817,1146,0.2062780269058296,25,3,0.13577586206896552,1,1220,2,0.14795918367346939,82,3,2,0.17484662576687046,3,0.12481426448736999,4539,4905,1,0.16122448979591836,0.10436432637571158,12,3,1,80,1,10,3,2,10,7,0,1,0
36,0.14956855225311602,917,0.1383975026014568,6,4,0.14686468646864687,1,1221,3,0.17006802721088435,60,1,1,0.23938223937897848,3,0.10091743119266336,2741,6865,1,0.16122448979591836,0.10436432637571158,14,3,3,80,1,7,4,3,7,7,1,7,0
30,0.14956855225311602,853,0.1383975026014568,7,4,0.14686468646864687,1,1224,3,0.17006802721088435,49,3,2,0.23938223937897848,3,0.10091743119266336,3491,11309,1,0.16122448979591836,0.10436432637571158,13,3,1,80,3,10,4,2,10,7,8,9,0
44,0.14956855225311602,200,0.1383975026014568,29,4,0.13420118338933018,1,1225,4,0.17006802721088435,32,3,2,0.16095890410958943,4,0.2553191489361702,4541,7744,1,0.16122448979591836,0.10436432637571158,25,4,2,80,0,20,3,3,20,11,13,17,0
20,0.14956855225311602,654,0.2062780269058296,21,3,0.22012573203437844,1,1226,3,0.17006802721088435,43,4,1,0.3971571172349599,4,0.2553191489361702,2678,5050,1,0.16122448979591836,0.10436432637571158,17,3,4,80,0,2,2,3,2,1,2,2,0
46,0.14956855225311602,150,0.1383975026014568,2,4,0.24242313209808733,1,1228,4,0.17006802721088435,60,3,2,0.06896586105729074,4,0.10091743119266336,7379,17433,2,0.16122448979591836,0.10436432637571158,11,3,3,80,1,12,3,2,6,3,1,4,0
42,0.08000018359368788,179,0.19008460036286423,2,5,0.13577586206896552,1,1231,4,0.17006802721088435,79,4,2,0.22804546072229726,1,0.12481426448736999,6272,12858,7,0.16122448979591836,0.10436432637571158,16,3,1,80,1,10,3,4,4,3,0,3,0
60,0.14956855225311602,696,0.2062780269058296,7,4,0.22012573203437844,1,1233,2,0.17006802721088435,52,4,2,0.17484662576687046,4,0.10091743119266336,5220,10893,0,0.16122448979591836,0.30528846153846156,18,3,2,80,1,12,3,3,11,7,1,9,0
32,0.2490974729235817,116,0.1383975026014568,13,3,0.13420118338933018,1,1234,3,0.14795918367346939,77,2,1,0.23938223937897848,2,0.12481426448736999,2743,7331,1,0.16122448979591836,0.10436432637571158,20,4,3,80,1,2,2,3,2,2,2,2,0
32,0.2490974729235817,1316,0.1383975026014568,2,2,0.14686468646864687,1,1235,4,0.14795918367346939,38,3,2,0.16095890410958943,3,0.2553191489361702,4998,2338,4,0.16122448979591836,0.30528846153846156,14,3,4,80,0,10,2,3,8,7,0,7,0
36,0.14956855225311602,363,0.1383975026014568,1,3,0.24242313209808733,1,1237,3,0.14795918367346939,77,1,3,0.06896586105729074,1,0.10091743119266336,10252,4235,2,0.16122448979591836,0.30528846153846156,21,4,3,80,1,17,2,3,7,7,7,7,0
33,0.14956855225311602,117,0.1383975026014568,9,3,0.13577586206896552,1,1238,1,0.17006802721088435,60,3,1,0.16095890410958943,4,0.12481426448736999,2781,6311,0,0.16122448979591836,0.10436432637571158,13,3,2,80,1,15,5,3,14,10,4,10,0
40,0.14956855225311602,107,0.2062780269058296,10,3,0.24242313209808733,1,1239,2,0.14795918367346939,84,2,2,0.17484662576687046,2,0.10091743119266336,6852,11591,7,0.16122448979591836,0.10436432637571158,12,3,2,80,1,7,2,4,5,1,1,3,0
25,0.14956855225311602,1356,0.2062780269058296,10,4,0.14686468646864687,1,1240,3,0.17006802721088435,57,3,2,0.17484662576687046,4,0.2553191489361702,4950,20623,0,0.16122448979591836,0.10436432637571158,14,3,2,80,0,5,4,3,4,3,1,1,0
30,0.14956855225311602,1465,0.1383975026014568,1,3,0.13577586206896552,1,1241,4,0.17006802721088435,63,3,1,0.16095890410958943,2,0.12481426448736999,3579,9369,0,0.16122448979591836,0.30528846153846156,21,4,1,80,1,12,2,3,11,9,5,7,0
42,0.2490974729235817,458,0.1383975026014568,26,5,0.13577586206896552,1,1242,1,0.14795918367346939,60,3,3,0.02533683182797013,1,0.12481426448736999,13191,23281,3,0.16122448979591836,0.30528846153846156,17,3,3,80,0,20,6,3,1,0,0,0,0
35,0.08000018359368788,1212,0.2062780269058296,8,2,0.22012573203437844,1,1243,3,0.14795918367346939,78,2,3,0.17484662576687046,4,0.12481426448736999,10377,13755,4,0.16122448979591836,0.30528846153846156,11,3,2,80,1,16,6,2,13,2,4,12,0
27,0.14956855225311602,1103,0.1383975026014568,14,3,0.14686468646864687,1,1244,1,0.17006802721088435,42,3,1,0.16095890410958943,1,0.12481426448736999,2235,14377,1,0.16122448979591836,0.30528846153846156,14,3,4,80,2,9,3,2,9,7,6,8,0
54,0.2490974729235817,966,0.1383975026014568,1,4,0.14686468646864687,1,1245,4,0.14795918367346939,53,3,3,0.06896586105729074,3,0.10091743119266336,10502,9659,7,0.16122448979591836,0.10436432637571158,17,3,1,80,1,33,2,1,5,4,1,4,0
44,0.14956855225311602,1117,0.1383975026014568,2,1,0.14686468646864687,1,1246,1,0.14795918367346939,72,4,1,0.16095890410958943,4,0.12481426448736999,2011,19982,1,0.16122448979591836,0.10436432637571158,13,3,4,80,1,10,5,3,10,5,7,7,0
19,0.08000018359368788,504,0.1383975026014568,10,3,0.13577586206896552,1,1248,1,0.14795918367346939,96,2,1,0.16095890410958943,2,0.2553191489361702,1859,6148,1,0.16122448979591836,0.30528846153846156,25,4,2,80,0,1,2,4,1,1,0,0,1
29,0.14956855225311602,1010,0.1383975026014568,1,3,0.14686468646864687,1,1249,1,0.14795918367346939,97,3,1,0.16095890410958943,4,0.10091743119266336,3760,5598,1,0.16122448979591836,0.10436432637571158,15,3,1,80,3,3,5,3,3,2,1,2,0
54,0.14956855225311602,685,0.1383975026014568,3,3,0.14686468646864687,1,1250,4,0.17006802721088435,85,3,4,0.02533683182797013,4,0.12481426448736999,17779,23474,3,0.16122448979591836,0.10436432637571158,14,3,1,80,0,36,2,3,10,9,0,9,0
31,0.14956855225311602,1332,0.1383975026014568,11,2,0.13577586206896552,1,1251,3,0.17006802721088435,80,3,2,0.06870368828064846,1,0.12481426448736999,6833,17089,1,0.16122448979591836,0.30528846153846156,12,3,4,80,0,6,2,2,6,5,0,1,0
31,0.14956855225311602,1062,0.1383975026014568,24,3,0.13577586206896552,1,1252,3,0.14795918367346939,96,2,2,0.06870368828064846,1,0.2553191489361702,6812,17198,1,0.16122448979591836,0.10436432637571158,19,3,2,80,0,10,2,3,10,9,1,8,0
59,0.14956855225311602,326,0.2062780269058296,3,3,0.14686468646864687,1,1254,3,0.14795918367346939,48,2,2,0.17484662576687046,4,0.2553191489361702,5171,16490,5,0.16122448979591836,0.10436432637571158,17,3,4,80,0,13,2,3,6,1,0,5,0
43,0.14956855225311602,920,0.1383975026014568,3,3,0.14686468646864687,1,1255,3,0.17006802721088435,96,1,5,0.02533683182797013,4,0.12481426448736999,19740,18625,3,0.16122448979591836,0.10436432637571158,14,3,2,80,1,25,2,3,8,7,0,7,0
49,0.14956855225311602,1098,0.1383975026014568,4,2,0.13577586206896552,1,1256,1,0.17006802721088435,85,2,5,0.04905041685272943,3,0.12481426448736999,18711,12124,2,0.16122448979591836,0.10436432637571158,13,3,3,80,1,23,2,4,1,0,0,0,0
36,0.2490974729235817,469,0.1383975026014568,3,3,0.24242313209808733,1,1257,3,0.17006802721088435,46,3,1,0.16095890410958943,2,0.12481426448736999,3692,9256,1,0.16122448979591836,0.10436432637571158,12,3,3,80,0,12,2,2,11,10,0,7,0
48,0.14956855225311602,969,0.1383975026014568,2,2,0.24242313209808733,1,1258,4,0.17006802721088435,76,4,1,0.23938223937897848,2,0.2553191489361702,2559,16620,5,0.16122448979591836,0.10436432637571158,11,3,3,80,0,7,4,2,1,0,0,0,0
27,0.14956855225311602,1167,0.1383975026014568,4,2,0.14686468646864687,1,1259,1,0.17006802721088435,76,3,1,0.16095890410958943,3,0.10091743119266336,2517,3208,1,0.16122448979591836,0.10436432637571158,11,3,2,80,3,5,2,3,5,3,0,3,0
29,0.14956855225311602,1329,0.1383975026014568,7,3,0.14686468646864687,1,1260,3,0.17006802721088435,82,3,2,0.06870368828064846,4,0.10091743119266336,6623,4204,1,0.16122448979591836,0.30528846153846156,11,3,2,80,2,6,2,3,6,0,1,0,0
48,0.14956855225311602,715,0.1383975026014568,1,3,0.14686468646864687,1,1263,4,0.17006802721088435,76,2,5,0.02533683182797013,4,0.2553191489361702,18265,8733,6,0.16122448979591836,0.10436432637571158,12,3,3,80,0,25,3,4,1,0,0,0,0
29,0.14956855225311602,694,0.1383975026014568,1,3,0.14686468646864687,1,1264,4,0.14795918367346939,87,2,4,0.02533683182797013,4,0.10091743119266336,16124,3423,3,0.16122448979591836,0.10436432637571158,14,3,2,80,2,9,2,2,7,7,1,7,0
34,0.14956855225311602,1320,0.1383975026014568,20,3,0.24242313209808733,1,1265,3,0.14795918367346939,89,4,1,0.16095890410958943,3,0.12481426448736999,2585,21643,0,0.16122448979591836,0.10436432637571158,17,3,4,80,0,2,5,2,1,0,0,0,0
44,0.14956855225311602,1099,0.2062780269058296,5,3,0.22012573203437844,1,1267,2,0.17006802721088435,88,3,5,0.04905041685272943,2,0.12481426448736999,18213,8751,7,0.16122448979591836,0.10436432637571158,11,3,3,80,1,26,5,3,22,9,3,10,0
33,0.14956855225311602,536,0.2062780269058296,10,5,0.22012573203437844,1,1268,4,0.17006802721088435,82,4,3,0.17484662576687046,3,0.10091743119266336,8380,21708,0,0.16122448979591836,0.30528846153846156,14,3,4,80,2,10,3,3,9,8,0,8,0
19,0.14956855225311602,265,0.1383975026014568,25,3,0.14686468646864687,1,1269,2,0.14795918367346939,57,4,1,0.16095890410958943,4,0.2553191489361702,2994,21221,1,0.16122448979591836,0.30528846153846156,12,3,4,80,0,1,2,3,1,0,0,1,0
23,0.14956855225311602,373,0.1383975026014568,1,2,0.14686468646864687,1,1270,4,0.17006802721088435,47,3,1,0.16095890410958943,3,0.12481426448736999,1223,16901,1,0.16122448979591836,0.10436432637571158,22,4,4,80,1,1,2,3,1,0,0,1,0
25,0.2490974729235817,599,0.2062780269058296,24,1,0.14686468646864687,1,1273,3,0.17006802721088435,73,1,1,0.3971571172349599,4,0.2553191489361702,1118,8040,1,0.16122448979591836,0.30528846153846156,14,3,4,80,0,1,4,3,1,0,1,0,1
26,0.14956855225311602,583,0.1383975026014568,4,2,0.14686468646864687,1,1275,3,0.17006802721088435,53,3,1,0.16095890410958943,4,0.2553191489361702,2875,9973,1,0.16122448979591836,0.30528846153846156,20,4,2,80,0,8,2,2,8,5,2,2,0
45,0.14956855225311602,1449,0.2062780269058296,2,3,0.22012573203437844,1,1277,1,0.14795918367346939,94,1,5,0.04905041685272943,2,0.2553191489361702,18824,2493,2,0.16122448979591836,0.30528846153846156,16,3,1,80,0,26,2,3,24,10,1,11,1
55,0.08000018359368788,177,0.1383975026014568,8,1,0.13577586206896552,1,1278,4,0.17006802721088435,37,2,4,0.06870368828064846,2,0.10091743119266336,13577,25592,1,0.16122448979591836,0.30528846153846156,15,3,4,80,1,34,3,3,33,9,15,0,0
21,0.2490974729235817,251,0.1383975026014568,10,2,0.14686468646864687,1,1279,1,0.14795918367346939,45,2,1,0.23938223937897848,3,0.2553191489361702,2625,25308,1,0.16122448979591836,0.10436432637571158,20,4,3,80,0,2,2,1,2,2,2,2,1
46,0.14956855225311602,168,0.2062780269058296,4,2,0.22012573203437844,1,1280,4,0.14795918367346939,33,2,5,0.04905041685272943,2,0.12481426448736999,18789,9946,2,0.16122448979591836,0.10436432637571158,14,3,3,80,1,26,2,3,11,4,0,8,0
34,0.14956855225311602,131,0.2062780269058296,2,3,0.22012573203437844,1,1281,3,0.14795918367346939,86,3,2,0.17484662576687046,1,0.2553191489361702,4538,6039,0,0.16122448979591836,0.30528846153846156,12,3,4,80,0,4,3,3,3,2,0,2,0
51,0.2490974729235817,237,0.2062780269058296,9,3,0.14686468646864687,1,1282,4,0.17006802721088435,83,3,5,0.04905041685272943,2,0.10091743119266336,19847,19196,4,0.16122448979591836,0.30528846153846156,24,4,1,80,1,31,5,2,29,10,11,10,0
59,0.14956855225311602,1429,0.1383975026014568,18,4,0.13577586206896552,1,1283,4,0.17006802721088435,67,3,3,0.06896586105729074,4,0.2553191489361702,10512,20002,6,0.16122448979591836,0.10436432637571158,12,3,4,80,0,25,6,2,9,7,5,4,0
34,0.2490974729235817,135,0.1383975026014568,19,3,0.13577586206896552,1,1285,3,0.14795918367346939,46,3,2,0.23938223937897848,2,0.10091743119266336,4444,22534,4,0.16122448979591836,0.10436432637571158,13,3,3,80,2,15,2,4,11,8,5,10,0
28,0.2490974729235817,791,0.1383975026014568,1,4,0.13577586206896552,1,1286,4,0.17006802721088435,44,3,1,0.23938223937897848,3,0.2553191489361702,2154,6842,0,0.16122448979591836,0.30528846153846156,11,3,3,80,0,5,2,2,4,2,0,2,0
44,0.14956855225311602,1199,0.1383975026014568,4,2,0.14686468646864687,1,1288,3,0.17006802721088435,92,4,5,0.04905041685272943,1,0.10091743119266336,19190,17477,1,0.16122448979591836,0.10436432637571158,14,3,4,80,2,26,4,2,25,9,14,13,0
34,0.2490974729235817,648,0.19008460036286423,11,3,0.14686468646864687,1,1289,3,0.17006802721088435,56,2,2,0.22804546072229726,2,0.12481426448736999,4490,21833,4,0.16122448979591836,0.10436432637571158,11,3,4,80,2,14,5,4,10,9,1,8,0
35,0.14956855225311602,735,0.1383975026014568,6,1,0.14686468646864687,1,1291,3,0.17006802721088435,66,3,1,0.16095890410958943,3,0.12481426448736999,3506,6020,0,0.16122448979591836,0.30528846153846156,14,3,4,80,0,4,3,3,3,2,2,2,0
42,0.14956855225311602,603,0.1383975026014568,7,4,0.13577586206896552,1,1292,2,0.14795918367346939,78,4,2,0.16095890410958943,2,0.12481426448736999,2372,5628,6,0.16122448979591836,0.30528846153846156,16,3,4,80,0,18,2,3,1,0,0,0,0
43,0.14956855225311602,531,0.2062780269058296,4,4,0.22012573203437844,1,1293,4,0.14795918367346939,56,2,3,0.17484662576687046,4,0.2553191489361702,10231,20364,3,0.16122448979591836,0.10436432637571158,14,3,4,80,0,23,3,4,21,7,15,17,0
36,0.14956855225311602,429,0.1383975026014568,2,4,0.14686468646864687,1,1294,3,0.14795918367346939,53,3,2,0.06896586105729074,2,0.2553191489361702,5410,2323,9,0.16122448979591836,0.30528846153846156,11,3,4,80,0,18,2,3,16,14,5,12,0
44,0.14956855225311602,621,0.1383975026014568,15,3,0.13577586206896552,1,1295,1,0.14795918367346939,73,3,3,0.06870368828064846,4,0.12481426448736999,7978,14075,1,0.16122448979591836,0.10436432637571158,11,3,4,80,1,10,2,3,10,7,0,5,1
28,0.2490974729235817,193,0.1383975026014568,2,3,0.14686468646864687,1,1296,4,0.17006802721088435,52,2,1,0.23938223937897848,4,0.12481426448736999,3867,14222,1,0.16122448979591836,0.30528846153846156,12,3,2,80,1,2,2,3,2,2,2,2,0
51,0.2490974729235817,968,0.1383975026014568,6,2,0.13577586206896552,1,1297,2,0.14795918367346939,40,2,1,0.23938223937897848,3,0.2553191489361702,2838,4257,0,0.16122448979591836,0.10436432637571158,14,3,2,80,0,8,6,2,7,0,7,7,0
30,0.08000018359368788,879,0.1383975026014568,9,2,0.13577586206896552,1,1298,3,0.14795918367346939,72,3,2,0.06896586105729074,3,0.2553191489361702,4695,12858,7,0.16122448979591836,0.30528846153846156,18,3,3,80,0,10,3,3,8,4,1,7,0
29,0.14956855225311602,806,0.1383975026014568,7,3,0.24242313209808733,1,1299,2,0.14795918367346939,39,3,1,0.23938223937897848,3,0.10091743119266336,3339,17285,3,0.16122448979591836,0.30528846153846156,13,3,1,80,2,10,2,3,7,7,7,7,1
28,0.14956855225311602,640,0.1383975026014568,1,3,0.24242313209808733,1,1301,4,0.17006802721088435,84,3,1,0.16095890410958943,1,0.2553191489361702,2080,4732,2,0.16122448979591836,0.10436432637571158,11,3,2,80,0,5,2,2,3,2,1,2,0
25,0.14956855225311602,266,0.1383975026014568,1,3,0.13577586206896552,1,1303,4,0.14795918367346939,40,3,1,0.16095890410958943,2,0.2553191489361702,2096,18830,1,0.16122448979591836,0.10436432637571158,18,3,4,80,0,2,3,2,2,2,2,1,0
32,0.14956855225311602,604,0.2062780269058296,8,3,0.13577586206896552,1,1304,3,0.17006802721088435,56,4,2,0.17484662576687046,4,0.12481426448736999,6209,11693,1,0.16122448979591836,0.10436432637571158,15,3,3,80,2,10,4,4,10,7,0,8,0
45,0.2490974729235817,364,0.1383975026014568,25,3,0.13577586206896552,1,1306,2,0.14795918367346939,83,3,5,0.04905041685272943,2,0.2553191489361702,18061,13035,3,0.16122448979591836,0.10436432637571158,22,4,3,80,0,22,4,3,0,0,0,0,0
39,0.14956855225311602,412,0.1383975026014568,13,4,0.13577586206896552,1,1307,3,0.14795918367346939,94,2,4,0.04905041685272943,2,0.10091743119266336,17123,17334,6,0.16122448979591836,0.30528846153846156,13,3,4,80,2,21,4,3,19,9,15,2,0
58,0.14956855225311602,848,0.1383975026014568,23,4,0.14686468646864687,1,1308,1,0.17006802721088435,88,3,1,0.16095890410958943,3,0.10091743119266336,2372,26076,1,0.16122448979591836,0.10436432637571158,12,3,4,80,2,2,3,3,2,2,2,2,0
32,0.14956855225311602,1089,0.1383975026014568,7,2,0.14686468646864687,1,1309,4,0.17006802721088435,79,3,2,0.23938223937897848,3,0.12481426448736999,4883,22845,1,0.16122448979591836,0.10436432637571158,18,3,1,80,1,10,3,3,10,4,1,1,1
39,0.14956855225311602,360,0.1383975026014568,23,3,0.13577586206896552,1,1310,3,0.17006802721088435,93,3,1,0.16095890410958943,1,0.2553191489361702,3904,22154,0,0.16122448979591836,0.10436432637571158,13,3,1,80,0,6,2,3,5,2,0,3,1
30,0.14956855225311602,1138,0.1383975026014568,6,3,0.24242313209808733,1,1311,1,0.14795918367346939,48,2,2,0.23938223937897848,4,0.12481426448736999,4627,23631,0,0.16122448979591836,0.10436432637571158,12,3,1,80,1,10,6,3,9,2,6,7,0
36,0.14956855225311602,325,0.1383975026014568,10,4,0.24242313209808733,1,1312,4,0.14795918367346939,63,3,3,0.06870368828064846,3,0.12481426448736999,7094,5747,3,0.16122448979591836,0.10436432637571158,12,3,1,80,0,10,0,3,7,7,1,7,0
46,0.14956855225311602,991,0.19008460036286423,1,2,0.14686468646864687,1,1314,4,0.14795918367346939,44,3,1,0.22804546072229726,1,0.2553191489361702,3423,22957,6,0.16122448979591836,0.10436432637571158,12,3,3,80,0,10,3,4,7,6,5,7,0
28,0.08000018359368788,1476,0.1383975026014568,1,3,0.14686468646864687,1,1315,3,0.14795918367346939,55,1,2,0.23938223937897848,4,0.12481426448736999,6674,16392,0,0.16122448979591836,0.10436432637571158,11,3,1,80,3,10,6,3,9,8,7,5,0
50,0.14956855225311602,1322,0.1383975026014568,28,3,0.14686468646864687,1,1317,4,0.14795918367346939,43,3,4,0.02533683182797013,1,0.12481426448736999,16880,22422,4,0.16122448979591836,0.30528846153846156,11,3,2,80,0,25,2,3,3,2,1,2,0
40,0.14956855225311602,299,0.2062780269058296,25,4,0.22012573203437844,1,1318,4,0.17006802721088435,57,2,3,0.17484662576687046,2,0.2553191489361702,9094,17235,2,0.16122448979591836,0.30528846153846156,12,3,3,80,0,9,2,3,5,4,1,0,1
52,0.14956855225311602,1030,0.2062780269058296,5,3,0.14686468646864687,1,1319,2,0.17006802721088435,64,3,3,0.17484662576687046,2,0.2553191489361702,8446,21534,9,0.16122448979591836,0.30528846153846156,19,3,3,80,0,10,2,2,8,7,7,7,1
30,0.14956855225311602,634,0.1383975026014568,17,4,0.13577586206896552,1,1321,2,0.14795918367346939,95,3,3,0.04905041685272943,1,0.12481426448736999,11916,25927,1,0.16122448979591836,0.30528846153846156,23,4,4,80,2,9,2,3,9,1,0,8,0
39,0.14956855225311602,524,0.1383975026014568,18,2,0.14686468646864687,1,1322,1,0.17006802721088435,32,3,2,0.06896586105729074,3,0.2553191489361702,4534,13352,0,0.16122448979591836,0.10436432637571158,11,3,1,80,0,9,6,3,8,7,1,7,0
31,0.08000018359368788,587,0.2062780269058296,2,4,0.14686468646864687,1,1324,4,0.14795918367346939,57,3,3,0.17484662576687046,3,0.10091743119266336,9852,8935,1,0.16122448979591836,0.30528846153846156,19,3,1,80,1,10,5,2,10,8,9,6,0
41,0.08000018359368788,256,0.2062780269058296,10,2,0.13577586206896552,1,1329,3,0.17006802721088435,40,1,2,0.17484662576687046,2,0.2553191489361702,6151,22074,1,0.16122448979591836,0.10436432637571158,13,3,1,80,0,19,4,3,19,2,11,9,0
31,0.2490974729235817,1060,0.2062780269058296,1,3,0.14686468646864687,1,1331,4,0.14795918367346939,54,3,1,0.3971571172349599,2,0.2553191489361702,2302,8319,1,0.16122448979591836,0.30528846153846156,11,3,1,80,0,3,2,4,3,2,2,2,1
44,0.14956855225311602,935,0.1383975026014568,3,3,0.14686468646864687,1,1333,1,0.17006802721088435,89,3,1,0.23938223937897848,1,0.12481426448736999,2362,14669,4,0.16122448979591836,0.10436432637571158,12,3,3,80,0,10,4,4,3,2,1,2,1
42,0.08000018359368788,495,0.1383975026014568,2,1,0.14686468646864687,1,1334,3,0.17006802721088435,37,3,4,0.04905041685272943,3,0.12481426448736999,17861,26582,0,0.16122448979591836,0.30528846153846156,13,3,4,80,0,21,3,2,20,8,2,10,0
55,0.14956855225311602,282,0.1383975026014568,2,2,0.13577586206896552,1,1336,4,0.14795918367346939,58,1,5,0.04905041685272943,3,0.12481426448736999,19187,6992,4,0.16122448979591836,0.10436432637571158,14,3,4,80,1,23,5,3,19,9,9,11,0
56,0.14956855225311602,206,0.19008460036286423,8,4,0.14686468646864687,1,1338,4,0.17006802721088435,99,3,5,0.04905041685272943,2,0.2553191489361702,19717,4022,6,0.16122448979591836,0.10436432637571158,14,3,1,80,0,36,4,3,7,3,7,7,0
40,0.08000018359368788,458,0.1383975026014568,16,2,0.14686468646864687,1,1340,3,0.17006802721088435,74,3,1,0.16095890410958943,3,0.10091743119266336,3544,8532,9,0.16122448979591836,0.10436432637571158,16,3,2,80,1,6,0,3,4,2,0,0,0
34,0.14956855225311602,943,0.1383975026014568,9,3,0.14686468646864687,1,1344,4,0.17006802721088435,86,3,3,0.06870368828064846,4,0.10091743119266336,8500,5494,0,0.16122448979591836,0.10436432637571158,11,3,4,80,1,10,0,2,9,7,1,6,0
40,0.14956855225311602,523,0.1383975026014568,2,3,0.14686468646864687,1,1346,3,0.17006802721088435,98,3,2,0.16095890410958943,4,0.2553191489361702,4661,22455,1,0.16122448979591836,0.10436432637571158,13,3,3,80,0,9,4,3,9,8,8,8,0
41,0.2490974729235817,1018,0.2062780269058296,1,3,0.22012573203437844,1,1349,3,0.14795918367346939,66,3,2,0.17484662576687046,1,0.10091743119266336,4103,4297,0,0.16122448979591836,0.10436432637571158,17,3,4,80,1,10,2,3,9,3,1,7,0
35,0.2490974729235817,482,0.1383975026014568,4,4,0.14686468646864687,1,1350,3,0.17006802721088435,87,3,2,0.16095890410958943,3,0.2553191489361702,4249,2690,1,0.16122448979591836,0.30528846153846156,11,3,2,80,0,9,3,3,9,6,1,1,0
51,0.14956855225311602,770,0.19008460036286423,5,3,0.14686468646864687,1,1352,3,0.17006802721088435,84,3,4,0.04905041685272943,2,0.10091743119266336,14026,17588,1,0.16122448979591836,0.30528846153846156,11,3,2,80,1,33,2,3,33,9,0,10,0
38,0.14956855225311602,1009,0.2062780269058296,2,2,0.14686468646864687,1,1355,2,0.14795918367346939,31,3,2,0.17484662576687046,1,0.10091743119266336,6893,19461,3,0.16122448979591836,0.10436432637571158,15,3,4,80,1,11,3,3,7,7,1,7,0
34,0.14956855225311602,507,0.2062780269058296,15,2,0.13577586206896552,1,1356,3,0.14795918367346939,66,3,2,0.17484662576687046,1,0.2553191489361702,6125,23553,1,0.16122448979591836,0.10436432637571158,12,3,4,80,0,10,6,4,10,8,9,6,0
25,0.14956855225311602,882,0.1383975026014568,19,1,0.13577586206896552,1,1358,4,0.17006802721088435,67,3,1,0.23938223937897848,4,0.12481426448736999,3669,9075,3,0.16122448979591836,0.10436432637571158,11,3,3,80,3,7,6,2,3,2,1,2,0
58,0.14956855225311602,601,0.1383975026014568,7,4,0.13577586206896552,1,1360,3,0.14795918367346939,53,2,3,0.06896586105729074,1,0.12481426448736999,10008,12023,7,0.16122448979591836,0.30528846153846156,14,3,4,80,0,31,0,2,10,9,5,9,1
40,0.14956855225311602,329,0.1383975026014568,1,4,0.14686468646864687,1,1361,2,0.17006802721088435,88,3,1,0.23938223937897848,2,0.12481426448736999,2387,6762,3,0.16122448979591836,0.10436432637571158,22,4,3,80,1,7,3,3,4,2,0,3,0
36,0.2490974729235817,607,0.2062780269058296,7,3,0.22012573203437844,1,1362,1,0.14795918367346939,83,4,2,0.17484662576687046,1,0.12481426448736999,4639,2261,2,0.16122448979591836,0.10436432637571158,16,3,4,80,1,17,2,2,15,7,6,13,0
48,0.14956855225311602,855,0.1383975026014568,4,3,0.14686468646864687,1,1363,4,0.17006802721088435,54,3,3,0.06896586105729074,4,0.2553191489361702,7898,18706,1,0.16122448979591836,0.10436432637571158,11,3,3,80,0,11,2,3,10,9,0,8,0
27,0.14956855225311602,1291,0.2062780269058296,11,3,0.13577586206896552,1,1364,3,0.14795918367346939,98,4,1,0.3971571172349599,4,0.12481426448736999,2534,6527,8,0.16122448979591836,0.10436432637571158,14,3,2,80,1,5,4,3,1,0,0,0,0
51,0.14956855225311602,1405,0.1383975026014568,11,2,0.24242313209808733,1,1367,4,0.14795918367346939,82,2,4,0.06896586105729074,2,0.2553191489361702,13142,24439,3,0.16122448979591836,0.10436432637571158,16,3,2,80,0,29,1,2,5,2,0,3,0
18,0.08000018359368788,1124,0.1383975026014568,1,3,0.14686468646864687,1,1368,4,0.14795918367346939,97,3,1,0.23938223937897848,4,0.2553191489361702,1611,19305,1,0.16122448979591836,0.10436432637571158,15,3,3,80,0,0,5,4,0,0,0,0,0
35,0.14956855225311602,817,0.1383975026014568,1,3,0.13577586206896552,1,1369,4,0.14795918367346939,60,2,2,0.23938223937897848,4,0.12481426448736999,5363,10846,0,0.16122448979591836,0.10436432637571158,12,3,2,80,1,10,0,3,9,7,0,0,0
27,0.2490974729235817,793,0.2062780269058296,2,1,0.14686468646864687,1,1371,4,0.17006802721088435,43,1,2,0.17484662576687046,4,0.2553191489361702,5071,20392,3,0.16122448979591836,0.10436432637571158,20,4,2,80,0,8,3,3,6,2,0,0,0
55,0.14956855225311602,267,0.2062780269058296,13,4,0.22012573203437844,1,1372,1,0.17006802721088435,85,4,4,0.17484662576687046,3,0.2553191489361702,13695,9277,6,0.16122448979591836,0.30528846153846156,17,3,3,80,0,24,2,2,19,7,3,8,1
56,0.14956855225311602,1369,0.1383975026014568,23,3,0.14686468646864687,1,1373,4,0.17006802721088435,68,3,4,0.06896586105729074,2,0.12481426448736999,13402,18235,4,0.16122448979591836,0.30528846153846156,12,3,1,80,1,33,0,3,19,16,15,9,0
34,0.08000018359368788,999,0.1383975026014568,26,1,0.24242313209808733,1,1374,1,0.14795918367346939,92,2,1,0.16095890410958943,3,0.10091743119266336,2029,15891,1,0.16122448979591836,0.10436432637571158,20,4,3,80,3,5,2,3,5,4,0,0,0
40,0.14956855225311602,1202,0.1383975026014568,2,1,0.13577586206896552,1,1375,2,0.14795918367346939,89,4,2,0.06870368828064846,3,0.10091743119266336,6377,13888,5,0.16122448979591836,0.10436432637571158,20,4,2,80,3,15,0,3,12,11,11,8,0
34,0.14956855225311602,285,0.1383975026014568,29,3,0.13577586206896552,1,1377,2,0.17006802721088435,86,3,2,0.23938223937897848,3,0.12481426448736999,5429,17491,4,0.16122448979591836,0.10436432637571158,13,3,1,80,2,10,1,3,8,7,7,7,0
31,0.2490974729235817,703,0.2062780269058296,2,3,0.14686468646864687,1,1379,3,0.14795918367346939,90,2,1,0.3971571172349599,4,0.2553191489361702,2785,11882,7,0.16122448979591836,0.10436432637571158,14,3,3,80,0,3,3,4,1,0,0,0,1
35,0.2490974729235817,662,0.2062780269058296,18,4,0.22012573203437844,1,1380,4,0.14795918367346939,67,3,2,0.17484662576687046,3,0.12481426448736999,4614,23288,0,0.16122448979591836,0.30528846153846156,18,3,3,80,1,5,0,2,4,2,3,2,1
38,0.2490974729235817,693,0.1383975026014568,7,3,0.14686468646864687,1,1382,4,0.17006802721088435,57,4,1,0.16095890410958943,3,0.10091743119266336,2610,15748,1,0.16122448979591836,0.10436432637571158,11,3,4,80,3,4,2,3,4,2,0,3,0
34,0.14956855225311602,404,0.1383975026014568,2,4,0.24242313209808733,1,1383,3,0.14795918367346939,98,3,2,0.06870368828064846,4,0.2553191489361702,6687,6163,1,0.16122448979591836,0.10436432637571158,11,3,4,80,0,14,2,4,14,11,4,11,0
28,0.14956855225311602,736,0.2062780269058296,26,3,0.14686468646864687,1,1387,3,0.17006802721088435,48,2,2,0.17484662576687046,1,0.12481426448736999,4724,24232,1,0.16122448979591836,0.10436432637571158,11,3,3,80,1,5,0,3,5,3,0,4,0
31,0.14956855225311602,330,0.1383975026014568,22,4,0.13577586206896552,1,1389,4,0.17006802721088435,98,3,2,0.06896586105729074,3,0.12481426448736999,6179,21057,1,0.16122448979591836,0.30528846153846156,15,3,4,80,2,10,3,2,10,2,6,7,1
39,0.14956855225311602,1498,0.2062780269058296,21,4,0.14686468646864687,1,1390,1,0.17006802721088435,44,2,2,0.17484662576687046,4,0.12481426448736999,6120,3567,3,0.16122448979591836,0.30528846153846156,12,3,4,80,2,8,2,4,5,4,1,4,0
51,0.2490974729235817,541,0.2062780269058296,2,3,0.22012573203437844,1,1391,2,0.17006802721088435,52,3,3,0.17484662576687046,2,0.12481426448736999,10596,15395,2,0.16122448979591836,0.10436432637571158,11,3,2,80,0,14,5,3,4,2,3,2,0
41,0.2490974729235817,1200,0.1383975026014568,22,3,0.14686468646864687,1,1392,4,0.14795918367346939,75,3,2,0.16095890410958943,4,0.10091743119266336,5467,13953,3,0.16122448979591836,0.30528846153846156,14,3,1,80,2,12,4,2,6,2,3,3,0
37,0.14956855225311602,1439,0.1383975026014568,4,1,0.14686468646864687,1,1394,3,0.17006802721088435,54,3,1,0.16095890410958943,3,0.12481426448736999,2996,5182,7,0.16122448979591836,0.30528846153846156,15,3,4,80,0,8,2,3,6,4,1,3,0
33,0.2490974729235817,1111,0.2062780269058296,5,1,0.14686468646864687,1,1395,2,0.17006802721088435,61,3,2,0.17484662576687046,4,0.12481426448736999,9998,19293,6,0.16122448979591836,0.10436432637571158,13,3,1,80,0,8,2,4,5,4,1,2,0
32,0.14956855225311602,499,0.2062780269058296,2,1,0.22012573203437844,1,1396,3,0.17006802721088435,36,3,2,0.17484662576687046,2,0.12481426448736999,4078,20497,0,0.16122448979591836,0.30528846153846156,13,3,1,80,3,4,3,2,3,2,1,2,0
39,0.08000018359368788,1485,0.1383975026014568,25,2,0.14686468646864687,1,1397,3,0.17006802721088435,71,3,3,0.06870368828064846,3,0.12481426448736999,10920,3449,3,0.16122448979591836,0.10436432637571158,21,4,2,80,1,13,2,3,6,4,0,5,0
25,0.14956855225311602,1372,0.2062780269058296,18,1,0.14686468646864687,1,1399,1,0.17006802721088435,93,4,2,0.17484662576687046,3,0.12481426448736999,6232,12477,2,0.16122448979591836,0.10436432637571158,11,3,2,80,0,6,3,2,3,2,1,2,0
52,0.2490974729235817,322,0.1383975026014568,28,2,0.13577586206896552,1,1401,4,0.14795918367346939,59,4,4,0.06896586105729074,3,0.12481426448736999,13247,9731,2,0.16122448979591836,0.30528846153846156,11,3,2,80,1,24,3,2,5,3,0,2,0
43,0.14956855225311602,930,0.1383975026014568,6,3,0.13577586206896552,1,1402,1,0.14795918367346939,73,2,2,0.16095890410958943,3,0.2553191489361702,4081,20003,1,0.16122448979591836,0.30528846153846156,14,3,1,80,0,20,3,1,20,7,1,8,0
27,0.14956855225311602,205,0.2062780269058296,10,3,0.22012573203437844,1,1403,4,0.14795918367346939,98,2,2,0.17484662576687046,4,0.12481426448736999,5769,7100,1,0.16122448979591836,0.30528846153846156,11,3,4,80,0,6,3,3,6,2,4,4,0
27,0.14956855225311602,135,0.1383975026014568,17,4,0.14686468646864687,1,1405,4,0.14795918367346939,51,3,1,0.16095890410958943,3,0.2553191489361702,2394,25681,1,0.16122448979591836,0.30528846153846156,13,3,4,80,0,8,2,3,8,2,7,7,1
26,0.14956855225311602,683,0.1383975026014568,2,1,0.13577586206896552,1,1407,1,0.17006802721088435,36,2,1,0.16095890410958943,4,0.2553191489361702,3904,4050,0,0.16122448979591836,0.10436432637571158,12,3,4,80,0,5,2,3,4,3,1,1,0
42,0.14956855225311602,1147,0.19008460036286423,10,3,0.22673012399864786,1,1408,3,0.14795918367346939,31,3,4,0.04905041685272943,1,0.12481426448736999,16799,16616,0,0.16122448979591836,0.10436432637571158,14,3,3,80,1,21,5,3,20,7,0,9,0
52,0.14956855225311602,258,0.1383975026014568,8,4,0.13420118338933018,1,1409,3,0.14795918367346939,54,3,1,0.23938223937897848,1,0.12481426448736999,2950,17363,9,0.16122448979591836,0.10436432637571158,13,3,3,80,0,12,2,1,5,4,0,4,0
37,0.14956855225311602,1462,0.1383975026014568,11,3,0.13577586206896552,1,1411,1,0.14795918367346939,94,3,1,0.23938223937897848,3,0.2553191489361702,3629,19106,4,0.16122448979591836,0.10436432637571158,18,3,1,80,0,8,6,3,3,2,0,2,0
35,0.2490974729235817,200,0.1383975026014568,18,2,0.14686468646864687,1,1412,3,0.17006802721088435,60,3,3,0.06896586105729074,4,0.2553191489361702,9362,19944,2,0.16122448979591836,0.10436432637571158,11,3,3,80,0,10,2,3,2,2,2,2,0
25,0.14956855225311602,949,0.1383975026014568,1,3,0.24242313209808733,1,1415,1,0.17006802721088435,81,3,1,0.23938223937897848,4,0.12481426448736999,3229,4910,4,0.16122448979591836,0.10436432637571158,11,3,2,80,1,7,2,2,3,2,0,2,0
26,0.14956855225311602,652,0.1383975026014568,7,3,0.13420118338933018,1,1417,3,0.17006802721088435,100,4,1,0.23938223937897848,1,0.2553191489361702,3578,23577,0,0.16122448979591836,0.10436432637571158,12,3,4,80,0,8,2,3,7,7,0,7,0
29,0.14956855225311602,332,0.19008460036286423,17,3,0.13420118338933018,1,1419,2,0.17006802721088435,51,2,3,0.22804546072229726,1,0.2553191489361702,7988,9769,1,0.16122448979591836,0.10436432637571158,13,3,1,80,0,10,3,2,10,9,0,9,0
49,0.2490974729235817,1475,0.1383975026014568,28,2,0.14686468646864687,1,1420,1,0.17006802721088435,97,2,2,0.23938223937897848,1,0.2553191489361702,4284,22710,3,0.16122448979591836,0.10436432637571158,20,4,1,80,0,20,2,3,4,3,1,3,1
29,0.2490974729235817,337,0.1383975026014568,14,1,0.13420118338933018,1,1421,3,0.14795918367346939,84,3,3,0.06870368828064846,4,0.2553191489361702,7553,22930,0,0.16122448979591836,0.30528846153846156,12,3,1,80,0,9,1,3,8,7,7,7,1
54,0.14956855225311602,971,0.1383975026014568,1,3,0.13577586206896552,1,1422,4,0.14795918367346939,54,3,4,0.02533683182797013,4,0.2553191489361702,17328,5652,6,0.16122448979591836,0.10436432637571158,19,3,4,80,0,29,3,2,20,7,12,7,0
58,0.14956855225311602,1055,0.1383975026014568,1,3,0.13577586206896552,1,1423,4,0.14795918367346939,76,3,5,0.02533683182797013,1,0.12481426448736999,19701,22456,3,0.16122448979591836,0.30528846153846156,21,4,3,80,1,32,3,3,9,8,1,5,0
55,0.14956855225311602,1136,0.1383975026014568,1,4,0.13577586206896552,1,1424,2,0.17006802721088435,81,4,4,0.02533683182797013,4,0.10091743119266336,14732,12414,2,0.16122448979591836,0.10436432637571158,13,3,4,80,2,31,4,4,7,7,0,0,0
36,0.14956855225311602,1174,0.2062780269058296,3,4,0.22012573203437844,1,1425,1,0.14795918367346939,99,3,2,0.17484662576687046,2,0.2553191489361702,9278,20763,3,0.16122448979591836,0.30528846153846156,16,3,4,80,0,15,3,3,5,4,0,1,0
31,0.2490974729235817,667,0.2062780269058296,1,4,0.14686468646864687,1,1427,2,0.14795918367346939,50,1,1,0.3971571172349599,3,0.2553191489361702,1359,16154,1,0.16122448979591836,0.10436432637571158,12,3,2,80,0,1,3,3,1,0,0,0,1
30,0.14956855225311602,855,0.2062780269058296,7,4,0.22012573203437844,1,1428,4,0.14795918367346939,73,3,2,0.17484662576687046,1,0.10091743119266336,4779,12761,7,0.16122448979591836,0.10436432637571158,14,3,2,80,2,8,3,3,3,2,0,2,0
31,0.14956855225311602,182,0.1383975026014568,8,5,0.14686468646864687,1,1430,1,0.14795918367346939,93,3,4,0.02533683182797013,2,0.2553191489361702,16422,8847,3,0.16122448979591836,0.10436432637571158,11,3,3,80,0,9,3,4,3,2,1,0,0
34,0.2490974729235817,560,0.1383975026014568,1,4,0.13420118338933018,1,1431,4,0.17006802721088435,91,3,1,0.16095890410958943,1,0.10091743119266336,2996,20284,5,0.16122448979591836,0.10436432637571158,14,3,3,80,2,10,2,3,4,3,1,3,0
31,0.14956855225311602,202,0.1383975026014568,8,3,0.14686468646864687,1,1433,1,0.14795918367346939,34,2,1,0.16095890410958943,2,0.2553191489361702,1261,22262,1,0.16122448979591836,0.10436432637571158,12,3,3,80,0,1,3,4,1,0,0,0,1
27,0.14956855225311602,1377,0.1383975026014568,11,1,0.14686468646864687,1,1434,2,0.17006802721088435,91,3,1,0.23938223937897848,1,0.12481426448736999,2099,7679,0,0.16122448979591836,0.10436432637571158,14,3,2,80,0,6,3,4,5,0,1,4,0
36,0.14956855225311602,172,0.1383975026014568,4,4,0.14686468646864687,1,1435,1,0.17006802721088435,37,2,2,0.23938223937897848,4,0.2553191489361702,5810,22604,1,0.16122448979591836,0.10436432637571158,16,3,3,80,0,10,2,2,10,4,1,8,0
36,0.14956855225311602,329,0.2062780269058296,16,4,0.22012573203437844,1,1436,3,0.14795918367346939,98,2,2,0.17484662576687046,1,0.12481426448736999,5647,13494,4,0.16122448979591836,0.10436432637571158,13,3,1,80,2,11,3,2,3,2,0,2,0
47,0.14956855225311602,465,0.1383975026014568,1,3,0.24242313209808733,1,1438,1,0.17006802721088435,74,3,1,0.16095890410958943,4,0.12481426448736999,3420,10205,7,0.16122448979591836,0.10436432637571158,12,3,3,80,1,17,2,2,6,5,1,2,0
25,0.14956855225311602,383,0.2062780269058296,9,2,0.14686468646864687,1,1439,1,0.17006802721088435,68,2,1,0.3971571172349599,1,0.12481426448736999,4400,15182,3,0.16122448979591836,0.10436432637571158,12,3,1,80,0,6,2,3,3,2,2,2,1
37,0.08000018359368788,1413,0.1383975026014568,5,2,0.24242313209808733,1,1440,3,0.17006802721088435,84,4,1,0.23938223937897848,3,0.2553191489361702,3500,25470,0,0.16122448979591836,0.10436432637571158,14,3,1,80,0,7,2,1,6,5,1,3,0
56,0.14956855225311602,1255,0.1383975026014568,1,2,0.14686468646864687,1,1441,1,0.14795918367346939,90,3,1,0.16095890410958943,1,0.12481426448736999,2066,10494,2,0.16122448979591836,0.10436432637571158,22,4,4,80,1,5,3,4,3,2,1,0,0
47,0.14956855225311602,359,0.1383975026014568,2,4,0.13577586206896552,1,1443,1,0.14795918367346939,82,3,4,0.02533683182797013,3,0.12481426448736999,17169,26703,3,0.16122448979591836,0.10436432637571158,19,3,2,80,2,26,2,4,20,17,5,6,0
24,0.14956855225311602,1476,0.2062780269058296,4,1,0.13577586206896552,1,1445,4,0.14795918367346939,42,3,2,0.17484662576687046,3,0.12481426448736999,4162,15211,1,0.16122448979591836,0.30528846153846156,12,3,3,80,2,5,3,3,5,4,0,3,0
32,0.14956855225311602,601,0.2062780269058296,7,5,0.22012573203437844,1,1446,4,0.17006802721088435,97,3,2,0.17484662576687046,4,0.12481426448736999,9204,23343,4,0.16122448979591836,0.10436432637571158,12,3,3,80,1,7,3,2,4,3,0,3,0
34,0.14956855225311602,401,0.1383975026014568,1,3,0.14686468646864687,1,1447,4,0.14795918367346939,86,2,1,0.23938223937897848,2,0.12481426448736999,3294,3708,5,0.16122448979591836,0.10436432637571158,17,3,1,80,1,7,2,2,5,4,0,2,0
41,0.14956855225311602,1283,0.1383975026014568,5,5,0.13577586206896552,1,1448,2,0.17006802721088435,90,4,1,0.16095890410958943,3,0.12481426448736999,2127,5561,2,0.16122448979591836,0.30528846153846156,12,3,1,80,0,7,5,2,4,2,0,3,0
40,0.08000018359368788,663,0.1383975026014568,9,4,0.13420118338933018,1,1449,3,0.17006802721088435,81,3,2,0.23938223937897848,3,0.10091743119266336,3975,23099,3,0.16122448979591836,0.10436432637571158,11,3,3,80,2,11,2,4,8,7,0,7,0
31,0.14956855225311602,326,0.2062780269058296,8,2,0.14686468646864687,1,1453,1,0.17006802721088435,31,3,3,0.17484662576687046,4,0.10091743119266336,10793,8386,1,0.16122448979591836,0.10436432637571158,18,3,1,80,1,13,5,3,13,7,9,9,0
46,0.14956855225311602,377,0.2062780269058296,9,3,0.22012573203437844,1,1457,1,0.17006802721088435,52,3,3,0.17484662576687046,4,0.10091743119266336,10096,15986,4,0.16122448979591836,0.10436432637571158,11,3,1,80,1,28,1,4,7,7,4,3,1
39,0.08000018359368788,592,0.1383975026014568,2,3,0.14686468646864687,1,1458,1,0.14795918367346939,54,2,1,0.23938223937897848,1,0.2553191489361702,3646,17181,2,0.16122448979591836,0.30528846153846156,23,4,2,80,0,11,2,4,1,0,0,0,1
31,0.2490974729235817,1445,0.1383975026014568,1,5,0.14686468646864687,1,1459,3,0.14795918367346939,100,4,3,0.06896586105729074,2,0.2553191489361702,7446,8931,1,0.16122448979591836,0.10436432637571158,11,3,1,80,0,10,2,3,10,8,4,7,1
45,0.14956855225311602,1038,0.1383975026014568,20,3,0.13577586206896552,1,1460,2,0.17006802721088435,95,1,3,0.06870368828064846,1,0.10091743119266336,10851,19863,2,0.16122448979591836,0.30528846153846156,18,3,2,80,1,24,2,3,7,7,0,7,0
31,0.14956855225311602,1398,0.19008460036286423,8,2,0.13577586206896552,1,1461,4,0.14795918367346939,96,4,1,0.22804546072229726,2,0.2553191489361702,2109,24609,9,0.16122448979591836,0.10436432637571158,18,3,4,80,0,8,3,3,3,2,0,2,0
31,0.2490974729235817,523,0.1383975026014568,2,3,0.14686468646864687,1,1464,2,0.17006802721088435,94,3,1,0.23938223937897848,4,0.12481426448736999,3722,21081,6,0.16122448979591836,0.30528846153846156,13,3,3,80,1,7,2,1,2,2,2,2,1
45,0.14956855225311602,1448,0.1383975026014568,29,3,0.24242313209808733,1,1465,2,0.17006802721088435,55,3,3,0.06896586105729074,4,0.12481426448736999,9380,14720,4,0.16122448979591836,0.30528846153846156,18,3,4,80,2,10,4,4,3,1,1,2,0
48,0.14956855225311602,1221,0.2062780269058296,7,3,0.22012573203437844,1,1466,3,0.17006802721088435,96,3,2,0.17484662576687046,1,0.10091743119266336,5486,24795,4,0.16122448979591836,0.10436432637571158,11,3,1,80,3,15,3,3,2,2,2,2,0
34,0.14956855225311602,1107,0.19008460036286423,9,4,0.24242313209808733,1,1467,1,0.14795918367346939,52,3,1,0.22804546072229726,3,0.12481426448736999,2742,3072,1,0.16122448979591836,0.10436432637571158,15,3,4,80,0,2,0,3,2,2,2,2,1
40,0.08000018359368788,218,0.1383975026014568,8,1,0.13577586206896552,1,1468,4,0.17006802721088435,55,2,3,0.02533683182797013,2,0.10091743119266336,13757,25178,2,0.16122448979591836,0.10436432637571158,11,3,3,80,1,16,5,3,9,8,4,8,0
28,0.14956855225311602,866,0.2062780269058296,5,3,0.13577586206896552,1,1469,4,0.17006802721088435,84,3,2,0.17484662576687046,1,0.2553191489361702,8463,23490,0,0.16122448979591836,0.10436432637571158,18,3,4,80,0,6,4,3,5,4,1,3,0
44,0.08000018359368788,981,0.1383975026014568,5,3,0.14686468646864687,1,1471,3,0.17006802721088435,90,2,1,0.23938223937897848,3,0.2553191489361702,3162,7973,3,0.16122448979591836,0.10436432637571158,14,3,4,80,0,7,5,3,5,2,0,3,0
53,0.14956855225311602,447,0.1383975026014568,2,3,0.13577586206896552,1,1472,4,0.17006802721088435,39,4,4,0.02533683182797013,2,0.2553191489361702,16598,19764,4,0.16122448979591836,0.10436432637571158,12,3,2,80,0,35,2,2,9,8,8,8,0
49,0.14956855225311602,1495,0.1383975026014568,5,4,0.24242313209808733,1,1473,1,0.17006802721088435,96,3,2,0.06870368828064846,3,0.12481426448736999,6651,21534,2,0.16122448979591836,0.10436432637571158,14,3,2,80,1,20,0,2,3,2,1,2,0
40,0.14956855225311602,896,0.1383975026014568,2,3,0.13577586206896552,1,1474,3,0.17006802721088435,68,3,1,0.16095890410958943,3,0.10091743119266336,2345,8045,2,0.16122448979591836,0.10436432637571158,14,3,3,80,1,8,3,4,3,1,1,2,0
44,0.14956855225311602,1467,0.1383975026014568,20,3,0.14686468646864687,1,1475,4,0.17006802721088435,49,3,1,0.16095890410958943,2,0.2553191489361702,3420,21158,1,0.16122448979591836,0.10436432637571158,13,3,3,80,0,6,3,2,5,2,1,3,0
33,0.2490974729235817,430,0.2062780269058296,7,3,0.13577586206896552,1,1477,4,0.17006802721088435,54,3,2,0.17484662576687046,1,0.12481426448736999,4373,17456,0,0.16122448979591836,0.10436432637571158,14,3,1,80,2,5,2,3,4,3,0,3,0
34,0.14956855225311602,1326,0.2062780269058296,3,3,0.13420118338933018,1,1478,4,0.17006802721088435,81,1,2,0.17484662576687046,1,0.2553191489361702,4759,15891,3,0.16122448979591836,0.10436432637571158,18,3,4,80,0,15,2,3,13,9,3,12,0
30,0.14956855225311602,1358,0.2062780269058296,16,1,0.14686468646864687,1,1479,4,0.17006802721088435,96,3,2,0.17484662576687046,3,0.12481426448736999,5301,2939,8,0.16122448979591836,0.10436432637571158,15,3,3,80,2,4,2,2,2,1,2,2,0
42,0.2490974729235817,748,0.1383975026014568,9,2,0.13577586206896552,1,1480,1,0.14795918367346939,74,3,1,0.23938223937897848,4,0.2553191489361702,3673,16458,1,0.16122448979591836,0.10436432637571158,13,3,3,80,0,12,3,3,12,9,5,8,0
44,0.2490974729235817,383,0.2062780269058296,1,5,0.22012573203437844,1,1481,1,0.14795918367346939,79,3,2,0.17484662576687046,3,0.12481426448736999,4768,9282,7,0.16122448979591836,0.10436432637571158,12,3,3,80,1,11,4,2,1,0,0,0,0
30,0.08000018359368788,990,0.1383975026014568,7,3,0.24242313209808733,1,1482,3,0.17006802721088435,64,3,1,0.16095890410958943,3,0.10091743119266336,1274,7152,1,0.16122448979591836,0.10436432637571158,13,3,2,80,2,1,2,2,1,0,0,0,0
57,0.14956855225311602,405,0.1383975026014568,1,2,0.14686468646864687,1,1483,2,0.17006802721088435,93,4,2,0.16095890410958943,3,0.12481426448736999,4900,2721,0,0.16122448979591836,0.10436432637571158,24,4,1,80,1,13,2,2,12,9,2,8,0
49,0.14956855225311602,1490,0.1383975026014568,7,4,0.14686468646864687,1,1484,3,0.17006802721088435,35,3,3,0.06870368828064846,2,0.10091743119266336,10466,20948,3,0.16122448979591836,0.10436432637571158,14,3,2,80,2,29,3,3,8,7,0,7,0
34,0.2490974729235817,829,0.1383975026014568,15,3,0.13577586206896552,1,1485,2,0.17006802721088435,71,3,4,0.02533683182797013,1,0.10091743119266336,17007,11929,7,0.16122448979591836,0.10436432637571158,14,3,4,80,2,16,3,2,14,8,6,9,0
28,0.2490974729235817,1496,0.2062780269058296,1,3,0.24242313209808733,1,1486,1,0.17006802721088435,92,3,1,0.3971571172349599,3,0.12481426448736999,2909,15747,3,0.16122448979591836,0.10436432637571158,15,3,4,80,1,5,3,4,3,2,1,2,1
29,0.2490974729235817,115,0.2062780269058296,13,3,0.24242313209808733,1,1487,1,0.14795918367346939,51,3,2,0.17484662576687046,2,0.2553191489361702,5765,17485,5,0.16122448979591836,0.10436432637571158,11,3,1,80,0,7,4,1,5,3,0,0,1
34,0.14956855225311602,790,0.2062780269058296,24,4,0.13577586206896552,1,1489,1,0.14795918367346939,40,2,2,0.17484662576687046,2,0.2553191489361702,4599,7815,0,0.16122448979591836,0.30528846153846156,23,4,3,80,0,16,2,4,15,9,10,10,1
35,0.14956855225311602,660,0.2062780269058296,7,1,0.14686468646864687,1,1492,4,0.17006802721088435,76,3,1,0.3971571172349599,3,0.12481426448736999,2404,16192,1,0.16122448979591836,0.10436432637571158,13,3,1,80,1,1,3,3,1,0,0,0,0
24,0.2490974729235817,381,0.1383975026014568,9,3,0.13577586206896552,1,1494,2,0.17006802721088435,89,3,1,0.23938223937897848,1,0.2553191489361702,3172,16998,2,0.16122448979591836,0.30528846153846156,11,3,3,80,0,4,2,2,0,0,0,0,1
24,0.08000018359368788,830,0.2062780269058296,13,2,0.14686468646864687,1,1495,4,0.14795918367346939,78,3,1,0.3971571172349599,2,0.12481426448736999,2033,7103,1,0.16122448979591836,0.10436432637571158,13,3,3,80,1,1,2,3,1,0,0,0,0
44,0.2490974729235817,1193,0.1383975026014568,2,1,0.13577586206896552,1,1496,2,0.17006802721088435,86,3,3,0.06896586105729074,3,0.2553191489361702,10209,19719,5,0.16122448979591836,0.30528846153846156,18,3,2,80,0,16,2,2,2,2,2,2,0
29,0.14956855225311602,1246,0.2062780269058296,19,3,0.14686468646864687,1,1497,3,0.17006802721088435,77,2,2,0.17484662576687046,3,0.10091743119266336,8620,23757,1,0.16122448979591836,0.10436432637571158,14,3,3,80,2,10,3,3,10,7,0,4,0
30,0.14956855225311602,330,0.19008460036286423,1,3,0.14686468646864687,1,1499,3,0.17006802721088435,46,3,1,0.22804546072229726,3,0.10091743119266336,2064,15428,0,0.16122448979591836,0.10436432637571158,21,4,1,80,1,6,3,4,5,3,1,3,0
55,0.14956855225311602,1229,0.1383975026014568,4,4,0.14686468646864687,1,1501,4,0.17006802721088435,30,3,2,0.06870368828064846,3,0.12481426448736999,4035,16143,0,0.16122448979591836,0.30528846153846156,16,3,2,80,0,4,2,3,3,2,1,2,0
33,0.14956855225311602,1099,0.1383975026014568,4,4,0.13577586206896552,1,1502,1,0.14795918367346939,82,2,1,0.23938223937897848,2,0.12481426448736999,3838,8192,8,0.16122448979591836,0.10436432637571158,11,3,4,80,0,8,5,3,5,4,0,2,0
47,0.14956855225311602,571,0.2062780269058296,14,3,0.13577586206896552,1,1503,3,0.14795918367346939,78,3,2,0.17484662576687046,3,0.12481426448736999,4591,24200,3,0.16122448979591836,0.30528846153846156,17,3,3,80,1,11,4,2,5,4,1,2,0
28,0.2490974729235817,289,0.1383975026014568,2,2,0.13577586206896552,1,1504,3,0.17006802721088435,38,2,1,0.23938223937897848,1,0.2553191489361702,2561,5355,7,0.16122448979591836,0.10436432637571158,11,3,3,80,0,8,2,2,0,0,0,0,1
28,0.14956855225311602,1423,0.1383975026014568,1,3,0.14686468646864687,1,1506,1,0.17006802721088435,72,2,1,0.16095890410958943,3,0.10091743119266336,1563,12530,1,0.16122448979591836,0.10436432637571158,14,3,4,80,1,1,2,1,1,0,0,0,0
28,0.2490974729235817,467,0.2062780269058296,7,3,0.14686468646864687,1,1507,3,0.17006802721088435,55,3,2,0.17484662576687046,1,0.2553191489361702,4898,11827,0,0.16122448979591836,0.10436432637571158,14,3,4,80,0,5,5,3,4,2,1,3,0
49,0.14956855225311602,271,0.1383975026014568,3,2,0.13577586206896552,1,1509,3,0.14795918367346939,43,2,2,0.23938223937897848,1,0.12481426448736999,4789,23070,4,0.16122448979591836,0.10436432637571158,25,4,1,80,1,10,3,3,3,2,1,2,0
29,0.2490974729235817,410,0.1383975026014568,2,1,0.14686468646864687,1,1513,4,0.14795918367346939,97,3,1,0.23938223937897848,2,0.12481426448736999,3180,4668,0,0.16122448979591836,0.10436432637571158,13,3,3,80,3,4,3,3,3,2,0,2,0
28,0.14956855225311602,1083,0.1383975026014568,29,1,0.14686468646864687,1,1514,3,0.17006802721088435,96,1,2,0.06896586105729074,2,0.12481426448736999,6549,3173,1,0.16122448979591836,0.10436432637571158,14,3,2,80,2,8,2,2,8,6,1,7,0
33,0.14956855225311602,516,0.1383975026014568,8,5,0.14686468646864687,1,1515,4,0.17006802721088435,69,3,2,0.06870368828064846,3,0.2553191489361702,6388,22049,2,0.16122448979591836,0.30528846153846156,17,3,1,80,0,14,6,3,0,0,0,0,0
32,0.14956855225311602,495,0.1383975026014568,10,3,0.13577586206896552,1,1516,3,0.17006802721088435,64,3,3,0.04905041685272943,4,0.2553191489361702,11244,21072,2,0.16122448979591836,0.10436432637571158,25,4,2,80,0,10,5,4,5,2,0,0,0
54,0.2490974729235817,1050,0.1383975026014568,11,4,0.13577586206896552,1,1520,2,0.14795918367346939,87,3,4,0.04905041685272943,4,0.10091743119266336,16032,24456,3,0.16122448979591836,0.10436432637571158,20,4,1,80,1,26,2,3,14,9,1,12,0
29,0.14956855225311602,224,0.1383975026014568,1,4,0.24242313209808733,1,1522,1,0.17006802721088435,100,2,1,0.16095890410958943,1,0.2553191489361702,2362,7568,6,0.16122448979591836,0.10436432637571158,13,3,3,80,0,11,2,1,9,7,0,7,1
44,0.14956855225311602,136,0.1383975026014568,28,3,0.14686468646864687,1,1523,4,0.17006802721088435,32,3,4,0.02533683182797013,1,0.12481426448736999,16328,22074,3,0.16122448979591836,0.10436432637571158,13,3,3,80,1,24,1,4,20,6,14,17,0
39,0.14956855225311602,1089,0.1383975026014568,6,3,0.14686468646864687,1,1525,2,0.14795918367346939,32,3,3,0.06896586105729074,2,0.2553191489361702,8376,9150,4,0.16122448979591836,0.10436432637571158,18,3,4,80,0,9,3,3,2,0,2,2,0
46,0.14956855225311602,228,0.2062780269058296,3,3,0.14686468646864687,1,1527,3,0.14795918367346939,51,3,4,0.04905041685272943,2,0.12481426448736999,16606,11380,8,0.16122448979591836,0.10436432637571158,12,3,4,80,1,23,2,4,13,12,5,1,0
35,0.14956855225311602,1029,0.1383975026014568,16,3,0.14686468646864687,1,1529,4,0.14795918367346939,91,2,3,0.06870368828064846,2,0.2553191489361702,8606,21195,1,0.16122448979591836,0.10436432637571158,19,3,4,80,0,11,3,1,11,8,3,3,0
23,0.14956855225311602,507,0.1383975026014568,20,1,0.14686468646864687,1,1533,1,0.17006802721088435,97,3,2,0.23938223937897848,3,0.2553191489361702,2272,24812,0,0.16122448979591836,0.10436432637571158,14,3,2,80,0,5,2,3,4,3,1,2,0
40,0.14956855225311602,676,0.1383975026014568,9,4,0.14686468646864687,1,1534,4,0.17006802721088435,86,3,1,0.23938223937897848,1,0.2553191489361702,2018,21831,3,0.16122448979591836,0.10436432637571158,14,3,2,80,0,15,3,1,5,4,1,0,1
34,0.14956855225311602,971,0.2062780269058296,1,3,0.24242313209808733,1,1535,4,0.17006802721088435,64,2,3,0.17484662576687046,3,0.12481426448736999,7083,12288,1,0.16122448979591836,0.30528846153846156,14,3,4,80,0,10,3,3,10,9,8,6,0
31,0.2490974729235817,561,0.1383975026014568,3,3,0.14686468646864687,1,1537,4,0.14795918367346939,33,3,1,0.16095890410958943,3,0.2553191489361702,4084,4156,1,0.16122448979591836,0.10436432637571158,12,3,1,80,0,7,2,1,7,2,7,7,1
50,0.2490974729235817,333,0.1383975026014568,22,5,0.13577586206896552,1,1539,3,0.17006802721088435,88,1,4,0.02533683182797013,4,0.2553191489361702,14411,24450,1,0.16122448979591836,0.30528846153846156,13,3,4,80,0,32,2,3,32,6,13,9,0
34,0.14956855225311602,1440,0.2062780269058296,7,2,0.24242313209808733,1,1541,2,0.17006802721088435,55,3,1,0.3971571172349599,3,0.12481426448736999,2308,4944,0,0.16122448979591836,0.30528846153846156,25,4,2,80,1,12,4,3,11,10,5,7,0
42,0.14956855225311602,1210,0.1383975026014568,2,3,0.13577586206896552,1,1542,3,0.17006802721088435,68,2,1,0.23938223937897848,2,0.12481426448736999,4841,24052,4,0.16122448979591836,0.10436432637571158,14,3,2,80,1,4,3,3,1,0,0,0,0
37,0.14956855225311602,674,0.1383975026014568,13,3,0.13577586206896552,1,1543,1,0.17006802721088435,47,3,2,0.16095890410958943,4,0.12481426448736999,4285,3031,1,0.16122448979591836,0.10436432637571158,17,3,1,80,0,10,2,3,10,8,3,7,0
29,0.14956855225311602,441,0.1383975026014568,8,1,0.13420118338933018,1,1544,3,0.14795918367346939,39,1,2,0.06870368828064846,1,0.12481426448736999,9715,7288,3,0.16122448979591836,0.10436432637571158,13,3,3,80,1,9,3,3,7,7,0,7,0
33,0.14956855225311602,575,0.1383975026014568,25,3,0.14686468646864687,1,1545,4,0.17006802721088435,44,2,2,0.06896586105729074,2,0.2553191489361702,4320,24152,1,0.16122448979591836,0.10436432637571158,13,3,4,80,0,5,2,3,5,3,0,2,0
45,0.14956855225311602,950,0.1383975026014568,28,3,0.24242313209808733,1,1546,4,0.17006802721088435,97,3,1,0.16095890410958943,4,0.12481426448736999,2132,4585,4,0.16122448979591836,0.10436432637571158,20,4,4,80,1,8,3,3,5,4,0,3,0
42,0.2490974729235817,288,0.1383975026014568,2,3,0.14686468646864687,1,1547,4,0.17006802721088435,40,3,3,0.06870368828064846,4,0.12481426448736999,10124,18611,2,0.16122448979591836,0.30528846153846156,14,3,3,80,1,24,3,1,20,8,13,9,0
40,0.14956855225311602,1342,0.2062780269058296,9,2,0.13577586206896552,1,1548,1,0.17006802721088435,47,3,2,0.17484662576687046,1,0.12481426448736999,5473,19345,0,0.16122448979591836,0.10436432637571158,12,3,4,80,0,9,5,4,8,4,7,1,0
33,0.14956855225311602,589,0.1383975026014568,28,4,0.14686468646864687,1,1549,2,0.17006802721088435,79,3,2,0.23938223937897848,3,0.12481426448736999,5207,22949,1,0.16122448979591836,0.30528846153846156,12,3,2,80,1,15,3,3,15,14,5,7,0
40,0.14956855225311602,898,0.19008460036286423,6,2,0.13577586206896552,1,1550,3,0.17006802721088435,38,3,4,0.04905041685272943,4,0.2553191489361702,16437,17381,1,0.16122448979591836,0.30528846153846156,21,4,4,80,0,21,2,3,21,7,7,7,0
24,0.14956855225311602,350,0.1383975026014568,21,2,0.24242313209808733,1,1551,3,0.17006802721088435,57,2,1,0.23938223937897848,1,0.10091743119266336,2296,10036,0,0.16122448979591836,0.10436432637571158,14,3,2,80,3,2,3,3,1,1,0,0,0
40,0.08000018359368788,1142,0.1383975026014568,8,2,0.14686468646864687,1,1552,4,0.17006802721088435,72,3,2,0.06870368828064846,4,0.10091743119266336,4069,8841,3,0.16122448979591836,0.30528846153846156,18,3,3,80,0,8,2,3,2,2,2,2,0
45,0.14956855225311602,538,0.1383975026014568,1,4,0.24242313209808733,1,1553,1,0.17006802721088435,66,3,3,0.06870368828064846,2,0.10091743119266336,7441,20933,1,0.16122448979591836,0.10436432637571158,12,3,1,80,3,10,4,3,10,8,7,7,0
35,0.14956855225311602,1402,0.2062780269058296,28,4,0.14686468646864687,1,1554,2,0.14795918367346939,98,2,1,0.3971571172349599,3,0.12481426448736999,2430,26204,0,0.16122448979591836,0.10436432637571158,23,4,1,80,2,6,5,3,5,3,4,2,0
32,0.14956855225311602,824,0.1383975026014568,5,2,0.14686468646864687,1,1555,4,0.14795918367346939,67,2,2,0.16095890410958943,2,0.12481426448736999,5878,15624,3,0.16122448979591836,0.10436432637571158,12,3,1,80,1,12,2,3,7,1,2,5,0
36,0.14956855225311602,1157,0.2062780269058296,2,4,0.14686468646864687,1,1556,3,0.17006802721088435,70,3,1,0.3971571172349599,4,0.2553191489361702,2644,17001,3,0.16122448979591836,0.30528846153846156,21,4,4,80,0,7,3,2,3,2,1,2,0
48,0.14956855225311602,492,0.2062780269058296,16,4,0.14686468646864687,1,1557,3,0.14795918367346939,96,3,2,0.17484662576687046,3,0.10091743119266336,6439,13693,8,0.16122448979591836,0.10436432637571158,14,3,3,80,1,18,2,3,8,7,7,7,0
29,0.14956855225311602,598,0.1383975026014568,9,3,0.14686468646864687,1,1558,3,0.17006802721088435,91,4,1,0.16095890410958943,3,0.12481426448736999,2451,22376,6,0.16122448979591836,0.10436432637571158,18,3,1,80,2,5,2,2,1,0,0,0,0
33,0.14956855225311602,1242,0.2062780269058296,8,4,0.14686468646864687,1,1560,1,0.17006802721088435,46,3,2,0.17484662576687046,1,0.12481426448736999,6392,10589,2,0.16122448979591836,0.10436432637571158,13,3,4,80,1,8,6,1,2,2,2,2,0
30,0.14956855225311602,740,0.2062780269058296,1,3,0.14686468646864687,1,1562,2,0.17006802721088435,64,2,2,0.17484662576687046,1,0.12481426448736999,9714,5323,1,0.16122448979591836,0.10436432637571158,11,3,4,80,1,10,4,3,10,8,6,7,1
38,0.2490974729235817,888,0.19008460036286423,10,4,0.22673012399864786,1,1563,3,0.17006802721088435,71,3,2,0.22804546072229726,3,0.12481426448736999,6077,14814,3,0.16122448979591836,0.10436432637571158,11,3,3,80,0,10,2,3,6,3,1,2,0
35,0.14956855225311602,992,0.1383975026014568,1,3,0.13577586206896552,1,1564,4,0.17006802721088435,68,2,1,0.23938223937897848,1,0.2553191489361702,2450,21731,1,0.16122448979591836,0.10436432637571158,19,3,2,80,0,3,3,3,3,0,1,2,0
30,0.14956855225311602,1288,0.2062780269058296,29,4,0.24242313209808733,1,1568,3,0.17006802721088435,33,3,3,0.17484662576687046,2,0.12481426448736999,9250,17799,3,0.16122448979591836,0.10436432637571158,12,3,2,80,1,9,3,3,4,2,1,3,0
35,0.14956855225311602,104,0.1383975026014568,2,3,0.14686468646864687,1,1569,1,0.14795918367346939,69,3,1,0.23938223937897848,1,0.10091743119266336,2074,26619,1,0.16122448979591836,0.30528846153846156,12,3,4,80,1,1,2,3,1,0,0,0,1
53,0.14956855225311602,607,0.1383975026014568,2,5,0.24242313209808733,1,1572,3,0.14795918367346939,78,2,3,0.06896586105729074,4,0.12481426448736999,10169,14618,0,0.16122448979591836,0.10436432637571158,16,3,2,80,1,34,4,3,33,7,1,9,1
38,0.14956855225311602,903,0.1383975026014568,2,3,0.13577586206896552,1,1573,3,0.17006802721088435,81,3,2,0.06896586105729074,2,0.12481426448736999,4855,7653,4,0.16122448979591836,0.10436432637571158,11,3,1,80,2,7,2,3,5,2,1,4,1
32,0.08000018359368788,1200,0.1383975026014568,1,4,0.24242313209808733,1,1574,4,0.17006802721088435,62,3,2,0.16095890410958943,1,0.12481426448736999,4087,25174,4,0.16122448979591836,0.10436432637571158,14,3,2,80,1,9,3,2,6,5,1,2,0
48,0.14956855225311602,1108,0.1383975026014568,15,4,0.13420118338933018,1,1576,3,0.14795918367346939,65,3,1,0.16095890410958943,1,0.12481426448736999,2367,16530,8,0.16122448979591836,0.10436432637571158,12,3,4,80,1,10,3,2,8,2,7,6,0
34,0.14956855225311602,479,0.1383975026014568,7,4,0.13577586206896552,1,1577,1,0.17006802721088435,35,3,1,0.16095890410958943,4,0.2553191489361702,2972,22061,1,0.16122448979591836,0.10436432637571158,13,3,3,80,0,1,4,1,1,0,0,0,0
55,0.14956855225311602,685,0.2062780269058296,26,5,0.22012573203437844,1,1578,3,0.17006802721088435,60,2,5,0.04905041685272943,4,0.12481426448736999,19586,23037,1,0.16122448979591836,0.10436432637571158,21,4,3,80,1,36,3,3,36,6,2,13,0
34,0.14956855225311602,1351,0.1383975026014568,1,4,0.14686468646864687,1,1580,2,0.17006802721088435,45,3,2,0.16095890410958943,4,0.12481426448736999,5484,13008,9,0.16122448979591836,0.10436432637571158,17,3,2,80,1,9,3,2,2,2,2,1,0
26,0.14956855225311602,474,0.1383975026014568,3,3,0.14686468646864687,1,1581,1,0.14795918367346939,89,3,1,0.16095890410958943,4,0.12481426448736999,2061,11133,1,0.16122448979591836,0.10436432637571158,21,4,1,80,0,1,5,3,1,0,0,0,0
38,0.14956855225311602,1245,0.2062780269058296,14,3,0.14686468646864687,1,1582,3,0.17006802721088435,80,3,2,0.17484662576687046,2,0.12481426448736999,9924,12355,0,0.16122448979591836,0.10436432637571158,11,3,4,80,1,10,3,3,9,8,7,7,0
38,0.14956855225311602,437,0.2062780269058296,16,3,0.14686468646864687,1,1583,2,0.14795918367346939,90,3,2,0.17484662576687046,2,0.2553191489361702,4198,16379,2,0.16122448979591836,0.10436432637571158,12,3,2,80,0,8,5,4,3,2,1,2,0
36,0.14956855225311602,884,0.2062780269058296,1,4,0.14686468646864687,1,1585,2,0.14795918367346939,73,3,2,0.17484662576687046,3,0.2553191489361702,6815,21447,6,0.16122448979591836,0.10436432637571158,13,3,1,80,0,15,5,3,1,0,0,0,0
29,0.14956855225311602,1370,0.1383975026014568,3,1,0.13577586206896552,1,1586,2,0.17006802721088435,87,3,1,0.23938223937897848,1,0.2553191489361702,4723,16213,1,0.16122448979591836,0.30528846153846156,18,3,4,80,0,10,3,3,10,9,1,5,0
35,0.14956855225311602,670,0.1383975026014568,10,4,0.13577586206896552,1,1587,1,0.14795918367346939,51,3,2,0.06870368828064846,3,0.2553191489361702,6142,4223,3,0.16122448979591836,0.30528846153846156,16,3,3,80,0,10,4,3,5,2,0,4,0
39,0.14956855225311602,1462,0.2062780269058296,6,3,0.13577586206896552,1,1588,4,0.17006802721088435,38,4,3,0.17484662576687046,3,0.12481426448736999,8237,4658,2,0.16122448979591836,0.10436432637571158,11,3,1,80,1,11,3,3,7,6,7,6,0
29,0.2490974729235817,995,0.1383975026014568,2,1,0.14686468646864687,1,1590,1,0.17006802721088435,87,3,2,0.06870368828064846,4,0.10091743119266336,8853,24483,1,0.16122448979591836,0.10436432637571158,19,3,4,80,1,6,0,4,6,4,1,3,0
50,0.14956855225311602,264,0.2062780269058296,9,3,0.22012573203437844,1,1591,3,0.17006802721088435,59,3,5,0.04905041685272943,3,0.12481426448736999,19331,19519,4,0.16122448979591836,0.30528846153846156,16,3,3,80,1,27,2,3,1,0,0,0,0
23,0.14956855225311602,977,0.1383975026014568,10,3,0.24242313209808733,1,1592,4,0.17006802721088435,45,4,1,0.16095890410958943,3,0.12481426448736999,2073,12826,2,0.16122448979591836,0.10436432637571158,16,3,4,80,1,4,2,3,2,2,2,2,0
36,0.2490974729235817,1302,0.1383975026014568,6,4,0.14686468646864687,1,1594,1,0.17006802721088435,80,4,2,0.23938223937897848,1,0.12481426448736999,5562,19711,3,0.16122448979591836,0.30528846153846156,13,3,4,80,1,9,3,3,3,2,0,2,0
42,0.14956855225311602,1059,0.1383975026014568,9,2,0.13420118338933018,1,1595,4,0.17006802721088435,93,2,5,0.04905041685272943,4,0.2553191489361702,19613,26362,8,0.16122448979591836,0.10436432637571158,22,4,4,80,0,24,2,3,1,0,0,1,0
35,0.14956855225311602,750,0.1383975026014568,28,3,0.14686468646864687,1,1596,2,0.17006802721088435,46,4,2,0.23938223937897848,3,0.12481426448736999,3407,25348,1,0.16122448979591836,0.10436432637571158,17,3,4,80,2,10,3,2,10,9,6,8,0
34,0.2490974729235817,653,0.1383975026014568,10,4,0.24242313209808733,1,1597,4,0.17006802721088435,92,2,2,0.06870368828064846,3,0.12481426448736999,5063,15332,1,0.16122448979591836,0.10436432637571158,14,3,2,80,1,8,3,2,8,2,7,7,0
40,0.14956855225311602,118,0.2062780269058296,14,2,0.14686468646864687,1,1598,4,0.14795918367346939,84,3,2,0.17484662576687046,1,0.12481426448736999,4639,11262,1,0.16122448979591836,0.10436432637571158,15,3,3,80,1,5,2,3,5,4,1,2,0
43,0.14956855225311602,990,0.1383975026014568,27,3,0.24242313209808733,1,1599,4,0.17006802721088435,87,4,1,0.23938223937897848,2,0.10091743119266336,4876,5855,5,0.16122448979591836,0.10436432637571158,12,3,3,80,1,8,0,3,6,4,0,2,0
35,0.14956855225311602,1349,0.1383975026014568,7,2,0.14686468646864687,1,1601,3,0.17006802721088435,63,2,1,0.23938223937897848,4,0.12481426448736999,2690,7713,1,0.16122448979591836,0.10436432637571158,18,3,4,80,1,1,5,2,1,0,0,1,0
46,0.14956855225311602,563,0.2062780269058296,1,4,0.14686468646864687,1,1602,4,0.17006802721088435,56,4,4,0.04905041685272943,1,0.2553191489361702,17567,3156,1,0.16122448979591836,0.10436432637571158,15,3,2,80,0,27,5,1,26,0,0,12,0
28,0.14956855225311602,329,0.1383975026014568,24,3,0.13577586206896552,1,1604,3,0.17006802721088435,51,3,1,0.23938223937897848,2,0.12481426448736999,2408,7324,1,0.16122448979591836,0.30528846153846156,17,3,3,80,3,1,3,3,1,1,0,0,1
22,0.08000018359368788,457,0.1383975026014568,26,2,0.13420118338933018,1,1605,2,0.14795918367346939,85,2,1,0.16095890410958943,3,0.12481426448736999,2814,10293,1,0.16122448979591836,0.30528846153846156,14,3,2,80,0,4,2,2,4,2,1,3,0
50,0.2490974729235817,1234,0.1383975026014568,20,5,0.13577586206896552,1,1606,2,0.17006802721088435,41,3,4,0.06870368828064846,3,0.12481426448736999,11245,20689,2,0.16122448979591836,0.30528846153846156,15,3,3,80,1,32,3,3,30,8,12,13,0
32,0.14956855225311602,634,0.1383975026014568,5,4,0.13420118338933018,1,1607,2,0.14795918367346939,35,4,1,0.16095890410958943,4,0.12481426448736999,3312,18783,3,0.16122448979591836,0.10436432637571158,17,3,4,80,2,6,3,3,3,2,0,2,0
44,0.14956855225311602,1313,0.1383975026014568,7,3,0.13577586206896552,1,1608,2,0.14795918367346939,31,3,5,0.02533683182797013,4,0.10091743119266336,19049,3549,0,0.16122448979591836,0.30528846153846156,14,3,4,80,1,23,4,2,22,7,1,10,0
30,0.14956855225311602,241,0.1383975026014568,7,3,0.13577586206896552,1,1609,2,0.17006802721088435,48,2,1,0.16095890410958943,2,0.12481426448736999,2141,5348,1,0.16122448979591836,0.10436432637571158,12,3,2,80,1,6,3,2,6,4,1,1,0
45,0.14956855225311602,1015,0.1383975026014568,5,5,0.13577586206896552,1,1611,3,0.14795918367346939,50,1,2,0.23938223937897848,1,0.2553191489361702,5769,23447,1,0.16122448979591836,0.30528846153846156,14,3,1,80,0,10,3,3,10,7,1,4,0
45,0.08000018359368788,336,0.2062780269058296,26,3,0.22012573203437844,1,1612,1,0.17006802721088435,52,2,2,0.17484662576687046,1,0.12481426448736999,4385,24162,1,0.16122448979591836,0.10436432637571158,15,3,1,80,1,10,2,3,10,7,4,5,0
31,0.2490974729235817,715,0.2062780269058296,2,4,0.13420118338933018,1,1613,4,0.17006802721088435,54,3,2,0.17484662576687046,1,0.2553191489361702,5332,21602,7,0.16122448979591836,0.10436432637571158,13,3,4,80,0,10,3,3,5,2,0,3,0
36,0.14956855225311602,559,0.1383975026014568,12,4,0.14686468646864687,1,1614,3,0.14795918367346939,76,3,2,0.06896586105729074,3,0.12481426448736999,4663,12421,9,0.16122448979591836,0.30528846153846156,12,3,2,80,2,7,2,3,3,2,1,1,0
34,0.2490974729235817,426,0.1383975026014568,10,4,0.14686468646864687,1,1615,3,0.17006802721088435,42,4,2,0.06896586105729074,4,0.10091743119266336,4724,17000,1,0.16122448979591836,0.10436432637571158,13,3,1,80,1,9,3,3,9,7,7,2,0
49,0.14956855225311602,722,0.1383975026014568,25,4,0.14686468646864687,1,1617,3,0.14795918367346939,84,3,1,0.23938223937897848,1,0.12481426448736999,3211,22102,1,0.16122448979591836,0.10436432637571158,14,3,4,80,1,10,3,2,9,6,1,4,0
39,0.14956855225311602,1387,0.1383975026014568,10,5,0.13577586206896552,1,1618,2,0.17006802721088435,76,3,2,0.06896586105729074,1,0.12481426448736999,5377,3835,2,0.16122448979591836,0.10436432637571158,13,3,4,80,3,10,3,3,7,7,7,7,0
27,0.14956855225311602,1302,0.1383975026014568,19,3,0.13420118338933018,1,1619,4,0.17006802721088435,67,2,1,0.23938223937897848,1,0.10091743119266336,4066,16290,1,0.16122448979591836,0.10436432637571158,11,3,1,80,2,7,3,3,7,7,0,7,0
35,0.14956855225311602,819,0.1383975026014568,18,5,0.14686468646864687,1,1621,2,0.17006802721088435,48,4,2,0.16095890410958943,1,0.12481426448736999,5208,26312,1,0.16122448979591836,0.10436432637571158,11,3,4,80,0,16,2,3,16,15,1,10,0
28,0.14956855225311602,580,0.1383975026014568,27,3,0.13577586206896552,1,1622,2,0.14795918367346939,39,1,2,0.06896586105729074,1,0.10091743119266336,4877,20460,0,0.16122448979591836,0.10436432637571158,21,4,2,80,1,6,5,2,5,3,0,0,0
21,0.14956855225311602,546,0.1383975026014568,5,1,0.13577586206896552,1,1623,3,0.17006802721088435,97,3,1,0.16095890410958943,4,0.2553191489361702,3117,26009,1,0.16122448979591836,0.10436432637571158,18,3,3,80,0,3,2,3,2,2,2,2,0
18,0.2490974729235817,544,0.2062780269058296,3,2,0.13577586206896552,1,1624,2,0.14795918367346939,70,3,1,0.3971571172349599,4,0.2553191489361702,1569,18420,1,0.16122448979591836,0.30528846153846156,12,3,3,80,0,0,2,4,0,0,0,0,1
47,0.14956855225311602,1176,0.19008460036286423,26,4,0.14686468646864687,1,1625,4,0.14795918367346939,98,3,5,0.04905041685272943,3,0.12481426448736999,19658,5220,3,0.16122448979591836,0.10436432637571158,11,3,3,80,1,27,2,3,5,2,1,0,0
39,0.14956855225311602,170,0.1383975026014568,3,2,0.13577586206896552,1,1627,3,0.17006802721088435,76,2,2,0.23938223937897848,3,0.10091743119266336,3069,10302,0,0.16122448979591836,0.10436432637571158,15,3,4,80,1,11,3,3,10,8,0,7,0
40,0.14956855225311602,884,0.1383975026014568,15,3,0.14686468646864687,1,1628,1,0.14795918367346939,80,2,3,0.06896586105729074,3,0.12481426448736999,10435,25800,1,0.16122448979591836,0.10436432637571158,13,3,4,80,2,18,2,3,18,15,14,12,0
35,0.08000018359368788,208,0.1383975026014568,8,4,0.14686468646864687,1,1630,3,0.14795918367346939,52,3,2,0.06870368828064846,3,0.12481426448736999,4148,12250,1,0.16122448979591836,0.10436432637571158,12,3,4,80,1,15,5,3,14,11,2,9,0
37,0.14956855225311602,671,0.1383975026014568,19,3,0.14686468646864687,1,1631,3,0.17006802721088435,85,3,2,0.06896586105729074,3,0.12481426448736999,5768,26493,3,0.16122448979591836,0.10436432637571158,17,3,1,80,3,9,2,2,4,3,0,2,0
39,0.2490974729235817,711,0.1383975026014568,4,3,0.13577586206896552,1,1633,1,0.14795918367346939,81,3,2,0.06896586105729074,3,0.2553191489361702,5042,3140,0,0.16122448979591836,0.10436432637571158,13,3,4,80,0,10,2,1,9,2,3,8,0
45,0.14956855225311602,1329,0.1383975026014568,2,2,0.13420118338933018,1,1635,4,0.14795918367346939,59,2,2,0.06896586105729074,4,0.10091743119266336,5770,5388,1,0.16122448979591836,0.10436432637571158,19,3,1,80,2,10,3,3,10,7,3,9,0
38,0.14956855225311602,397,0.1383975026014568,2,2,0.13577586206896552,1,1638,4,0.14795918367346939,54,2,3,0.06896586105729074,3,0.12481426448736999,7756,14199,3,0.16122448979591836,0.30528846153846156,19,3,4,80,1,10,6,4,5,4,0,2,0
35,0.14956855225311602,737,0.2062780269058296,10,3,0.13577586206896552,1,1639,4,0.17006802721088435,55,2,3,0.17484662576687046,1,0.12481426448736999,10306,21530,9,0.16122448979591836,0.10436432637571158,17,3,3,80,0,15,3,3,13,12,6,0,1
37,0.14956855225311602,1470,0.1383975026014568,10,3,0.13577586206896552,1,1640,2,0.14795918367346939,71,3,1,0.16095890410958943,2,0.12481426448736999,3936,9953,1,0.16122448979591836,0.10436432637571158,11,3,1,80,1,8,2,1,8,4,7,7,0
40,0.14956855225311602,448,0.1383975026014568,16,3,0.14686468646864687,1,1641,3,0.14795918367346939,84,3,3,0.06896586105729074,4,0.2553191489361702,7945,19948,6,0.16122448979591836,0.30528846153846156,15,3,4,80,0,18,2,2,4,2,3,3,0
44,0.2490974729235817,602,0.19008460036286423,1,5,0.22673012399864786,1,1642,1,0.17006802721088435,37,3,2,0.22804546072229726,4,0.12481426448736999,5743,10503,4,0.16122448979591836,0.30528846153846156,11,3,3,80,0,14,3,3,10,7,0,2,0
48,0.2490974729235817,365,0.1383975026014568,4,5,0.13577586206896552,1,1644,3,0.17006802721088435,89,2,4,0.04905041685272943,4,0.12481426448736999,15202,5602,2,0.16122448979591836,0.10436432637571158,25,4,2,80,1,23,3,3,2,2,2,2,0
35,0.14956855225311602,763,0.2062780269058296,15,2,0.13577586206896552,1,1645,1,0.17006802721088435,59,1,2,0.17484662576687046,4,0.10091743119266336,5440,22098,6,0.16122448979591836,0.30528846153846156,14,3,4,80,2,7,2,2,2,2,2,2,1
24,0.2490974729235817,567,0.1383975026014568,2,1,0.24242313209808733,1,1646,1,0.14795918367346939,32,3,1,0.16095890410958943,4,0.2553191489361702,3760,17218,1,0.16122448979591836,0.30528846153846156,13,3,3,80,0,6,2,3,6,3,1,3,0
27,0.14956855225311602,486,0.1383975026014568,8,3,0.13577586206896552,1,1647,2,0.14795918367346939,86,4,1,0.16095890410958943,3,0.12481426448736999,3517,22490,7,0.16122448979591836,0.10436432637571158,17,3,1,80,0,5,0,3,3,2,0,2,0
27,0.2490974729235817,591,0.1383975026014568,2,3,0.13577586206896552,1,1648,4,0.17006802721088435,87,3,1,0.16095890410958943,4,0.2553191489361702,2580,6297,2,0.16122448979591836,0.10436432637571158,13,3,3,80,0,6,0,2,4,2,1,2,0
40,0.14956855225311602,1329,0.1383975026014568,7,3,0.14686468646864687,1,1649,1,0.17006802721088435,73,3,1,0.23938223937897848,1,0.2553191489361702,2166,3339,3,0.16122448979591836,0.30528846153846156,14,3,2,80,0,10,3,1,4,2,0,3,1
29,0.14956855225311602,469,0.2062780269058296,10,3,0.13577586206896552,1,1650,3,0.17006802721088435,42,2,2,0.17484662576687046,3,0.2553191489361702,5869,23413,9,0.16122448979591836,0.10436432637571158,11,3,3,80,0,8,2,3,5,2,1,4,0
36,0.14956855225311602,711,0.1383975026014568,5,4,0.14686468646864687,1,1651,2,0.14795918367346939,42,3,3,0.06870368828064846,1,0.12481426448736999,8008,22792,4,0.16122448979591836,0.10436432637571158,12,3,3,80,2,9,6,3,3,2,0,2,0
25,0.2490974729235817,772,0.1383975026014568,2,1,0.14686468646864687,1,1653,4,0.17006802721088435,77,4,2,0.06896586105729074,3,0.10091743119266336,5206,4973,1,0.16122448979591836,0.10436432637571158,17,3,3,80,2,7,6,3,7,7,0,7,0
39,0.14956855225311602,492,0.1383975026014568,12,3,0.13577586206896552,1,1654,4,0.17006802721088435,66,3,2,0.06896586105729074,2,0.12481426448736999,5295,7693,4,0.16122448979591836,0.10436432637571158,21,4,3,80,0,7,3,3,5,4,1,0,0
49,0.14956855225311602,301,0.1383975026014568,22,4,0.13420118338933018,1,1655,1,0.14795918367346939,72,3,4,0.02533683182797013,2,0.12481426448736999,16413,3498,3,0.16122448979591836,0.10436432637571158,16,3,2,80,2,27,2,3,4,2,1,2,0
50,0.14956855225311602,813,0.1383975026014568,17,5,0.14686468646864687,1,1656,4,0.14795918367346939,50,2,3,0.02533683182797013,1,0.10091743119266336,13269,21981,5,0.16122448979591836,0.10436432637571158,15,3,3,80,3,19,3,3,14,11,1,11,0
20,0.14956855225311602,1141,0.2062780269058296,2,3,0.13577586206896552,1,1657,3,0.14795918367346939,31,3,1,0.3971571172349599,3,0.2553191489361702,2783,13251,1,0.16122448979591836,0.10436432637571158,19,3,1,80,0,2,3,3,2,2,2,2,0
34,0.14956855225311602,1130,0.1383975026014568,3,3,0.14686468646864687,1,1658,4,0.14795918367346939,66,3,2,0.16095890410958943,2,0.10091743119266336,5433,19332,1,0.16122448979591836,0.10436432637571158,12,3,3,80,1,11,2,3,11,8,7,9,0
36,0.14956855225311602,311,0.1383975026014568,7,3,0.14686468646864687,1,1659,1,0.17006802721088435,77,3,1,0.23938223937897848,2,0.2553191489361702,2013,10950,2,0.16122448979591836,0.10436432637571158,11,3,3,80,0,15,4,3,4,3,1,3,0
49,0.14956855225311602,465,0.1383975026014568,6,1,0.14686468646864687,1,1661,3,0.14795918367346939,41,2,4,0.06870368828064846,3,0.12481426448736999,13966,11652,2,0.16122448979591836,0.30528846153846156,19,3,2,80,1,30,3,3,15,11,2,12,0
36,0.08000018359368788,894,0.1383975026014568,1,4,0.13577586206896552,1,1662,4,0.14795918367346939,33,2,2,0.06896586105729074,3,0.12481426448736999,4374,15411,0,0.16122448979591836,0.10436432637571158,15,3,3,80,0,4,6,3,3,2,1,2,0
36,0.14956855225311602,1040,0.1383975026014568,3,2,0.14686468646864687,1,1664,4,0.17006802721088435,79,4,2,0.06870368828064846,1,0.10091743119266336,6842,26308,6,0.16122448979591836,0.10436432637571158,20,4,1,80,1,13,3,3,5,4,0,4,0
54,0.14956855225311602,584,0.1383975026014568,22,5,0.13577586206896552,1,1665,2,0.14795918367346939,91,3,4,0.04905041685272943,3,0.12481426448736999,17426,18685,3,0.16122448979591836,0.10436432637571158,25,4,3,80,1,36,6,3,10,8,4,7,0
43,0.14956855225311602,1291,0.1383975026014568,15,2,0.14686468646864687,1,1666,3,0.17006802721088435,65,2,4,0.02533683182797013,3,0.12481426448736999,17603,3525,1,0.16122448979591836,0.10436432637571158,24,4,1,80,1,14,3,3,14,10,6,11,0
35,0.2490974729235817,880,0.2062780269058296,12,4,0.13420118338933018,1,1667,4,0.17006802721088435,36,3,2,0.17484662576687046,4,0.2553191489361702,4581,10414,3,0.16122448979591836,0.30528846153846156,24,4,1,80,0,13,2,4,11,9,6,7,1
38,0.2490974729235817,1189,0.1383975026014568,1,3,0.14686468646864687,1,1668,4,0.17006802721088435,90,3,2,0.16095890410958943,4,0.12481426448736999,4735,9867,7,0.16122448979591836,0.10436432637571158,15,3,4,80,2,19,4,4,13,11,2,9,0
29,0.14956855225311602,991,0.2062780269058296,5,3,0.13577586206896552,1,1669,1,0.17006802721088435,43,2,2,0.17484662576687046,2,0.10091743119266336,4187,3356,1,0.16122448979591836,0.30528846153846156,13,3,2,80,1,10,3,2,10,0,0,9,0
33,0.14956855225311602,392,0.2062780269058296,2,4,0.13577586206896552,1,1670,4,0.17006802721088435,93,3,2,0.17484662576687046,4,0.10091743119266336,5505,3921,1,0.16122448979591836,0.10436432637571158,14,3,3,80,2,6,5,3,6,2,0,4,0
32,0.14956855225311602,977,0.1383975026014568,2,3,0.13577586206896552,1,1671,4,0.17006802721088435,45,3,2,0.16095890410958943,2,0.10091743119266336,5470,25518,0,0.16122448979591836,0.10436432637571158,13,3,3,80,2,10,4,2,9,5,1,6,0
31,0.14956855225311602,1112,0.2062780269058296,5,4,0.14686468646864687,1,1673,1,0.14795918367346939,67,3,2,0.17484662576687046,4,0.12481426448736999,5476,22589,1,0.16122448979591836,0.10436432637571158,11,3,1,80,2,10,2,3,10,0,0,2,0
49,0.14956855225311602,464,0.1383975026014568,16,3,0.13577586206896552,1,1674,4,0.14795918367346939,74,3,1,0.23938223937897848,1,0.10091743119266336,2587,24941,4,0.16122448979591836,0.30528846153846156,16,3,2,80,1,17,2,2,2,2,2,2,0
38,0.2490974729235817,148,0.1383975026014568,2,3,0.13577586206896552,1,1675,4,0.14795918367346939,42,2,1,0.23938223937897848,2,0.2553191489361702,2440,23826,1,0.16122448979591836,0.10436432637571158,22,4,2,80,0,4,3,3,4,3,3,3,0
47,0.14956855225311602,1225,0.2062780269058296,2,4,0.14686468646864687,1,1676,2,0.14795918367346939,47,4,4,0.04905041685272943,2,0.10091743119266336,15972,21086,6,0.16122448979591836,0.10436432637571158,14,3,3,80,3,29,2,3,3,2,1,2,0
49,0.14956855225311602,809,0.1383975026014568,1,3,0.14686468646864687,1,1677,3,0.17006802721088435,36,3,4,0.04905041685272943,3,0.2553191489361702,15379,22384,4,0.16122448979591836,0.10436432637571158,14,3,1,80,0,23,2,3,8,7,0,0,0
41,0.14956855225311602,1206,0.2062780269058296,23,2,0.14686468646864687,1,1678,4,0.17006802721088435,80,3,3,0.17484662576687046,3,0.2553191489361702,7082,11591,3,0.16122448979591836,0.30528846153846156,16,3,4,80,0,21,2,3,2,0,0,2,0
20,0.14956855225311602,727,0.2062780269058296,9,1,0.14686468646864687,1,1680,4,0.17006802721088435,54,3,1,0.3971571172349599,1,0.2553191489361702,2728,21082,1,0.16122448979591836,0.10436432637571158,11,3,1,80,0,2,3,3,2,2,0,2,0
33,0.08000018359368788,530,0.2062780269058296,16,3,0.14686468646864687,1,1681,3,0.14795918367346939,36,3,2,0.17484662576687046,4,0.10091743119266336,5368,16130,1,0.16122448979591836,0.30528846153846156,25,4,3,80,1,7,2,3,6,5,1,2,0
36,0.14956855225311602,1351,0.1383975026014568,26,4,0.14686468646864687,1,1682,1,0.17006802721088435,80,3,2,0.06870368828064846,3,0.12481426448736999,5347,7419,6,0.16122448979591836,0.10436432637571158,14,3,2,80,2,10,2,2,3,2,0,2,0
44,0.14956855225311602,528,0.19008460036286423,1,3,0.14686468646864687,1,1683,3,0.14795918367346939,44,3,1,0.22804546072229726,4,0.10091743119266336,3195,4167,4,0.16122448979591836,0.30528846153846156,18,3,1,80,3,8,2,3,2,2,2,2,0
23,0.14956855225311602,1320,0.1383975026014568,8,1,0.13577586206896552,1,1684,4,0.17006802721088435,93,2,1,0.23938223937897848,3,0.2553191489361702,3989,20586,1,0.16122448979591836,0.30528846153846156,11,3,1,80,0,5,2,3,5,4,1,2,1
38,0.14956855225311602,1495,0.1383975026014568,4,2,0.13577586206896552,1,1687,4,0.14795918367346939,87,3,1,0.23938223937897848,3,0.12481426448736999,3306,26176,7,0.16122448979591836,0.10436432637571158,19,3,4,80,1,7,5,2,0,0,0,0,0
53,0.14956855225311602,1395,0.1383975026014568,24,4,0.13577586206896552,1,1689,2,0.17006802721088435,48,4,3,0.06870368828064846,4,0.12481426448736999,7005,3458,3,0.16122448979591836,0.10436432637571158,15,3,3,80,0,11,2,3,4,3,1,2,0
48,0.2490974729235817,708,0.2062780269058296,7,2,0.13577586206896552,1,1691,4,0.14795918367346939,95,3,1,0.3971571172349599,3,0.12481426448736999,2655,11740,2,0.16122448979591836,0.30528846153846156,11,3,3,80,2,19,3,3,9,7,7,7,1
32,0.14956855225311602,1259,0.1383975026014568,2,4,0.14686468646864687,1,1692,4,0.17006802721088435,95,3,1,0.23938223937897848,2,0.2553191489361702,1393,24852,1,0.16122448979591836,0.10436432637571158,12,3,1,80,0,1,2,3,1,0,0,0,1
26,0.08000018359368788,786,0.1383975026014568,7,3,0.13577586206896552,1,1693,4,0.17006802721088435,76,3,1,0.23938223937897848,4,0.2553191489361702,2570,11925,1,0.16122448979591836,0.10436432637571158,20,4,3,80,0,7,5,3,7,7,5,7,0
55,0.14956855225311602,1441,0.1383975026014568,22,3,0.24242313209808733,1,1694,1,0.17006802721088435,94,2,1,0.16095890410958943,2,0.10091743119266336,3537,23737,5,0.16122448979591836,0.10436432637571158,12,3,4,80,1,8,1,3,4,2,1,2,0
34,0.14956855225311602,1157,0.1383975026014568,5,2,0.13577586206896552,1,1696,2,0.17006802721088435,57,2,2,0.23938223937897848,4,0.12481426448736999,3986,11912,1,0.16122448979591836,0.10436432637571158,14,3,3,80,1,15,3,4,15,10,4,13,0
60,0.14956855225311602,370,0.1383975026014568,1,4,0.13577586206896552,1,1697,3,0.17006802721088435,92,1,3,0.06870368828064846,4,0.10091743119266336,10883,20467,3,0.16122448979591836,0.10436432637571158,20,4,3,80,1,19,2,4,1,0,0,0,0
33,0.14956855225311602,267,0.1383975026014568,21,3,0.13577586206896552,1,1698,2,0.17006802721088435,79,4,1,0.23938223937897848,2,0.12481426448736999,2028,13637,1,0.16122448979591836,0.10436432637571158,18,3,4,80,3,14,6,3,14,11,2,13,0
37,0.2490974729235817,1278,0.2062780269058296,1,4,0.13577586206896552,1,1700,3,0.17006802721088435,31,1,2,0.17484662576687046,4,0.10091743119266336,9525,7677,1,0.16122448979591836,0.10436432637571158,14,3,3,80,2,6,2,2,6,3,1,3,0
34,0.14956855225311602,678,0.1383975026014568,19,3,0.14686468646864687,1,1701,2,0.14795918367346939,35,2,1,0.16095890410958943,4,0.12481426448736999,2929,20338,1,0.16122448979591836,0.10436432637571158,12,3,2,80,0,10,3,3,10,9,8,7,0
23,0.14956855225311602,427,0.2062780269058296,7,3,0.14686468646864687,1,1702,3,0.17006802721088435,99,3,1,0.3971571172349599,4,0.10091743119266336,2275,25103,1,0.16122448979591836,0.30528846153846156,21,4,2,80,1,3,2,3,3,2,0,2,1
44,0.14956855225311602,921,0.1383975026014568,2,3,0.14686468646864687,1,1703,3,0.14795918367346939,96,4,3,0.06870368828064846,4,0.12481426448736999,7879,14810,1,0.16122448979591836,0.30528846153846156,19,3,2,80,1,9,2,3,8,7,6,7,0
35,0.2490974729235817,146,0.1383975026014568,2,4,0.13577586206896552,1,1704,1,0.17006802721088435,79,2,1,0.16095890410958943,4,0.2553191489361702,4930,13970,0,0.16122448979591836,0.30528846153846156,14,3,3,80,0,6,2,4,5,4,1,4,0
43,0.14956855225311602,1179,0.2062780269058296,2,3,0.13577586206896552,1,1706,4,0.17006802721088435,73,3,2,0.17484662576687046,4,0.12481426448736999,7847,6069,1,0.16122448979591836,0.30528846153846156,17,3,1,80,1,10,3,3,10,9,8,8,0
24,0.14956855225311602,581,0.1383975026014568,9,3,0.13577586206896552,1,1707,3,0.17006802721088435,62,4,1,0.16095890410958943,3,0.12481426448736999,4401,17616,1,0.16122448979591836,0.10436432637571158,16,3,4,80,1,5,1,3,5,3,0,4,0
41,0.14956855225311602,918,0.2062780269058296,6,3,0.22012573203437844,1,1708,4,0.17006802721088435,35,3,3,0.17484662576687046,3,0.2553191489361702,9241,15869,1,0.16122448979591836,0.10436432637571158,12,3,2,80,0,10,3,3,10,8,8,7,0
29,0.14956855225311602,1082,0.1383975026014568,9,4,0.13577586206896552,1,1709,4,0.14795918367346939,43,3,1,0.23938223937897848,3,0.12481426448736999,2974,25412,9,0.16122448979591836,0.10436432637571158,17,3,3,80,1,9,2,3,5,3,1,2,0
36,0.14956855225311602,530,0.2062780269058296,2,4,0.14686468646864687,1,1710,3,0.14795918367346939,51,3,2,0.3971571172349599,4,0.2553191489361702,4502,7439,3,0.16122448979591836,0.10436432637571158,15,3,3,80,0,17,2,2,13,7,6,7,0
45,0.08000018359368788,1238,0.1383975026014568,1,1,0.14686468646864687,1,1712,3,0.17006802721088435,74,2,3,0.06870368828064846,3,0.12481426448736999,10748,3395,3,0.16122448979591836,0.10436432637571158,23,4,4,80,1,25,3,2,23,15,14,4,0
24,0.14956855225311602,240,0.19008460036286423,22,1,0.22673012399864786,1,1714,4,0.17006802721088435,58,1,1,0.22804546072229726,3,0.12481426448736999,1555,11585,1,0.16122448979591836,0.10436432637571158,11,3,3,80,1,1,2,3,1,0,0,0,1
47,0.2490974729235817,1093,0.2062780269058296,9,3,0.14686468646864687,1,1716,3,0.17006802721088435,82,1,4,0.17484662576687046,3,0.12481426448736999,12936,24164,7,0.16122448979591836,0.10436432637571158,11,3,3,80,0,25,3,1,23,5,14,10,1
26,0.14956855225311602,390,0.1383975026014568,17,4,0.13577586206896552,1,1718,4,0.17006802721088435,62,1,1,0.23938223937897848,3,0.12481426448736999,2305,6217,1,0.16122448979591836,0.10436432637571158,15,3,3,80,3,3,3,4,3,2,0,2,0
45,0.14956855225311602,1005,0.1383975026014568,28,2,0.24242313209808733,1,1719,4,0.14795918367346939,48,2,4,0.02533683182797013,2,0.2553191489361702,16704,17119,1,0.16122448979591836,0.10436432637571158,11,3,3,80,0,21,2,3,21,6,8,6,0
32,0.2490974729235817,585,0.1383975026014568,10,3,0.14686468646864687,1,1720,1,0.17006802721088435,56,3,1,0.16095890410958943,3,0.12481426448736999,3433,17360,6,0.16122448979591836,0.10436432637571158,13,3,1,80,1,10,3,2,5,2,1,3,0
31,0.14956855225311602,741,0.1383975026014568,2,4,0.14686468646864687,1,1721,2,0.17006802721088435,69,3,1,0.23938223937897848,3,0.12481426448736999,3477,18103,1,0.16122448979591836,0.10436432637571158,14,3,4,80,1,6,2,4,5,2,0,3,0
41,0.08000018359368788,552,0.19008460036286423,4,3,0.22673012399864786,1,1722,3,0.17006802721088435,60,1,2,0.22804546072229726,2,0.12481426448736999,6430,20794,6,0.16122448979591836,0.10436432637571158,19,3,2,80,1,10,4,3,3,2,1,2,0
40,0.14956855225311602,369,0.1383975026014568,8,2,0.14686468646864687,1,1724,2,0.14795918367346939,92,3,2,0.06896586105729074,1,0.12481426448736999,6516,5041,2,0.16122448979591836,0.30528846153846156,16,3,2,80,1,18,3,3,1,0,0,0,0
24,0.14956855225311602,506,0.1383975026014568,29,1,0.13577586206896552,1,1725,2,0.17006802721088435,91,3,1,0.23938223937897848,1,0.10091743119266336,3907,3622,1,0.16122448979591836,0.10436432637571158,13,3,2,80,3,6,2,4,6,2,1,2,0
46,0.14956855225311602,717,0.1383975026014568,13,4,0.14686468646864687,1,1727,3,0.17006802721088435,34,3,2,0.06870368828064846,2,0.2553191489361702,5562,9697,6,0.16122448979591836,0.10436432637571158,14,3,4,80,0,19,3,3,10,7,0,9,0
35,0.14956855225311602,1370,0.1383975026014568,27,4,0.14686468646864687,1,1728,4,0.17006802721088435,49,3,2,0.06896586105729074,3,0.12481426448736999,6883,5151,2,0.16122448979591836,0.10436432637571158,16,3,2,80,1,17,3,3,7,7,0,7,0
30,0.14956855225311602,793,0.1383975026014568,16,1,0.14686468646864687,1,1729,2,0.17006802721088435,33,3,1,0.16095890410958943,4,0.12481426448736999,2862,3811,1,0.16122448979591836,0.10436432637571158,12,3,2,80,1,10,2,2,10,0,0,8,0
47,0.08000018359368788,543,0.2062780269058296,2,4,0.22012573203437844,1,1731,3,0.17006802721088435,87,3,2,0.17484662576687046,2,0.12481426448736999,4978,3536,7,0.16122448979591836,0.10436432637571158,11,3,4,80,1,4,3,1,1,0,0,0,0
46,0.14956855225311602,1277,0.2062780269058296,2,3,0.14686468646864687,1,1732,3,0.17006802721088435,74,3,3,0.17484662576687046,4,0.10091743119266336,10368,5596,4,0.16122448979591836,0.30528846153846156,12,3,2,80,1,13,5,2,10,6,0,3,0
36,0.14956855225311602,1456,0.2062780269058296,13,5,0.22012573203437844,1,1733,2,0.17006802721088435,96,2,2,0.17484662576687046,1,0.10091743119266336,6134,8658,5,0.16122448979591836,0.30528846153846156,13,3,2,80,3,16,3,3,2,2,2,2,1
32,0.14956855225311602,964,0.2062780269058296,1,2,0.14686468646864687,1,1734,1,0.17006802721088435,34,1,2,0.17484662576687046,2,0.2553191489361702,6735,12147,6,0.16122448979591836,0.10436432637571158,15,3,2,80,0,10,2,3,0,0,0,0,1
23,0.14956855225311602,160,0.1383975026014568,4,1,0.13577586206896552,1,1735,3,0.14795918367346939,51,3,1,0.23938223937897848,2,0.2553191489361702,3295,12862,1,0.16122448979591836,0.10436432637571158,13,3,3,80,0,3,3,1,3,2,1,2,0
31,0.2490974729235817,163,0.1383975026014568,24,1,0.24242313209808733,1,1736,4,0.14795918367346939,30,3,2,0.06896586105729074,4,0.2553191489361702,5238,6670,2,0.16122448979591836,0.10436432637571158,20,4,4,80,0,9,3,2,5,4,1,4,0
39,0.08000018359368788,792,0.1383975026014568,1,3,0.14686468646864687,1,1737,4,0.17006802721088435,77,3,2,0.23938223937897848,4,0.12481426448736999,6472,8989,1,0.16122448979591836,0.30528846153846156,15,3,4,80,1,9,2,3,9,8,5,8,0
32,0.14956855225311602,371,0.2062780269058296,19,3,0.14686468646864687,1,1739,4,0.17006802721088435,80,1,3,0.17484662576687046,3,0.12481426448736999,9610,3840,3,0.16122448979591836,0.10436432637571158,13,3,3,80,1,10,2,1,4,3,0,2,0
40,0.14956855225311602,611,0.2062780269058296,7,4,0.13577586206896552,1,1740,2,0.17006802721088435,88,3,5,0.04905041685272943,2,0.2553191489361702,19833,4349,1,0.16122448979591836,0.10436432637571158,14,3,2,80,0,21,3,2,21,8,12,8,0
45,0.14956855225311602,176,0.19008460036286423,4,3,0.14686468646864687,1,1744,3,0.14795918367346939,56,1,3,0.22804546072229726,3,0.12481426448736999,9756,6595,4,0.16122448979591836,0.10436432637571158,21,4,3,80,2,9,2,4,5,0,0,3,0
30,0.2490974729235817,1312,0.1383975026014568,2,4,0.24242313209808733,1,1745,4,0.14795918367346939,78,2,1,0.16095890410958943,1,0.2553191489361702,4968,26427,0,0.16122448979591836,0.10436432637571158,16,3,4,80,0,10,2,3,9,7,0,7,0
24,0.2490974729235817,897,0.19008460036286423,10,3,0.13577586206896552,1,1746,1,0.17006802721088435,59,3,1,0.22804546072229726,4,0.12481426448736999,2145,2097,0,0.16122448979591836,0.10436432637571158,14,3,4,80,1,3,2,3,2,2,2,1,0
30,0.2490974729235817,600,0.19008460036286423,8,3,0.22673012399864786,1,1747,3,0.14795918367346939,66,2,1,0.22804546072229726,4,0.10091743119266336,2180,9732,6,0.16122448979591836,0.10436432637571158,11,3,3,80,1,6,0,2,4,2,1,2,1
31,0.14956855225311602,1003,0.2062780269058296,5,3,0.24242313209808733,1,1749,1,0.17006802721088435,51,3,2,0.17484662576687046,3,0.12481426448736999,8346,20943,1,0.16122448979591836,0.10436432637571158,19,3,3,80,1,6,3,3,5,2,0,2,0
27,0.14956855225311602,1054,0.1383975026014568,8,3,0.13577586206896552,1,1751,3,0.14795918367346939,67,3,1,0.16095890410958943,4,0.2553191489361702,3445,6152,1,0.16122448979591836,0.10436432637571158,11,3,3,80,0,6,5,2,6,2,1,4,0
29,0.14956855225311602,428,0.2062780269058296,9,3,0.22012573203437844,1,1752,2,0.14795918367346939,52,1,1,0.3971571172349599,2,0.2553191489361702,2760,14630,1,0.16122448979591836,0.10436432637571158,13,3,3,80,0,2,3,3,2,2,2,2,1
29,0.2490974729235817,461,0.1383975026014568,1,3,0.14686468646864687,1,1753,4,0.17006802721088435,70,4,2,0.06870368828064846,3,0.2553191489361702,6294,23060,8,0.16122448979591836,0.30528846153846156,12,3,4,80,0,10,5,4,3,2,0,2,0
30,0.14956855225311602,979,0.2062780269058296,15,2,0.22012573203437844,1,1754,3,0.17006802721088435,94,2,3,0.17484662576687046,1,0.10091743119266336,7140,3088,2,0.16122448979591836,0.10436432637571158,11,3,1,80,1,12,2,3,7,7,1,7,0
34,0.14956855225311602,181,0.1383975026014568,2,4,0.13577586206896552,1,1755,4,0.17006802721088435,97,4,1,0.16095890410958943,4,0.12481426448736999,2932,5586,0,0.16122448979591836,0.30528846153846156,14,3,1,80,3,6,3,3,5,0,1,2,0
33,0.08000018359368788,1283,0.2062780269058296,2,3,0.22012573203437844,1,1756,4,0.14795918367346939,62,3,2,0.17484662576687046,2,0.2553191489361702,5147,10697,8,0.16122448979591836,0.10436432637571158,15,3,4,80,0,13,2,2,11,7,1,7,0
49,0.14956855225311602,1313,0.2062780269058296,11,4,0.22012573203437844,1,1757,4,0.14795918367346939,80,3,2,0.17484662576687046,4,0.2553191489361702,4507,8191,3,0.16122448979591836,0.10436432637571158,12,3,3,80,0,8,1,4,5,1,0,4,0
33,0.14956855225311602,211,0.2062780269058296,16,3,0.14686468646864687,1,1758,1,0.14795918367346939,74,3,3,0.17484662576687046,1,0.2553191489361702,8564,10092,2,0.16122448979591836,0.30528846153846156,20,4,3,80,0,11,2,2,0,0,0,0,1
38,0.2490974729235817,594,0.1383975026014568,2,2,0.13577586206896552,1,1760,3,0.14795918367346939,75,2,1,0.23938223937897848,2,0.12481426448736999,2468,15963,4,0.16122448979591836,0.10436432637571158,14,3,2,80,1,9,4,2,6,1,0,5,0
31,0.14956855225311602,1079,0.2062780269058296,16,4,0.22012573203437844,1,1761,1,0.17006802721088435,70,3,3,0.17484662576687046,3,0.12481426448736999,8161,19002,2,0.16122448979591836,0.10436432637571158,13,3,1,80,3,10,2,3,1,0,0,0,1
29,0.14956855225311602,590,0.1383975026014568,4,3,0.24242313209808733,1,1762,4,0.14795918367346939,91,2,1,0.16095890410958943,1,0.10091743119266336,2109,10007,1,0.16122448979591836,0.10436432637571158,13,3,3,80,1,1,2,3,1,0,0,0,0
30,0.14956855225311602,305,0.1383975026014568,16,3,0.14686468646864687,1,1763,3,0.17006802721088435,58,4,2,0.06870368828064846,3,0.12481426448736999,5294,9128,3,0.16122448979591836,0.10436432637571158,16,3,3,80,1,10,3,3,7,0,1,7,0
32,0.08000018359368788,953,0.1383975026014568,5,4,0.24242313209808733,1,1764,2,0.17006802721088435,65,3,1,0.16095890410958943,2,0.2553191489361702,2718,17674,2,0.16122448979591836,0.10436432637571158,14,3,2,80,0,12,3,3,7,7,0,7,0
38,0.14956855225311602,833,0.1383975026014568,18,3,0.13577586206896552,1,1766,2,0.17006802721088435,60,1,2,0.06870368828064846,4,0.12481426448736999,5811,24539,3,0.16122448979591836,0.30528846153846156,16,3,3,80,1,15,2,3,1,0,1,0,0
43,0.2490974729235817,807,0.1383975026014568,17,3,0.24242313209808733,1,1767,3,0.17006802721088435,38,2,1,0.16095890410958943,3,0.12481426448736999,2437,15587,9,0.16122448979591836,0.30528846153846156,16,3,4,80,1,6,4,3,1,0,0,0,1
42,0.14956855225311602,855,0.1383975026014568,12,3,0.13577586206896552,1,1768,2,0.17006802721088435,57,3,1,0.23938223937897848,2,0.10091743119266336,2766,8952,8,0.16122448979591836,0.10436432637571158,22,4,2,80,3,7,6,2,5,3,0,4,0
55,0.14956855225311602,478,0.1383975026014568,2,3,0.13577586206896552,1,1770,3,0.17006802721088435,60,2,5,0.02533683182797013,1,0.12481426448736999,19038,19805,8,0.16122448979591836,0.10436432637571158,12,3,2,80,3,34,2,3,1,0,0,0,0
33,0.08000018359368788,775,0.1383975026014568,4,3,0.24242313209808733,1,1771,4,0.17006802721088435,90,3,2,0.16095890410958943,2,0.10091743119266336,3055,6194,5,0.16122448979591836,0.10436432637571158,15,3,4,80,2,11,2,2,9,8,1,7,0
41,0.14956855225311602,548,0.1383975026014568,9,4,0.14686468646864687,1,1772,3,0.17006802721088435,94,3,1,0.23938223937897848,1,0.10091743119266336,2289,20520,1,0.16122448979591836,0.10436432637571158,20,4,2,80,2,5,2,3,5,3,0,4,0
34,0.08000018359368788,1375,0.2062780269058296,10,3,0.14686468646864687,1,1774,4,0.17006802721088435,87,3,2,0.17484662576687046,3,0.10091743119266336,4001,12313,1,0.16122448979591836,0.30528846153846156,14,3,3,80,1,15,3,3,15,14,0,7,0
53,0.08000018359368788,661,0.1383975026014568,1,4,0.13577586206896552,1,1775,1,0.14795918367346939,60,2,4,0.06896586105729074,3,0.12481426448736999,12965,22308,4,0.16122448979591836,0.30528846153846156,20,4,4,80,3,27,2,2,3,2,0,2,0
43,0.14956855225311602,244,0.19008460036286423,2,3,0.14686468646864687,1,1778,2,0.17006802721088435,97,3,1,0.22804546072229726,4,0.2553191489361702,3539,5033,0,0.16122448979591836,0.10436432637571158,13,3,2,80,0,10,5,3,9,7,1,8,0
34,0.14956855225311602,511,0.2062780269058296,3,2,0.14686468646864687,1,1779,4,0.14795918367346939,32,1,2,0.17484662576687046,4,0.2553191489361702,6029,25353,5,0.16122448979591836,0.10436432637571158,12,3,1,80,0,6,3,3,2,2,2,2,0
21,0.14956855225311602,337,0.2062780269058296,7,1,0.22012573203437844,1,1780,2,0.17006802721088435,31,3,1,0.3971571172349599,2,0.2553191489361702,2679,4567,1,0.16122448979591836,0.10436432637571158,13,3,2,80,0,1,3,3,1,0,1,0,1
38,0.14956855225311602,1153,0.1383975026014568,6,2,0.13420118338933018,1,1782,4,0.14795918367346939,40,2,1,0.23938223937897848,3,0.12481426448736999,3702,16376,1,0.16122448979591836,0.10436432637571158,11,3,2,80,1,5,3,3,5,4,0,4,0
22,0.14956855225311602,1294,0.1383975026014568,8,1,0.13577586206896552,1,1783,3,0.14795918367346939,79,3,1,0.23938223937897848,1,0.12481426448736999,2398,15999,1,0.16122448979591836,0.30528846153846156,17,3,3,80,0,1,6,3,1,0,0,0,1
31,0.14956855225311602,196,0.2062780269058296,29,4,0.22012573203437844,1,1784,1,0.14795918367346939,91,2,2,0.17484662576687046,4,0.12481426448736999,5468,13402,1,0.16122448979591836,0.10436432637571158,14,3,1,80,2,13,3,3,12,7,5,7,0
51,0.14956855225311602,942,0.1383975026014568,3,3,0.24242313209808733,1,1786,1,0.14795918367346939,53,3,3,0.04905041685272943,3,0.12481426448736999,13116,22984,2,0.16122448979591836,0.10436432637571158,11,3,4,80,0,15,2,3,2,2,2,2,0
37,0.14956855225311602,589,0.2062780269058296,9,2,0.22012573203437844,1,1787,2,0.17006802721088435,46,2,2,0.17484662576687046,2,0.12481426448736999,4189,8800,1,0.16122448979591836,0.10436432637571158,14,3,1,80,2,5,2,3,5,2,0,3,0
46,0.14956855225311602,734,0.1383975026014568,2,4,0.13577586206896552,1,1789,3,0.17006802721088435,46,3,5,0.02533683182797013,4,0.10091743119266336,19328,14218,7,0.16122448979591836,0.30528846153846156,17,3,3,80,1,24,3,3,2,1,2,2,0
36,0.14956855225311602,1383,0.1383975026014568,10,3,0.14686468646864687,1,1790,4,0.17006802721088435,90,3,3,0.06870368828064846,1,0.12481426448736999,8321,25949,7,0.16122448979591836,0.30528846153846156,13,3,4,80,1,15,1,3,12,8,5,7,0
44,0.2490974729235817,429,0.1383975026014568,1,2,0.13577586206896552,1,1792,3,0.17006802721088435,99,3,1,0.16095890410958943,2,0.10091743119266336,2342,11092,1,0.16122448979591836,0.30528846153846156,12,3,3,80,3,6,2,2,5,3,2,3,1
37,0.14956855225311602,1239,0.19008460036286423,8,2,0.13420118338933018,1,1794,3,0.17006802721088435,89,3,2,0.22804546072229726,2,0.10091743119266336,4071,12832,2,0.16122448979591836,0.10436432637571158,13,3,3,80,0,19,4,2,10,0,4,7,0
35,0.14956855225311602,303,0.2062780269058296,27,3,0.14686468646864687,1,1797,3,0.17006802721088435,84,3,2,0.17484662576687046,4,0.2553191489361702,5813,13492,1,0.16122448979591836,0.30528846153846156,18,3,4,80,0,10,2,3,10,7,7,7,1
33,0.14956855225311602,867,0.1383975026014568,8,4,0.14686468646864687,1,1798,4,0.17006802721088435,90,4,1,0.16095890410958943,1,0.12481426448736999,3143,6076,6,0.16122448979591836,0.10436432637571158,19,3,2,80,1,14,1,3,10,8,7,6,0
28,0.14956855225311602,1181,0.1383975026014568,1,3,0.14686468646864687,1,1799,3,0.17006802721088435,82,3,1,0.16095890410958943,4,0.12481426448736999,2044,5531,1,0.16122448979591836,0.10436432637571158,11,3,3,80,1,5,6,4,5,3,0,3,0
39,0.14956855225311602,1253,0.1383975026014568,10,1,0.13577586206896552,1,1800,3,0.17006802721088435,65,3,3,0.02533683182797013,3,0.2553191489361702,13464,7914,7,0.16122448979591836,0.10436432637571158,21,4,3,80,0,9,3,3,4,3,2,2,0
46,0.08000018359368788,849,0.2062780269058296,26,2,0.14686468646864687,1,1801,2,0.17006802721088435,98,2,2,0.17484662576687046,2,0.2553191489361702,7991,25166,8,0.16122448979591836,0.10436432637571158,15,3,3,80,0,6,3,3,2,2,2,2,0
40,0.14956855225311602,616,0.1383975026014568,2,2,0.14686468646864687,1,1802,3,0.14795918367346939,99,3,1,0.23938223937897848,1,0.12481426448736999,3377,25605,4,0.16122448979591836,0.10436432637571158,17,3,4,80,1,7,5,2,4,3,0,2,0
42,0.14956855225311602,1128,0.1383975026014568,13,3,0.13577586206896552,1,1803,2,0.17006802721088435,95,4,2,0.06870368828064846,1,0.12481426448736999,5538,5696,5,0.16122448979591836,0.10436432637571158,18,3,3,80,2,10,2,2,0,0,0,0,0
35,0.08000018359368788,1180,0.1383975026014568,2,2,0.13577586206896552,1,1804,2,0.17006802721088435,90,3,2,0.06896586105729074,4,0.10091743119266336,5762,24442,2,0.16122448979591836,0.10436432637571158,14,3,3,80,1,15,6,3,7,7,1,7,0
38,0.08000018359368788,1336,0.19008460036286423,2,3,0.22673012399864786,1,1805,1,0.17006802721088435,100,3,1,0.22804546072229726,2,0.10091743119266336,2592,7129,5,0.16122448979591836,0.10436432637571158,13,3,4,80,3,13,3,3,11,10,3,8,0
34,0.2490974729235817,234,0.1383975026014568,9,4,0.14686468646864687,1,1807,4,0.17006802721088435,93,3,2,0.23938223937897848,1,0.12481426448736999,5346,6208,4,0.16122448979591836,0.10436432637571158,17,3,3,80,1,11,3,2,7,1,0,7,1
37,0.14956855225311602,370,0.1383975026014568,10,4,0.13577586206896552,1,1809,4,0.17006802721088435,58,3,2,0.06896586105729074,1,0.2553191489361702,4213,4992,1,0.16122448979591836,0.10436432637571158,15,3,2,80,0,10,4,1,10,3,0,8,1
39,0.2490974729235817,766,0.2062780269058296,20,3,0.14686468646864687,1,1812,3,0.17006802721088435,83,3,2,0.17484662576687046,4,0.10091743119266336,4127,19188,2,0.16122448979591836,0.10436432637571158,18,3,4,80,1,7,6,3,2,1,2,2,0
43,0.08000018359368788,343,0.1383975026014568,9,3,0.14686468646864687,1,1813,1,0.17006802721088435,52,3,1,0.16095890410958943,3,0.2553191489361702,2438,24978,4,0.16122448979591836,0.10436432637571158,13,3,3,80,0,7,2,2,3,2,1,2,0
41,0.14956855225311602,447,0.1383975026014568,5,3,0.14686468646864687,1,1814,2,0.17006802721088435,85,4,2,0.06870368828064846,2,0.2553191489361702,6870,15530,3,0.16122448979591836,0.10436432637571158,12,3,1,80,0,11,3,1,3,2,1,2,0
41,0.14956855225311602,796,0.2062780269058296,4,1,0.22012573203437844,1,1815,3,0.14795918367346939,81,3,3,0.17484662576687046,3,0.10091743119266336,10447,26458,0,0.16122448979591836,0.30528846153846156,13,3,4,80,1,23,3,4,22,14,13,5,0
30,0.14956855225311602,1092,0.1383975026014568,10,3,0.13577586206896552,1,1816,1,0.14795918367346939,64,3,3,0.06896586105729074,3,0.2553191489361702,9667,2739,9,0.16122448979591836,0.10436432637571158,14,3,2,80,0,9,3,3,7,7,0,2,0
26,0.14956855225311602,920,0.19008460036286423,20,2,0.13577586206896552,1,1818,4,0.14795918367346939,69,3,1,0.22804546072229726,2,0.12481426448736999,2148,6889,0,0.16122448979591836,0.30528846153846156,11,3,3,80,0,6,3,3,5,1,1,4,1
46,0.14956855225311602,261,0.1383975026014568,21,2,0.13577586206896552,1,1821,4,0.14795918367346939,66,3,2,0.06870368828064846,2,0.12481426448736999,8926,10842,4,0.16122448979591836,0.10436432637571158,22,4,4,80,1,13,2,4,9,7,3,7,1
40,0.14956855225311602,1194,0.1383975026014568,1,3,0.14686468646864687,1,1822,3,0.14795918367346939,52,3,2,0.06870368828064846,4,0.10091743119266336,6513,9060,4,0.16122448979591836,0.10436432637571158,17,3,4,80,1,12,3,3,5,3,0,3,0
34,0.14956855225311602,810,0.2062780269058296,8,2,0.24242313209808733,1,1823,2,0.17006802721088435,92,4,2,0.17484662576687046,3,0.12481426448736999,6799,22128,1,0.16122448979591836,0.10436432637571158,21,4,3,80,2,10,5,3,10,8,4,8,0
58,0.08000018359368788,350,0.2062780269058296,2,3,0.13577586206896552,1,1824,2,0.17006802721088435,52,3,4,0.04905041685272943,2,0.10091743119266336,16291,22577,4,0.16122448979591836,0.10436432637571158,22,4,4,80,1,37,0,2,16,9,14,14,0
35,0.14956855225311602,185,0.1383975026014568,23,4,0.13577586206896552,1,1826,2,0.17006802721088435,91,1,1,0.23938223937897848,3,0.12481426448736999,2705,9696,0,0.16122448979591836,0.10436432637571158,16,3,2,80,1,6,2,4,5,4,0,3,0
47,0.14956855225311602,1001,0.1383975026014568,4,3,0.14686468646864687,1,1827,3,0.14795918367346939,92,2,3,0.06896586105729074,2,0.10091743119266336,10333,19271,8,0.16122448979591836,0.30528846153846156,12,3,3,80,1,28,4,3,22,11,14,10,0
40,0.14956855225311602,750,0.1383975026014568,12,3,0.14686468646864687,1,1829,2,0.14795918367346939,47,3,2,0.06870368828064846,1,0.10091743119266336,4448,10748,2,0.16122448979591836,0.10436432637571158,12,3,2,80,1,15,3,3,7,4,7,7,0
54,0.14956855225311602,431,0.1383975026014568,7,4,0.13577586206896552,1,1830,4,0.14795918367346939,68,3,2,0.16095890410958943,4,0.12481426448736999,6854,15696,4,0.16122448979591836,0.10436432637571158,15,3,2,80,1,14,2,2,7,1,1,7,0
31,0.2490974729235817,1125,0.2062780269058296,7,4,0.22012573203437844,1,1833,1,0.14795918367346939,68,3,3,0.17484662576687046,1,0.12481426448736999,9637,8277,2,0.16122448979591836,0.10436432637571158,14,3,4,80,2,9,3,3,3,2,2,2,0
28,0.14956855225311602,1217,0.1383975026014568,1,3,0.13577586206896552,1,1834,3,0.14795918367346939,67,3,1,0.16095890410958943,1,0.12481426448736999,3591,12719,1,0.16122448979591836,0.10436432637571158,25,4,3,80,1,3,3,3,3,2,1,2,0
38,0.14956855225311602,723,0.2062780269058296,2,4,0.22012573203437844,1,1835,2,0.14795918367346939,77,1,2,0.3971571172349599,4,0.12481426448736999,5405,4244,2,0.16122448979591836,0.30528846153846156,20,4,1,80,2,20,4,2,4,2,0,3,0
26,0.14956855225311602,572,0.2062780269058296,10,3,0.13577586206896552,1,1836,3,0.17006802721088435,46,3,2,0.17484662576687046,4,0.2553191489361702,4684,9125,1,0.16122448979591836,0.10436432637571158,13,3,1,80,0,5,4,3,5,3,1,2,0
58,0.2490974729235817,1216,0.1383975026014568,15,4,0.14686468646864687,1,1837,1,0.17006802721088435,87,3,4,0.02533683182797013,3,0.12481426448736999,15787,21624,2,0.16122448979591836,0.30528846153846156,14,3,2,80,0,23,3,3,2,2,2,2,0
18,0.08000018359368788,1431,0.1383975026014568,14,3,0.13577586206896552,1,1839,2,0.14795918367346939,33,3,1,0.16095890410958943,3,0.2553191489361702,1514,8018,1,0.16122448979591836,0.10436432637571158,16,3,3,80,0,0,4,1,0,0,0,0,0
31,0.14956855225311602,359,0.19008460036286423,18,5,0.22673012399864786,1,1842,4,0.17006802721088435,89,4,1,0.22804546072229726,1,0.12481426448736999,2956,21495,0,0.16122448979591836,0.10436432637571158,17,3,3,80,0,2,4,3,1,0,0,0,1
29,0.14956855225311602,350,0.19008460036286423,13,3,0.22673012399864786,1,1844,1,0.17006802721088435,56,2,1,0.22804546072229726,1,0.10091743119266336,2335,3157,4,0.16122448979591836,0.30528846153846156,15,3,4,80,3,4,3,3,2,2,2,0,1
45,0.08000018359368788,589,0.2062780269058296,2,4,0.14686468646864687,1,1845,3,0.14795918367346939,67,3,2,0.17484662576687046,3,0.12481426448736999,5154,19665,4,0.16122448979591836,0.10436432637571158,22,4,2,80,2,10,3,4,8,7,5,7,0
36,0.14956855225311602,430,0.1383975026014568,2,4,0.13420118338933018,1,1847,4,0.14795918367346939,73,3,2,0.16095890410958943,2,0.12481426448736999,6962,19573,4,0.16122448979591836,0.30528846153846156,22,4,4,80,1,15,2,3,1,0,0,0,0
43,0.2490974729235817,1422,0.2062780269058296,2,4,0.14686468646864687,1,1849,1,0.17006802721088435,92,3,2,0.17484662576687046,4,0.12481426448736999,5675,19246,1,0.16122448979591836,0.10436432637571158,20,4,3,80,1,7,5,3,7,7,7,7,0
27,0.2490974729235817,1297,0.1383975026014568,5,2,0.14686468646864687,1,1850,4,0.14795918367346939,53,3,1,0.23938223937897848,4,0.2553191489361702,2379,19826,0,0.16122448979591836,0.30528846153846156,14,3,3,80,0,6,3,2,5,4,0,2,0
29,0.2490974729235817,574,0.1383975026014568,20,1,0.13577586206896552,1,1852,4,0.17006802721088435,40,3,1,0.23938223937897848,4,0.12481426448736999,3812,7003,1,0.16122448979591836,0.10436432637571158,13,3,2,80,0,11,3,4,11,8,3,10,0
32,0.2490974729235817,1318,0.2062780269058296,10,4,0.22012573203437844,1,1853,4,0.17006802721088435,79,3,2,0.17484662576687046,4,0.2553191489361702,4648,26075,8,0.16122448979591836,0.10436432637571158,13,3,3,80,0,4,2,4,0,0,0,0,0
42,0.08000018359368788,355,0.1383975026014568,10,4,0.24242313209808733,1,1854,3,0.17006802721088435,38,3,1,0.16095890410958943,3,0.12481426448736999,2936,6161,3,0.16122448979591836,0.10436432637571158,22,4,2,80,2,10,1,2,6,3,3,3,0
47,0.14956855225311602,207,0.1383975026014568,9,4,0.14686468646864687,1,1856,2,0.14795918367346939,64,3,1,0.23938223937897848,3,0.2553191489361702,2105,5411,4,0.16122448979591836,0.10436432637571158,12,3,3,80,0,7,2,3,2,2,2,0,0
46,0.14956855225311602,706,0.1383975026014568,2,2,0.14686468646864687,1,1857,4,0.17006802721088435,82,3,3,0.06896586105729074,4,0.10091743119266336,8578,19989,3,0.16122448979591836,0.10436432637571158,14,3,3,80,1,12,4,2,9,8,4,7,0
28,0.08000018359368788,280,0.19008460036286423,1,2,0.14686468646864687,1,1858,3,0.17006802721088435,43,3,1,0.22804546072229726,4,0.10091743119266336,2706,10494,1,0.16122448979591836,0.10436432637571158,15,3,2,80,1,3,2,3,3,2,2,2,0
29,0.14956855225311602,726,0.1383975026014568,29,1,0.14686468646864687,1,1859,4,0.17006802721088435,93,1,2,0.06870368828064846,3,0.10091743119266336,6384,21143,8,0.16122448979591836,0.10436432637571158,17,3,4,80,2,11,3,3,7,0,1,6,0
42,0.14956855225311602,1142,0.1383975026014568,8,3,0.14686468646864687,1,1860,4,0.17006802721088435,81,3,1,0.23938223937897848,3,0.2553191489361702,3968,13624,4,0.16122448979591836,0.10436432637571158,13,3,4,80,0,8,3,3,0,0,0,0,0
32,0.14956855225311602,414,0.2062780269058296,2,4,0.22012573203437844,1,1862,3,0.17006802721088435,82,2,2,0.17484662576687046,2,0.2553191489361702,9907,26186,7,0.16122448979591836,0.30528846153846156,12,3,3,80,0,7,3,2,2,2,2,2,1
46,0.14956855225311602,1319,0.2062780269058296,3,3,0.24242313209808733,1,1863,1,0.14795918367346939,45,4,4,0.17484662576687046,1,0.10091743119266336,13225,7739,2,0.16122448979591836,0.10436432637571158,12,3,4,80,1,25,5,3,19,17,2,8,0
27,0.14956855225311602,728,0.2062780269058296,23,1,0.13577586206896552,1,1864,2,0.14795918367346939,36,2,2,0.3971571172349599,3,0.12481426448736999,3540,7018,1,0.16122448979591836,0.10436432637571158,21,4,4,80,1,9,5,3,9,8,5,8,0
29,0.14956855225311602,352,0.19008460036286423,6,1,0.13577586206896552,1,1865,4,0.17006802721088435,87,2,1,0.22804546072229726,2,0.12481426448736999,2804,15434,1,0.16122448979591836,0.10436432637571158,11,3,4,80,0,1,3,3,1,0,0,0,0
43,0.14956855225311602,823,0.1383975026014568,6,3,0.13577586206896552,1,1866,1,0.14795918367346939,81,2,5,0.04905041685272943,3,0.12481426448736999,19392,22539,7,0.16122448979591836,0.10436432637571158,13,3,4,80,0,21,2,3,16,12,6,14,0
48,0.14956855225311602,1224,0.1383975026014568,10,3,0.14686468646864687,1,1867,4,0.17006802721088435,91,2,5,0.02533683182797013,2,0.12481426448736999,19665,13583,4,0.16122448979591836,0.10436432637571158,12,3,4,80,0,29,3,3,22,10,12,9,0
29,0.2490974729235817,459,0.1383975026014568,24,2,0.14686468646864687,1,1868,4,0.17006802721088435,73,2,1,0.16095890410958943,4,0.2553191489361702,2439,14753,1,0.16122448979591836,0.30528846153846156,24,4,2,80,0,1,3,2,1,0,1,0,1
46,0.14956855225311602,1254,0.2062780269058296,10,3,0.14686468646864687,1,1869,3,0.14795918367346939,64,3,3,0.17484662576687046,2,0.12481426448736999,7314,14011,5,0.16122448979591836,0.10436432637571158,21,4,3,80,3,14,2,3,8,7,0,7,1
27,0.2490974729235817,1131,0.1383975026014568,15,3,0.14686468646864687,1,1870,4,0.14795918367346939,77,2,1,0.16095890410958943,1,0.12481426448736999,4774,23844,0,0.16122448979591836,0.10436432637571158,19,3,4,80,1,8,2,2,7,6,7,3,0
39,0.14956855225311602,835,0.1383975026014568,19,4,0.13420118338933018,1,1871,4,0.17006802721088435,41,3,2,0.16095890410958943,4,0.10091743119266336,3902,5141,8,0.16122448979591836,0.10436432637571158,14,3,2,80,3,7,2,3,2,2,2,2,0
55,0.14956855225311602,836,0.1383975026014568,2,4,0.24242313209808733,1,1873,2,0.17006802721088435,98,2,1,0.16095890410958943,4,0.12481426448736999,2662,7975,8,0.16122448979591836,0.10436432637571158,20,4,2,80,1,19,2,4,5,2,0,4,0
28,0.14956855225311602,1172,0.2062780269058296,3,3,0.13577586206896552,1,1875,2,0.14795918367346939,78,3,1,0.3971571172349599,2,0.12481426448736999,2856,3692,1,0.16122448979591836,0.10436432637571158,19,3,4,80,1,1,3,3,1,0,0,0,0
30,0.14956855225311602,945,0.2062780269058296,9,3,0.13577586206896552,1,1876,2,0.17006802721088435,89,3,1,0.3971571172349599,4,0.2553191489361702,1081,16019,1,0.16122448979591836,0.10436432637571158,13,3,3,80,0,1,3,2,1,0,0,0,1
22,0.14956855225311602,391,0.1383975026014568,7,1,0.14686468646864687,1,1878,4,0.17006802721088435,75,3,1,0.16095890410958943,2,0.2553191489361702,2472,26092,1,0.16122448979591836,0.30528846153846156,23,4,1,80,0,1,2,3,1,0,0,0,1
36,0.14956855225311602,1266,0.2062780269058296,10,4,0.24242313209808733,1,1880,2,0.14795918367346939,63,2,2,0.17484662576687046,3,0.12481426448736999,5673,6060,1,0.16122448979591836,0.30528846153846156,13,3,1,80,1,10,4,3,10,9,1,7,0
31,0.14956855225311602,311,0.1383975026014568,20,3,0.14686468646864687,1,1881,2,0.17006802721088435,89,3,2,0.23938223937897848,3,0.10091743119266336,4197,18624,1,0.16122448979591836,0.10436432637571158,11,3,1,80,1,10,2,3,10,8,0,2,0
34,0.14956855225311602,1480,0.2062780269058296,4,3,0.14686468646864687,1,1882,3,0.17006802721088435,64,3,3,0.17484662576687046,4,0.12481426448736999,9713,24444,2,0.16122448979591836,0.30528846153846156,13,3,4,80,3,9,3,3,5,3,1,0,0
29,0.14956855225311602,592,0.1383975026014568,7,3,0.14686468646864687,1,1883,4,0.17006802721088435,59,3,1,0.23938223937897848,1,0.2553191489361702,2062,19384,3,0.16122448979591836,0.10436432637571158,14,3,2,80,0,11,2,3,3,2,1,2,0
37,0.14956855225311602,783,0.1383975026014568,7,4,0.13577586206896552,1,1885,4,0.17006802721088435,78,3,2,0.16095890410958943,1,0.12481426448736999,4284,13588,5,0.16122448979591836,0.30528846153846156,22,4,3,80,1,16,2,3,5,3,0,4,0
35,0.14956855225311602,219,0.1383975026014568,16,2,0.13420118338933018,1,1886,4,0.14795918367346939,44,2,2,0.06896586105729074,2,0.12481426448736999,4788,25388,0,0.16122448979591836,0.30528846153846156,11,3,4,80,0,4,2,3,3,2,0,2,0
45,0.14956855225311602,556,0.1383975026014568,25,2,0.14686468646864687,1,1888,2,0.14795918367346939,93,2,2,0.06896586105729074,4,0.12481426448736999,5906,23888,0,0.16122448979591836,0.10436432637571158,13,3,4,80,2,10,2,2,9,8,3,8,0
36,0.2490974729235817,1213,0.19008460036286423,2,1,0.22673012399864786,1,1890,2,0.17006802721088435,94,2,2,0.22804546072229726,4,0.2553191489361702,3886,4223,1,0.16122448979591836,0.10436432637571158,21,4,4,80,0,10,2,2,10,1,0,8,0
40,0.14956855225311602,1137,0.1383975026014568,1,4,0.14686468646864687,1,1892,1,0.17006802721088435,98,3,4,0.04905041685272943,1,0.10091743119266336,16823,18991,2,0.16122448979591836,0.10436432637571158,11,3,1,80,1,22,3,3,19,7,11,16,0
26,0.14956855225311602,482,0.1383975026014568,1,2,0.14686468646864687,1,1893,2,0.14795918367346939,90,2,1,0.16095890410958943,3,0.12481426448736999,2933,14908,1,0.16122448979591836,0.30528846153846156,13,3,3,80,1,1,3,2,1,0,1,0,0
27,0.14956855225311602,511,0.2062780269058296,2,2,0.13577586206896552,1,1898,1,0.14795918367346939,89,4,2,0.17484662576687046,3,0.2553191489361702,6500,26997,0,0.16122448979591836,0.10436432637571158,14,3,2,80,0,9,5,2,8,7,0,7,0
48,0.2490974729235817,117,0.1383975026014568,22,3,0.13577586206896552,1,1900,4,0.14795918367346939,58,3,4,0.04905041685272943,4,0.10091743119266336,17174,2437,3,0.16122448979591836,0.10436432637571158,11,3,2,80,1,24,3,3,22,17,4,7,0
44,0.14956855225311602,170,0.1383975026014568,1,4,0.14686468646864687,1,1903,2,0.17006802721088435,78,4,2,0.06870368828064846,1,0.12481426448736999,5033,9364,2,0.16122448979591836,0.10436432637571158,15,3,4,80,1,10,5,3,2,0,2,2,0
34,0.08000018359368788,967,0.1383975026014568,16,4,0.24242313209808733,1,1905,4,0.17006802721088435,85,1,1,0.16095890410958943,1,0.12481426448736999,2307,14460,1,0.16122448979591836,0.30528846153846156,23,4,2,80,1,5,2,3,5,2,3,0,1
56,0.14956855225311602,1162,0.1383975026014568,24,2,0.14686468646864687,1,1907,1,0.17006802721088435,97,3,1,0.23938223937897848,4,0.2553191489361702,2587,10261,1,0.16122448979591836,0.10436432637571158,16,3,4,80,0,5,3,3,4,2,1,0,1
36,0.14956855225311602,335,0.2062780269058296,17,2,0.22012573203437844,1,1908,3,0.17006802721088435,33,2,2,0.17484662576687046,2,0.12481426448736999,5507,16822,2,0.16122448979591836,0.10436432637571158,16,3,3,80,2,12,1,1,4,2,1,3,0
41,0.14956855225311602,337,0.2062780269058296,8,3,0.22012573203437844,1,1909,3,0.14795918367346939,54,3,2,0.17484662576687046,2,0.12481426448736999,4393,26841,5,0.16122448979591836,0.10436432637571158,21,4,3,80,1,14,3,3,5,4,1,4,0
42,0.14956855225311602,1396,0.1383975026014568,6,3,0.13577586206896552,1,1911,3,0.17006802721088435,83,3,3,0.02533683182797013,1,0.12481426448736999,13348,14842,9,0.16122448979591836,0.10436432637571158,13,3,2,80,1,18,3,4,13,7,5,7,0
31,0.14956855225311602,1079,0.2062780269058296,10,2,0.13577586206896552,1,1912,3,0.14795918367346939,86,3,2,0.17484662576687046,4,0.10091743119266336,6583,20115,2,0.16122448979591836,0.30528846153846156,11,3,4,80,1,8,2,3,5,2,1,4,0
34,0.14956855225311602,735,0.2062780269058296,3,1,0.13577586206896552,1,1915,4,0.14795918367346939,75,2,2,0.17484662576687046,4,0.12481426448736999,8103,16495,3,0.16122448979591836,0.30528846153846156,12,3,3,80,0,9,3,2,4,2,0,1,0
31,0.14956855225311602,471,0.1383975026014568,4,3,0.13577586206896552,1,1916,1,0.14795918367346939,62,4,1,0.23938223937897848,3,0.10091743119266336,3978,16031,8,0.16122448979591836,0.10436432637571158,12,3,2,80,1,4,0,2,2,2,2,2,0
26,0.2490974729235817,1096,0.1383975026014568,6,3,0.13420118338933018,1,1918,3,0.17006802721088435,61,4,1,0.23938223937897848,4,0.12481426448736999,2544,7102,0,0.16122448979591836,0.10436432637571158,18,3,1,80,1,8,3,3,7,7,7,7,0
45,0.2490974729235817,1297,0.1383975026014568,1,4,0.13577586206896552,1,1922,2,0.17006802721088435,44,3,2,0.06870368828064846,3,0.2553191489361702,5399,14511,4,0.16122448979591836,0.10436432637571158,12,3,3,80,0,12,3,3,4,2,0,3,0
33,0.14956855225311602,217,0.2062780269058296,10,4,0.22012573203437844,1,1924,2,0.17006802721088435,43,3,2,0.17484662576687046,3,0.2553191489361702,5487,10410,1,0.16122448979591836,0.10436432637571158,14,3,2,80,0,10,2,2,10,4,0,9,0
28,0.2490974729235817,783,0.2062780269058296,1,2,0.14686468646864687,1,1927,3,0.17006802721088435,42,2,2,0.17484662576687046,4,0.12481426448736999,6834,19255,1,0.16122448979591836,0.30528846153846156,12,3,3,80,1,7,2,3,7,7,0,7,0
29,0.2490974729235817,746,0.2062780269058296,24,3,0.24242313209808733,1,1928,3,0.17006802721088435,45,4,1,0.3971571172349599,1,0.2553191489361702,1091,10642,1,0.16122448979591836,0.10436432637571158,17,3,4,80,0,1,3,3,1,0,0,0,1
39,0.08000018359368788,1251,0.2062780269058296,21,4,0.14686468646864687,1,1929,1,0.14795918367346939,32,1,2,0.17484662576687046,3,0.12481426448736999,5736,3987,6,0.16122448979591836,0.10436432637571158,19,3,3,80,1,10,1,3,3,2,1,2,0
27,0.14956855225311602,1354,0.1383975026014568,2,4,0.24242313209808733,1,1931,2,0.17006802721088435,41,3,1,0.16095890410958943,2,0.12481426448736999,2226,6073,1,0.16122448979591836,0.10436432637571158,11,3,3,80,1,6,3,2,5,3,1,2,0
34,0.2490974729235817,735,0.1383975026014568,22,4,0.13420118338933018,1,1932,3,0.17006802721088435,86,2,2,0.16095890410958943,4,0.12481426448736999,5747,26496,1,0.16122448979591836,0.30528846153846156,15,3,2,80,0,16,3,3,15,10,6,11,0
28,0.14956855225311602,1475,0.2062780269058296,13,2,0.22012573203437844,1,1933,4,0.14795918367346939,84,3,2,0.17484662576687046,3,0.2553191489361702,9854,23352,3,0.16122448979591836,0.30528846153846156,11,3,4,80,0,6,0,3,2,0,2,2,1
47,0.08000018359368788,1169,0.1383975026014568,14,4,0.24242313209808733,1,1934,3,0.17006802721088435,64,3,2,0.16095890410958943,2,0.12481426448736999,5467,2125,8,0.16122448979591836,0.10436432637571158,18,3,3,80,1,16,4,4,8,7,1,7,0
56,0.14956855225311602,1443,0.2062780269058296,11,5,0.22012573203437844,1,1935,4,0.14795918367346939,89,2,2,0.17484662576687046,1,0.12481426448736999,5380,20328,4,0.16122448979591836,0.10436432637571158,16,3,3,80,1,6,3,3,0,0,0,0,0
39,0.14956855225311602,867,0.1383975026014568,9,2,0.13577586206896552,1,1936,1,0.17006802721088435,87,3,2,0.06896586105729074,1,0.12481426448736999,5151,12315,1,0.16122448979591836,0.10436432637571158,25,4,4,80,1,10,3,3,10,0,7,9,0
38,0.2490974729235817,1394,0.1383975026014568,8,3,0.13577586206896552,1,1937,4,0.14795918367346939,58,2,2,0.16095890410958943,2,0.10091743119266336,2133,18115,1,0.16122448979591836,0.30528846153846156,16,3,3,80,1,20,3,3,20,11,0,7,0
58,0.14956855225311602,605,0.2062780269058296,21,3,0.14686468646864687,1,1938,4,0.14795918367346939,72,3,4,0.04905041685272943,4,0.12481426448736999,17875,11761,4,0.16122448979591836,0.30528846153846156,13,3,3,80,1,29,2,2,1,0,0,0,0
32,0.2490974729235817,238,0.1383975026014568,5,2,0.14686468646864687,1,1939,1,0.14795918367346939,47,4,1,0.16095890410958943,3,0.2553191489361702,2432,15318,3,0.16122448979591836,0.30528846153846156,14,3,1,80,0,8,2,3,4,1,0,3,1
38,0.14956855225311602,1206,0.1383975026014568,9,2,0.14686468646864687,1,1940,2,0.17006802721088435,71,3,1,0.16095890410958943,4,0.10091743119266336,4771,14293,2,0.16122448979591836,0.10436432637571158,19,3,4,80,2,10,0,4,5,2,0,3,0
49,0.2490974729235817,1064,0.1383975026014568,2,1,0.14686468646864687,1,1941,2,0.17006802721088435,42,3,5,0.02533683182797013,4,0.12481426448736999,19161,13738,3,0.16122448979591836,0.10436432637571158,15,3,4,80,0,28,3,3,5,4,4,3,0
42,0.14956855225311602,419,0.2062780269058296,12,4,0.22012573203437844,1,1943,2,0.17006802721088435,77,3,2,0.17484662576687046,4,0.10091743119266336,5087,2900,3,0.16122448979591836,0.30528846153846156,12,3,3,80,2,14,4,3,0,0,0,0,0
27,0.2490974729235817,1337,0.19008460036286423,22,3,0.22673012399864786,1,1944,1,0.14795918367346939,58,2,1,0.22804546072229726,2,0.12481426448736999,2863,19555,1,0.16122448979591836,0.10436432637571158,12,3,1,80,0,1,2,3,1,0,0,0,1
35,0.14956855225311602,682,0.2062780269058296,18,4,0.13577586206896552,1,1945,2,0.17006802721088435,71,3,2,0.17484662576687046,1,0.12481426448736999,5561,15975,0,0.16122448979591836,0.10436432637571158,16,3,4,80,1,6,2,1,5,3,0,4,0
28,0.08000018359368788,1103,0.1383975026014568,16,3,0.13577586206896552,1,1947,3,0.17006802721088435,49,3,1,0.16095890410958943,3,0.2553191489361702,2144,2122,1,0.16122448979591836,0.10436432637571158,14,3,3,80,0,5,3,2,5,3,1,4,0
31,0.08000018359368788,976,0.1383975026014568,3,2,0.13577586206896552,1,1948,3,0.17006802721088435,48,3,1,0.16095890410958943,1,0.10091743119266336,3065,3995,1,0.16122448979591836,0.30528846153846156,13,3,4,80,1,4,3,4,4,2,2,3,0
36,0.08000018359368788,1351,0.1383975026014568,9,4,0.14686468646864687,1,1949,1,0.17006802721088435,66,4,1,0.23938223937897848,2,0.12481426448736999,2810,9238,1,0.16122448979591836,0.10436432637571158,22,4,2,80,0,5,3,3,5,4,0,2,0
34,0.14956855225311602,937,0.2062780269058296,1,3,0.22012573203437844,1,1950,1,0.17006802721088435,32,3,3,0.17484662576687046,4,0.2553191489361702,9888,6770,1,0.16122448979591836,0.10436432637571158,21,4,1,80,0,14,3,2,14,8,2,1,0
34,0.14956855225311602,1239,0.2062780269058296,13,4,0.13577586206896552,1,1951,4,0.17006802721088435,39,3,3,0.17484662576687046,3,0.10091743119266336,8628,22914,1,0.16122448979591836,0.10436432637571158,18,3,3,80,1,9,2,2,8,7,1,1,0
26,0.14956855225311602,157,0.1383975026014568,1,3,0.13577586206896552,1,1952,3,0.17006802721088435,95,3,1,0.23938223937897848,1,0.2553191489361702,2867,20006,0,0.16122448979591836,0.10436432637571158,13,3,4,80,0,8,6,2,7,7,7,6,0
29,0.14956855225311602,136,0.1383975026014568,1,3,0.14686468646864687,1,1954,1,0.17006802721088435,89,3,2,0.06870368828064846,1,0.12481426448736999,5373,6225,0,0.16122448979591836,0.10436432637571158,12,3,1,80,1,6,5,2,5,3,0,2,0
32,0.08000018359368788,1146,0.1383975026014568,15,4,0.13577586206896552,1,1955,3,0.14795918367346939,34,3,2,0.06870368828064846,4,0.10091743119266336,6667,16542,5,0.16122448979591836,0.10436432637571158,18,3,2,80,1,9,6,3,5,1,1,2,0
31,0.2490974729235817,1125,0.1383975026014568,1,3,0.14686468646864687,1,1956,4,0.17006802721088435,48,1,2,0.16095890410958943,1,0.12481426448736999,5003,5771,1,0.16122448979591836,0.10436432637571158,21,4,2,80,0,10,6,3,10,8,8,7,0
28,0.14956855225311602,1404,0.1383975026014568,17,3,0.24242313209808733,1,1960,3,0.17006802721088435,32,2,1,0.23938223937897848,4,0.10091743119266336,2367,18779,5,0.16122448979591836,0.10436432637571158,12,3,1,80,1,6,2,2,4,1,0,3,1
38,0.14956855225311602,1404,0.2062780269058296,1,3,0.14686468646864687,1,1961,1,0.17006802721088435,59,2,1,0.3971571172349599,1,0.2553191489361702,2858,11473,4,0.16122448979591836,0.10436432637571158,14,3,1,80,0,20,3,2,1,0,0,0,0
35,0.14956855225311602,1224,0.2062780269058296,7,4,0.14686468646864687,1,1962,3,0.14795918367346939,55,3,2,0.17484662576687046,4,0.12481426448736999,5204,13586,1,0.16122448979591836,0.30528846153846156,11,3,4,80,0,10,2,3,10,8,0,9,0
27,0.14956855225311602,954,0.2062780269058296,9,3,0.22012573203437844,1,1965,4,0.17006802721088435,44,3,2,0.17484662576687046,4,0.2553191489361702,4105,5099,1,0.16122448979591836,0.10436432637571158,14,3,1,80,0,7,5,3,7,7,0,7,0
32,0.14956855225311602,1373,0.1383975026014568,5,4,0.14686468646864687,1,1966,4,0.17006802721088435,56,2,2,0.06896586105729074,4,0.2553191489361702,9679,10138,8,0.16122448979591836,0.10436432637571158,24,4,2,80,0,8,1,3,1,0,0,0,0
31,0.2490974729235817,754,0.2062780269058296,26,4,0.22012573203437844,1,1967,1,0.17006802721088435,63,3,2,0.17484662576687046,4,0.12481426448736999,5617,21075,1,0.16122448979591836,0.30528846153846156,11,3,3,80,0,10,4,3,10,7,0,8,1
53,0.14956855225311602,1168,0.2062780269058296,24,4,0.14686468646864687,1,1968,1,0.17006802721088435,66,3,3,0.17484662576687046,1,0.2553191489361702,10448,5843,6,0.16122448979591836,0.30528846153846156,13,3,2,80,0,15,2,2,2,2,2,2,1
54,0.14956855225311602,155,0.1383975026014568,9,2,0.14686468646864687,1,1969,1,0.14795918367346939,67,3,2,0.16095890410958943,3,0.12481426448736999,2897,22474,3,0.16122448979591836,0.10436432637571158,11,3,3,80,2,9,6,2,4,3,2,3,0
33,0.2490974729235817,1303,0.1383975026014568,7,2,0.14686468646864687,1,1970,4,0.17006802721088435,36,3,2,0.06870368828064846,3,0.10091743119266336,5968,18079,1,0.16122448979591836,0.10436432637571158,20,4,3,80,3,9,2,3,9,7,2,8,0
43,0.14956855225311602,574,0.1383975026014568,11,3,0.14686468646864687,1,1971,1,0.17006802721088435,30,3,3,0.06870368828064846,3,0.12481426448736999,7510,16873,1,0.16122448979591836,0.10436432637571158,17,3,2,80,1,10,1,3,10,9,0,9,0
38,0.2490974729235817,1444,0.19008460036286423,1,4,0.13420118338933018,1,1972,4,0.17006802721088435,88,3,1,0.22804546072229726,2,0.12481426448736999,2991,5224,0,0.16122448979591836,0.30528846153846156,11,3,2,80,1,7,2,3,6,2,1,2,0
55,0.14956855225311602,189,0.19008460036286423,26,4,0.22673012399864786,1,1973,3,0.17006802721088435,71,4,5,0.04905041685272943,2,0.12481426448736999,19636,25811,4,0.16122448979591836,0.30528846153846156,18,3,1,80,1,35,0,3,10,9,1,4,0
31,0.14956855225311602,1276,0.1383975026014568,2,1,0.13577586206896552,1,1974,4,0.14795918367346939,59,1,1,0.23938223937897848,4,0.10091743119266336,1129,17536,1,0.16122448979591836,0.30528846153846156,11,3,3,80,3,1,4,3,1,0,0,0,0
39,0.14956855225311602,119,0.2062780269058296,15,4,0.22012573203437844,1,1975,2,0.17006802721088435,77,3,4,0.17484662576687046,1,0.2553191489361702,13341,25098,0,0.16122448979591836,0.10436432637571158,12,3,1,80,0,21,3,3,20,8,11,10,0
42,0.08000018359368788,335,0.1383975026014568,23,2,0.14686468646864687,1,1976,4,0.17006802721088435,37,2,2,0.16095890410958943,3,0.2553191489361702,4332,14811,1,0.16122448979591836,0.10436432637571158,12,3,4,80,0,20,2,3,20,9,3,7,0
31,0.08000018359368788,697,0.1383975026014568,10,3,0.13577586206896552,1,1979,3,0.14795918367346939,40,3,3,0.02533683182797013,3,0.12481426448736999,11031,26862,4,0.16122448979591836,0.10436432637571158,20,4,3,80,1,13,2,4,11,7,4,8,0
54,0.14956855225311602,157,0.1383975026014568,10,3,0.13577586206896552,1,1980,3,0.14795918367346939,77,3,2,0.06896586105729074,1,0.2553191489361702,4440,25198,6,0.16122448979591836,0.30528846153846156,19,3,4,80,0,9,3,3,5,2,1,4,0
24,0.14956855225311602,771,0.1383975026014568,1,2,0.14686468646864687,1,1981,2,0.17006802721088435,45,2,2,0.06870368828064846,3,0.2553191489361702,4617,14120,1,0.16122448979591836,0.10436432637571158,12,3,2,80,0,4,2,2,4,3,1,2,0
23,0.14956855225311602,571,0.1383975026014568,12,2,0.13420118338933018,1,1982,4,0.17006802721088435,78,3,1,0.23938223937897848,4,0.2553191489361702,2647,13672,1,0.16122448979591836,0.10436432637571158,13,3,3,80,0,5,6,4,5,2,1,4,0
40,0.2490974729235817,692,0.1383975026014568,11,3,0.24242313209808733,1,1985,4,0.14795918367346939,73,3,2,0.23938223937897848,3,0.12481426448736999,6323,26849,1,0.16122448979591836,0.10436432637571158,11,3,1,80,1,10,2,4,10,9,9,4,0
40,0.14956855225311602,444,0.2062780269058296,2,2,0.22012573203437844,1,1986,2,0.14795918367346939,92,3,2,0.17484662576687046,2,0.12481426448736999,5677,4258,3,0.16122448979591836,0.10436432637571158,14,3,3,80,1,15,4,3,11,8,5,10,0
25,0.14956855225311602,309,0.19008460036286423,2,3,0.22673012399864786,1,1987,3,0.14795918367346939,82,3,1,0.22804546072229726,2,0.12481426448736999,2187,19655,4,0.16122448979591836,0.10436432637571158,14,3,3,80,0,6,3,3,2,0,1,2,0
30,0.14956855225311602,911,0.1383975026014568,1,2,0.13577586206896552,1,1989,4,0.17006802721088435,76,3,1,0.23938223937897848,2,0.12481426448736999,3748,4077,1,0.16122448979591836,0.10436432637571158,13,3,3,80,0,12,6,2,12,8,1,7,0
25,0.14956855225311602,977,0.1383975026014568,2,1,0.13420118338933018,1,1992,4,0.17006802721088435,57,3,1,0.23938223937897848,3,0.10091743119266336,3977,7298,6,0.16122448979591836,0.30528846153846156,19,3,3,80,1,7,2,2,2,2,0,2,0
47,0.14956855225311602,1180,0.1383975026014568,25,3,0.13577586206896552,1,1993,1,0.17006802721088435,84,3,3,0.06870368828064846,3,0.2553191489361702,8633,13084,2,0.16122448979591836,0.10436432637571158,23,4,2,80,0,25,3,3,17,14,12,11,0
33,0.08000018359368788,1313,0.1383975026014568,1,2,0.13577586206896552,1,1994,2,0.17006802721088435,59,2,1,0.23938223937897848,3,0.10091743119266336,2008,20439,1,0.16122448979591836,0.10436432637571158,12,3,3,80,3,1,2,2,1,1,0,0,0
38,0.14956855225311602,1321,0.2062780269058296,1,4,0.14686468646864687,1,1995,4,0.17006802721088435,86,3,2,0.17484662576687046,2,0.12481426448736999,4440,7636,0,0.16122448979591836,0.10436432637571158,15,3,1,80,2,16,3,3,15,13,5,8,0
31,0.14956855225311602,1154,0.2062780269058296,2,2,0.14686468646864687,1,1996,1,0.17006802721088435,54,3,1,0.3971571172349599,3,0.12481426448736999,3067,6393,0,0.16122448979591836,0.10436432637571158,19,3,3,80,1,3,1,3,2,2,1,2,0
38,0.2490974729235817,508,0.1383975026014568,6,4,0.14686468646864687,1,1997,1,0.17006802721088435,72,2,2,0.06896586105729074,3,0.12481426448736999,5321,14284,2,0.16122448979591836,0.10436432637571158,11,3,4,80,1,10,1,3,8,3,7,7,0
42,0.14956855225311602,557,0.1383975026014568,18,4,0.14686468646864687,1,1998,4,0.17006802721088435,35,3,2,0.16095890410958943,1,0.10091743119266336,5410,11189,6,0.16122448979591836,0.30528846153846156,17,3,3,80,1,9,3,2,4,3,1,2,0
41,0.14956855225311602,642,0.1383975026014568,1,3,0.14686468646864687,1,1999,4,0.17006802721088435,76,3,1,0.16095890410958943,4,0.12481426448736999,2782,21412,3,0.16122448979591836,0.10436432637571158,22,4,1,80,1,12,3,3,5,3,1,0,0
47,0.08000018359368788,1162,0.1383975026014568,1,1,0.13577586206896552,1,2000,3,0.14795918367346939,98,3,3,0.02533683182797013,2,0.12481426448736999,11957,17231,0,0.16122448979591836,0.10436432637571158,18,3,1,80,2,14,3,1,13,8,5,12,0
35,0.14956855225311602,1490,0.1383975026014568,11,4,0.13577586206896552,1,2003,4,0.17006802721088435,43,3,1,0.23938223937897848,3,0.12481426448736999,2660,20232,7,0.16122448979591836,0.30528846153846156,11,3,3,80,1,5,3,3,2,2,2,2,0
22,0.14956855225311602,581,0.1383975026014568,1,2,0.14686468646864687,1,2007,4,0.17006802721088435,63,3,1,0.16095890410958943,3,0.2553191489361702,3375,17624,0,0.16122448979591836,0.10436432637571158,12,3,4,80,0,4,2,4,3,2,1,2,0
35,0.14956855225311602,1395,0.1383975026014568,9,4,0.13577586206896552,1,2008,2,0.17006802721088435,48,3,2,0.16095890410958943,3,0.2553191489361702,5098,18698,1,0.16122448979591836,0.10436432637571158,19,3,2,80,0,10,5,3,10,7,0,8,0
33,0.14956855225311602,501,0.1383975026014568,15,2,0.13577586206896552,1,2009,2,0.14795918367346939,95,3,2,0.06870368828064846,4,0.12481426448736999,4878,21653,0,0.16122448979591836,0.30528846153846156,13,3,1,80,1,10,6,3,9,7,8,1,0
32,0.14956855225311602,267,0.1383975026014568,29,4,0.14686468646864687,1,2010,3,0.14795918367346939,49,2,1,0.23938223937897848,2,0.2553191489361702,2837,15919,1,0.16122448979591836,0.10436432637571158,13,3,3,80,0,6,3,3,6,2,4,1,0
40,0.14956855225311602,543,0.1383975026014568,1,4,0.14686468646864687,1,2012,1,0.17006802721088435,83,3,1,0.23938223937897848,4,0.12481426448736999,2406,4060,8,0.16122448979591836,0.10436432637571158,19,3,3,80,2,8,3,2,1,0,0,0,0
32,0.14956855225311602,234,0.2062780269058296,1,4,0.13577586206896552,1,2013,2,0.17006802721088435,68,2,1,0.3971571172349599,2,0.12481426448736999,2269,18024,0,0.16122448979591836,0.10436432637571158,14,3,2,80,1,3,2,3,2,2,2,2,0
39,0.14956855225311602,116,0.1383975026014568,24,1,0.14686468646864687,1,2014,1,0.17006802721088435,52,3,2,0.16095890410958943,4,0.2553191489361702,4108,5340,7,0.16122448979591836,0.10436432637571158,13,3,1,80,0,18,2,3,7,7,1,7,0
38,0.14956855225311602,201,0.1383975026014568,10,3,0.13577586206896552,1,2015,2,0.14795918367346939,99,1,3,0.02533683182797013,3,0.12481426448736999,13206,3376,3,0.16122448979591836,0.10436432637571158,12,3,1,80,1,20,3,3,18,16,1,11,0
32,0.14956855225311602,801,0.2062780269058296,1,4,0.22012573203437844,1,2016,3,0.14795918367346939,48,3,3,0.17484662576687046,4,0.12481426448736999,10422,24032,1,0.16122448979591836,0.10436432637571158,19,3,3,80,2,14,3,3,14,10,5,7,0
37,0.14956855225311602,161,0.1383975026014568,10,3,0.14686468646864687,1,2017,3,0.14795918367346939,42,4,3,0.02533683182797013,4,0.12481426448736999,13744,15471,1,0.16122448979591836,0.30528846153846156,25,4,1,80,1,16,2,3,16,11,6,8,0
25,0.14956855225311602,1382,0.2062780269058296,8,2,0.13420118338933018,1,2018,1,0.14795918367346939,85,3,2,0.17484662576687046,3,0.10091743119266336,4907,13684,0,0.16122448979591836,0.30528846153846156,22,4,2,80,1,6,3,2,5,3,0,4,0
52,0.08000018359368788,585,0.2062780269058296,29,4,0.14686468646864687,1,2019,1,0.17006802721088435,40,3,1,0.3971571172349599,4,0.10091743119266336,3482,19788,2,0.16122448979591836,0.10436432637571158,15,3,2,80,2,16,3,2,9,8,0,0,0
44,0.14956855225311602,1037,0.1383975026014568,1,3,0.13577586206896552,1,2020,2,0.17006802721088435,42,3,1,0.16095890410958943,4,0.2553191489361702,2436,13422,6,0.16122448979591836,0.30528846153846156,12,3,3,80,0,6,2,3,4,3,1,2,0
21,0.14956855225311602,501,0.2062780269058296,5,1,0.13577586206896552,1,2021,3,0.17006802721088435,58,3,1,0.3971571172349599,1,0.2553191489361702,2380,25479,1,0.16122448979591836,0.30528846153846156,11,3,4,80,0,2,6,3,2,2,1,2,0
39,0.08000018359368788,105,0.1383975026014568,9,3,0.14686468646864687,1,2022,4,0.17006802721088435,87,3,5,0.04905041685272943,4,0.2553191489361702,19431,15302,2,0.16122448979591836,0.10436432637571158,13,3,3,80,0,21,3,2,6,0,1,3,0
23,0.2490974729235817,638,0.2062780269058296,9,3,0.22012573203437844,1,2023,4,0.17006802721088435,33,3,1,0.3971571172349599,1,0.12481426448736999,1790,26956,1,0.16122448979591836,0.10436432637571158,19,3,1,80,1,1,3,2,1,0,1,0,1
36,0.14956855225311602,557,0.2062780269058296,3,3,0.13577586206896552,1,2024,1,0.14795918367346939,94,2,3,0.17484662576687046,4,0.12481426448736999,7644,12695,0,0.16122448979591836,0.10436432637571158,19,3,3,80,2,10,2,3,9,7,3,4,0
36,0.2490974729235817,688,0.1383975026014568,4,2,0.14686468646864687,1,2025,4,0.14795918367346939,97,3,2,0.06896586105729074,2,0.10091743119266336,5131,9192,7,0.16122448979591836,0.10436432637571158,13,3,2,80,3,18,3,3,4,2,0,2,0
56,0.08000018359368788,667,0.1383975026014568,1,4,0.14686468646864687,1,2026,3,0.17006802721088435,57,3,2,0.06870368828064846,3,0.10091743119266336,6306,26236,1,0.16122448979591836,0.10436432637571158,21,4,1,80,1,13,2,2,13,12,1,9,0
29,0.14956855225311602,1092,0.1383975026014568,1,4,0.13577586206896552,1,2027,1,0.17006802721088435,36,3,1,0.16095890410958943,4,0.12481426448736999,4787,26124,9,0.16122448979591836,0.30528846153846156,14,3,2,80,3,4,3,4,2,2,2,2,1
42,0.14956855225311602,300,0.1383975026014568,2,3,0.14686468646864687,1,2031,1,0.17006802721088435,56,3,5,0.04905041685272943,3,0.12481426448736999,18880,17312,5,0.16122448979591836,0.10436432637571158,11,3,1,80,0,24,2,2,22,6,4,14,0
56,0.14956855225311602,310,0.1383975026014568,7,2,0.24242313209808733,1,2032,4,0.17006802721088435,72,3,1,0.23938223937897848,3,0.12481426448736999,2339,3666,8,0.16122448979591836,0.10436432637571158,11,3,4,80,1,14,4,1,10,9,9,8,1
41,0.14956855225311602,582,0.1383975026014568,28,4,0.14686468646864687,1,2034,1,0.14795918367346939,60,2,4,0.06896586105729074,2,0.12481426448736999,13570,5640,0,0.16122448979591836,0.10436432637571158,23,4,3,80,1,21,3,3,20,7,0,10,0
34,0.14956855225311602,704,0.2062780269058296,28,3,0.22012573203437844,1,2035,4,0.14795918367346939,95,2,2,0.17484662576687046,3,0.12481426448736999,6712,8978,1,0.16122448979591836,0.10436432637571158,21,4,4,80,2,8,2,3,8,7,1,7,0
36,0.08000018359368788,301,0.2062780269058296,15,4,0.22012573203437844,1,2036,4,0.17006802721088435,88,1,2,0.17484662576687046,4,0.10091743119266336,5406,10436,1,0.16122448979591836,0.10436432637571158,24,4,1,80,1,15,4,2,15,12,11,11,0
41,0.14956855225311602,930,0.2062780269058296,3,3,0.14686468646864687,1,2037,3,0.17006802721088435,57,2,2,0.17484662576687046,2,0.10091743119266336,8938,12227,2,0.16122448979591836,0.10436432637571158,11,3,3,80,1,14,5,3,5,4,0,4,0
32,0.14956855225311602,529,0.1383975026014568,2,3,0.24242313209808733,1,2038,4,0.17006802721088435,78,3,1,0.16095890410958943,1,0.2553191489361702,2439,11288,1,0.16122448979591836,0.10436432637571158,14,3,4,80,0,4,4,3,4,2,1,2,0
35,0.14956855225311602,1146,0.19008460036286423,26,4,0.14686468646864687,1,2040,3,0.14795918367346939,31,3,3,0.22804546072229726,4,0.2553191489361702,8837,16642,1,0.16122448979591836,0.30528846153846156,16,3,3,80,0,9,2,3,9,0,1,7,0
38,0.14956855225311602,345,0.2062780269058296,10,2,0.14686468646864687,1,2041,1,0.14795918367346939,100,3,2,0.17484662576687046,4,0.12481426448736999,5343,5982,1,0.16122448979591836,0.10436432637571158,11,3,3,80,1,10,1,3,10,7,1,9,0
50,0.2490974729235817,878,0.2062780269058296,1,4,0.14686468646864687,1,2044,2,0.17006802721088435,94,3,2,0.17484662576687046,3,0.10091743119266336,6728,14255,7,0.16122448979591836,0.10436432637571158,12,3,4,80,2,12,3,3,6,3,0,1,1
36,0.14956855225311602,1120,0.2062780269058296,11,4,0.22012573203437844,1,2045,2,0.14795918367346939,100,2,2,0.17484662576687046,4,0.12481426448736999,6652,14369,4,0.16122448979591836,0.10436432637571158,13,3,1,80,1,8,2,2,6,3,0,0,0
45,0.14956855225311602,374,0.2062780269058296,20,3,0.14686468646864687,1,2046,4,0.14795918367346939,50,3,2,0.17484662576687046,3,0.2553191489361702,4850,23333,8,0.16122448979591836,0.10436432637571158,15,3,3,80,0,8,3,3,5,3,0,1,0
40,0.14956855225311602,1322,0.1383975026014568,2,4,0.14686468646864687,1,2048,3,0.17006802721088435,52,2,1,0.16095890410958943,3,0.2553191489361702,2809,2725,2,0.16122448979591836,0.10436432637571158,14,3,4,80,0,8,2,3,2,2,2,2,0
35,0.2490974729235817,1199,0.1383975026014568,18,4,0.14686468646864687,1,2049,3,0.17006802721088435,80,3,2,0.06870368828064846,3,0.12481426448736999,5689,24594,1,0.16122448979591836,0.30528846153846156,14,3,4,80,2,10,2,4,10,2,0,2,0
40,0.14956855225311602,1194,0.1383975026014568,2,4,0.13577586206896552,1,2051,3,0.14795918367346939,98,3,1,0.16095890410958943,3,0.12481426448736999,2001,12549,2,0.16122448979591836,0.10436432637571158,14,3,2,80,3,20,2,3,5,3,0,2,0
35,0.14956855225311602,287,0.1383975026014568,1,4,0.14686468646864687,1,2052,3,0.14795918367346939,62,1,1,0.16095890410958943,4,0.12481426448736999,2977,8952,1,0.16122448979591836,0.10436432637571158,12,3,4,80,1,4,5,3,4,3,1,1,0
29,0.14956855225311602,1378,0.1383975026014568,13,2,0.13420118338933018,1,2053,4,0.17006802721088435,46,2,2,0.23938223937897848,2,0.12481426448736999,4025,23679,4,0.16122448979591836,0.30528846153846156,13,3,1,80,1,10,2,3,4,3,0,3,0
29,0.14956855225311602,468,0.1383975026014568,28,4,0.13577586206896552,1,2054,4,0.14795918367346939,73,2,1,0.16095890410958943,1,0.2553191489361702,3785,8489,1,0.16122448979591836,0.10436432637571158,14,3,2,80,0,5,3,1,5,4,0,4,0
50,0.14956855225311602,410,0.2062780269058296,28,3,0.22012573203437844,1,2055,4,0.17006802721088435,39,2,3,0.17484662576687046,1,0.10091743119266336,10854,16586,4,0.16122448979591836,0.30528846153846156,13,3,2,80,1,20,3,3,3,2,2,0,1
39,0.14956855225311602,722,0.2062780269058296,24,1,0.22012573203437844,1,2056,2,0.14795918367346939,60,2,4,0.17484662576687046,4,0.12481426448736999,12031,8828,0,0.16122448979591836,0.10436432637571158,11,3,1,80,1,21,2,2,20,9,9,6,0
31,0.08000018359368788,325,0.1383975026014568,5,3,0.13577586206896552,1,2057,2,0.17006802721088435,74,3,2,0.06896586105729074,1,0.2553191489361702,9936,3787,0,0.16122448979591836,0.10436432637571158,19,3,2,80,0,10,2,3,9,4,1,7,0
26,0.14956855225311602,1167,0.2062780269058296,5,3,0.13420118338933018,1,2060,4,0.14795918367346939,30,2,1,0.3971571172349599,3,0.2553191489361702,2966,21378,0,0.16122448979591836,0.10436432637571158,18,3,4,80,0,5,2,3,4,2,0,0,0
36,0.2490974729235817,884,0.1383975026014568,23,2,0.13577586206896552,1,2061,3,0.17006802721088435,41,4,2,0.23938223937897848,4,0.12481426448736999,2571,12290,4,0.16122448979591836,0.10436432637571158,17,3,3,80,1,17,3,3,5,2,0,3,0
39,0.14956855225311602,613,0.1383975026014568,6,1,0.13577586206896552,1,2062,4,0.17006802721088435,42,2,3,0.06870368828064846,1,0.12481426448736999,9991,21457,4,0.16122448979591836,0.10436432637571158,15,3,1,80,1,9,5,3,7,7,1,7,0
27,0.14956855225311602,155,0.1383975026014568,4,3,0.14686468646864687,1,2064,2,0.17006802721088435,87,4,2,0.06896586105729074,2,0.12481426448736999,6142,5174,1,0.16122448979591836,0.30528846153846156,20,4,2,80,1,6,0,3,6,2,0,3,0
49,0.2490974729235817,1023,0.2062780269058296,2,3,0.13577586206896552,1,2065,4,0.17006802721088435,63,2,2,0.17484662576687046,2,0.12481426448736999,5390,13243,2,0.16122448979591836,0.10436432637571158,14,3,4,80,0,17,3,2,9,6,0,8,0
34,0.14956855225311602,628,0.1383975026014568,8,3,0.13577586206896552,1,2068,2,0.17006802721088435,82,4,2,0.23938223937897848,3,0.12481426448736999,4404,10228,2,0.16122448979591836,0.10436432637571158,12,3,1,80,0,6,3,4,4,3,1,2,0
